season_id,archetype,matches_played,matches_won,match_win_rate
Season-4,Control,76630,36932,0.4819522380268824
Season-4,Aggro-Control (Tempo),23393,12583,0.5378959517804471
Season-4,Control-Aggro (Midrange),32597,12177,0.37356198423167775
Season-4,Aggro,76874,41815,0.5439420350183417
Season-4,Combo,102602,49648,0.4838892029395139
Season-4,Combo-Control,42047,24565,0.5842271743525103
Season-4,Aggro-Combo,21868,11745,0.5370861532833364
