season_id,archetype,games_played,games_won,game_win_rate
Season-4,Combo,646,175,0.2708978328173375
Season-4,Combo-Control,441,71,0.16099773242630386
Season-4,Aggro,646,137,0.21207430340557276
Season-4,Control-Aggro (Midrange),466,42,0.09012875536480687
Season-4,Control,646,118,0.1826625386996904
Season-4,Aggro-Control (Tempo),327,37,0.11314984709480122
Season-4,Aggro-Combo,313,40,0.12779552715654952
