"card_id","card_name","v0_coef","v0_se","v0_z","v0_p","v0_or","v0_or_lower","v0_or_upper","v0_aic","v0_converged","v0_separation","v0_win_rate_lift","v0_win_rate_lift_mean","v1_coef","v1_se","v1_z","v1_p","v1_or","v1_or_lower","v1_or_upper","v1_aic","v1_converged","v1_separation","v1_win_rate_lift","v1_win_rate_lift_mean","n_games","v0_p_adj","v0_significant_raw","v0_significant_fdr","v1_p_adj","v1_significant_raw","v1_significant_fdr","best_aic","aic_improvement","or_range","or_cv","confidence","v1_win_rate_lift_pct","v1_win_rate_lift_mean_pct"
"661fc907-7003-45c6-820c-9616e9a71c30","Seething Landscape",0.577446442506493,0.313958727334754,1.83924316233706,0.0658794287922867,1.78148349704918,0.962797024956057,3.29631622034085,2185.30004148408,TRUE,FALSE,NA,NA,0.712804978584392,0.324321608239423,2.19783375660305,0.0279609549244482,2.03970456967966,1.08018748839506,3.85154871378264,2181.23074531021,TRUE,FALSE,0.157553564880818,0.175654522164025,51,0.53435536687077,FALSE,FALSE,0.709731085441539,TRUE,FALSE,2181.23074531021,4.06929617386095,0.258221072630482,0.1351522448627,"low",15.7553564880818,17.5654522164025
"3a2d7cf9-dddb-4de3-b4f2-c52e3ec8fb4b","Brain Freeze",0.463617610202966,0.22740097863981,2.03876699641346,0.0414732876544889,1.58981492518573,1.01807306849371,2.48264252789134,2184.61285684104,TRUE,FALSE,NA,NA,0.610355144296325,0.236934434103558,2.57605082437935,0.00999359555884599,1.84108513357391,1.15715412872993,2.92925063732628,2179.54356222841,TRUE,FALSE,0.135678399228913,0.151347841191341,90,0.436181900978491,TRUE,FALSE,0.614629266185465,TRUE,FALSE,2179.54356222841,5.06929461262735,0.251270208388177,0.146474804911116,"low",13.5678399228913,15.1347841191341
"bd8fa327-dd41-4737-8f19-2cf5eb1f7cdd","Black Lotus",0.506812006218964,0.189420667581561,2.67558980067864,0.00745978855323197,1.65999071041784,1.14516358724689,2.40626683328122,2181.50522951114,TRUE,FALSE,NA,NA,0.603308416049558,0.191567829688514,3.14932009738027,0.00163650834434261,1.82815711058735,1.25587867853827,2.66121121259982,2176.11715771091,TRUE,FALSE,0.134588920969719,0.149537692713676,139,0.257880963623342,TRUE,FALSE,0.492324169837328,TRUE,FALSE,2176.11715771091,5.3880718002315,0.168166400169511,0.0964216018351251,"medium",13.4588920969719,14.9537692713676
"2b5801fb-2026-4f25-98bc-ebb2f99684b9","Undercity Sewers",0.382332691862047,0.238363213779745,1.60399201621495,0.108715812436265,1.46569963036653,0.918641613471272,2.33853482680681,2186.2027233423,TRUE,FALSE,NA,NA,0.561950045942946,0.245091094350326,2.29282115465081,0.0218583035805958,1.75408972289038,1.08499079275498,2.83581277969837,2180.88279116479,TRUE,FALSE,0.125750652684871,0.139498706622945,90,0.621690847883504,FALSE,FALSE,0.709731085441539,TRUE,FALSE,2180.88279116479,5.31993217751096,0.288390092523849,0.179135999833116,"low",12.5750652684871,13.9498706622945
"63af3c26-5b1f-46f6-9aa2-036c615bf5ea","Flash",0.409776213714385,0.238728646463188,1.71649368345735,0.0860717230832051,1.50648061768575,0.943525456747155,2.40532339136561,2185.82769326516,TRUE,FALSE,NA,NA,0.554751719554147,0.249492043317571,2.22352469512633,0.0261804400752564,1.74150854857467,1.06795682602611,2.83986388854684,2181.23247073573,TRUE,FALSE,0.123989015063953,0.137756199211116,84,0.573650450907332,FALSE,FALSE,0.709731085441539,TRUE,FALSE,2181.23247073573,4.59522252942179,0.235027930888919,0.144722115042962,"low",12.3989015063953,13.7756199211116
"0e51d796-7279-4c06-87f0-37adbdaa41df","Underworld Breach",0.411494586375726,0.237934818868286,1.72944249325492,0.0837299303526244,1.50907153824001,0.946619881557592,2.40571421738887,2185.82066102773,TRUE,FALSE,NA,NA,0.539028237067298,0.247044294392229,2.18190927417854,0.0291162292465332,1.71434012029408,1.05635195456032,2.78218072618911,2181.49248129018,TRUE,FALSE,0.120282107947818,0.133920430103262,81,0.573650450907332,FALSE,FALSE,0.709731085441539,TRUE,FALSE,2181.49248129018,4.32817973754982,0.205268582054072,0.127361071931732,"low",12.0282107947818,13.3920430103262
"2ef878cb-27b6-47d8-ad11-bd20529b0e7e","Cast into the Fire",0.615330352969559,0.288404462932978,2.13356737517809,0.0328782109683848,1.85026774004914,1.0513316572446,3.25633750898271,2184.13137186442,TRUE,FALSE,NA,NA,0.518892089619417,0.293382678081301,1.7686527814557,0.0769518367034868,1.68016514573961,0.9454086988574,2.98596249470726,2183.07176820724,TRUE,FALSE,0.116263690012145,0.128811180490238,58,0.404079242397505,TRUE,FALSE,0.732970009144163,FALSE,FALSE,2183.07176820724,1.05960365718011,0.17010259430953,0.096363590422157,"low",11.6263690012145,12.8811180490238
"2e139ad1-1079-49e9-babd-6399c44ad333","Seasoned Pyromancer",0.746883692442346,0.292455628609048,2.55383593058068,0.0106543447495942,2.11041306227983,1.18966369789135,3.74378347539366,2182.01027626885,TRUE,FALSE,NA,NA,0.515372191355265,0.303509605170591,1.69804244272795,0.0894997515504103,1.67426153151568,0.923571892252796,3.03512016706759,2183.31292741272,TRUE,FALSE,0.115569631197002,0.127897828217936,56,0.257880963623342,TRUE,FALSE,0.739639456209051,FALSE,FALSE,2182.01027626885,-1.30265114387203,0.43615153076415,0.230482975460645,"low",11.5569631197002,12.7897828217936
"bce84a87-093a-42de-9696-8c3250e0f33b","Goblin Rabblemaster",0.637241068702972,0.293689831978425,2.16977572703227,0.0300238400419566,1.89125582994322,1.06354641467023,3.36313353602276,2184.0034805505,TRUE,FALSE,NA,NA,0.463111238630488,0.300077479673067,1.54330554607112,0.12275665861792,1.58901009189167,0.882461054939417,2.86126289426666,2183.85457248154,TRUE,FALSE,0.104049346830371,0.115159455324315,55,0.392796096530991,TRUE,FALSE,0.758707358299044,FALSE,FALSE,2183.85457248154,0.148908068960282,0.302245738051554,0.173691174662999,"low",10.4049346830371,11.5159455324315
"24e58478-c6a8-4f86-854a-a489c99bd777","Usher of the Fallen",0.589333434527045,0.223307344202737,2.63911353489565,0.00831231375670634,1.80278633968213,1.16375406182107,2.79271943546111,2181.81977810436,TRUE,FALSE,NA,NA,0.450963952266857,0.234700357736111,1.92144552576228,0.0546755637431018,1.56982469245165,0.990992067826167,2.4867500407311,2182.57212358027,TRUE,FALSE,0.10122457702955,0.112185694156271,94,0.257880963623342,TRUE,FALSE,0.709731085441539,FALSE,FALSE,2181.81977810436,-0.752345475909351,0.232961647230484,0.138149134312174,"low",10.122457702955,11.2185694156271
"eeeffc0b-dc92-458e-ad58-86ff6077a508","Sentinel of the Nameless City",0.481176905185358,0.242488473696658,1.98432897799212,0.0472191777717538,1.61797748819298,1.00591693304241,2.60245261443364,2184.78931805087,TRUE,FALSE,NA,NA,0.44358283408116,0.253428790860284,1.75032533823558,0.0800621910852717,1.55828028858292,0.948249528158629,2.56075788669401,2183.14813454406,TRUE,FALSE,0.0998968491537984,0.110398143911338,81,0.436181900978491,TRUE,FALSE,0.732970009144163,FALSE,FALSE,2183.14813454406,1.64118350680656,0.0596971996100597,0.0375896440437249,"low",9.98968491537984,11.0398143911338
"311a6257-dd77-4bb6-81cb-c8e7862350f3","Necromancy",0.282512340136335,0.210931321904953,1.33935698873417,0.180454484466195,1.32645814367009,0.877294051093109,2.0055888954409,2187.02652233048,TRUE,FALSE,NA,NA,0.437558191443648,0.225254674834911,1.94250437538903,0.0520760707735628,1.54892042992759,0.996066784203024,2.40862815254569,2182.48759462659,TRUE,FALSE,0.0982979545001835,0.108924398669248,104,0.697412217356879,FALSE,FALSE,0.709731085441539,FALSE,FALSE,2182.48759462659,4.53892770389575,0.222462286257497,0.15473599775709,"medium",9.82979545001835,10.8924398669248
"8a720448-017f-4f4a-9501-678245eaed17","Mishra's Bauble",0.370266335636627,0.215886345000091,1.71509844977213,0.0863271785076584,1.44812024933544,0.948502455710954,2.21090862117323,2185.85119365331,TRUE,FALSE,NA,NA,0.432083809920872,0.219623185722398,1.96738704294647,0.0491386069724693,1.54046421593513,1.00162368265252,2.36918319891591,2182.36305824118,TRUE,FALSE,0.0972295277664783,0.10759990045217,99,0.573650450907332,FALSE,FALSE,0.709731085441539,TRUE,FALSE,2182.36305824118,3.48813541212758,0.092343966599697,0.0617977960287207,"low",9.72295277664783,10.759990045217
"1dd64b1d-bcef-476c-bf0b-3ac7df7cbed3","Nissa, Ascended Animist",0.366331972076734,0.26565960333758,1.37895249211536,0.167909402085873,1.44243401099544,0.856962729811403,2.42789540746339,2186.90611616198,TRUE,FALSE,NA,NA,0.424311919272648,0.334017626296723,1.27032792843008,0.203967843847687,1.52853829998801,0.79424553439243,2.94169653256852,2184.6677713228,TRUE,FALSE,0.0955130851351867,0.10563852102196,64,0.679147373525965,FALSE,FALSE,0.835216377686069,FALSE,FALSE,2184.6677713228,2.2383448391779,0.0861042889925721,0.0579637101794932,"low",9.55130851351867,10.563852102196
"66d80dd1-b944-4cb2-8578-b4dbcabbbc1e","Ophiomancer",0.305370638989212,0.284404778098727,1.07371838486907,0.282948918819038,1.35712791431959,0.777195986079017,2.3697963046842,2187.67359170508,TRUE,FALSE,NA,NA,0.421664945584369,0.310192996131421,1.35936320562738,0.174031524477302,1.52449764943349,0.830013488736975,2.80006664309131,2184.43840175515,TRUE,FALSE,0.0947774858627541,0.104998550911418,57,0.733323233388985,FALSE,FALSE,0.822695631298668,FALSE,FALSE,2184.43840175515,3.23518994993947,0.167369735113902,0.116163416384963,"low",9.47774858627541,10.4998550911418
"b6cb2549-e485-44d6-9d65-7605c568909e","Unearth",0.411717877213782,0.229266198072133,1.7958071476557,0.0725251935848785,1.50940853771152,0.96305585193747,2.36571339983338,2185.58087057497,TRUE,FALSE,NA,NA,0.419756158908973,0.231957442940692,1.80962573818465,0.0703538457737848,1.52159048409549,0.965720881319758,2.39741901213313,2182.98534349319,TRUE,FALSE,0.0944078283463364,0.104533434749109,90,0.567250621253157,FALSE,FALSE,0.719167269310785,FALSE,FALSE,2182.98534349319,2.59552708177716,0.0121819463839739,0.00803823841336067,"low",9.44078283463364,10.4533434749109
"09521f23-52d6-482d-9f3b-c4d12fcc08cc","Tidehollow Sculler",0.279983928773005,0.221042933833455,1.26664953236623,0.205280632958472,1.32310854818875,0.857906447024893,2.04056775230102,2187.21169095012,TRUE,FALSE,NA,NA,0.417812819579595,0.229853708901065,1.8177336427468,0.0691048530991081,1.51863638879902,0.96782842930682,2.38291871942254,2182.94781849236,TRUE,FALSE,0.0940563217846271,0.104054004302709,96,0.702121447143028,FALSE,FALSE,0.719167269310785,FALSE,FALSE,2182.94781849236,4.26387245776505,0.195527840610273,0.13761111214825,"low",9.40563217846271,10.4054004302709
"0d16e8e0-31b2-4389-afd6-783c501f6fa0","Ajani, Nacatl Pariah // Ajani, Nacatl Avenger",0.51349487101653,0.186501413554305,2.75330283685498,0.00589972944566503,1.67112135477129,1.15945735754728,2.40858067284183,2181.12066387928,TRUE,FALSE,NA,NA,0.416123034822313,0.196197041734925,2.12094449102103,0.0339264739785105,1.51607238709298,1.03208067042609,2.22703084048351,2181.73294234174,TRUE,FALSE,0.0938297560957224,0.103637923749664,142,0.257880963623342,TRUE,FALSE,0.709731085441539,TRUE,FALSE,2181.12066387928,-0.612278462459471,0.155048967678318,0.097294974975463,"medium",9.38297560957224,10.3637923749664
"4acf970d-d2d7-413d-aba7-587ee53d8d5c","Stomping Ground",0.472288347264053,0.200177436293778,2.35934856599386,0.0183070510327246,1.60365972796055,1.0832226921429,2.37414203167676,2183.12911331304,TRUE,FALSE,NA,NA,0.410399032335778,0.204854612110316,2.00336730575915,0.0451378780310584,1.50741917411209,1.00892357238383,2.25221476500136,2182.19071131007,TRUE,FALSE,0.0927560950120867,0.102224205594724,126,0.299953233615213,TRUE,FALSE,0.709731085441539,TRUE,FALSE,2182.19071131007,0.938402002971543,0.0962405538484645,0.0618695680037866,"medium",9.27560950120867,10.2224205594724
"9721f8da-39ed-4ada-a571-61e08a86032b","Broadside Bombardiers",0.557753523785846,0.19630136872366,2.84131245447918,0.00449282693077488,1.74674407037972,1.18886948276143,2.56640017398694,2180.59695300683,TRUE,FALSE,NA,NA,0.405606860810716,0.212271183494009,1.91079568189322,0.0560308428552644,1.50021264412491,0.989609697203539,2.27426831401527,2182.58457741014,TRUE,FALSE,0.0915266910454241,0.101030311611222,126,0.237281502491055,TRUE,FALSE,0.709731085441539,FALSE,FALSE,2180.59695300683,-1.9876244033162,0.246531426254805,0.151853842186139,"medium",9.15266910454242,10.1030311611222
"a6539e26-b63b-4725-9407-caaf451de084","Troll of Khazad-dûm",0.231454981406673,0.185303448129905,1.24905922551648,0.211643412628628,1.26043258239851,0.876569068899032,1.81239602347269,2187.25696308714,TRUE,FALSE,NA,NA,0.401608107403248,0.195000523137451,2.05952323071546,0.0394441419450494,1.49422564195265,1.01959662363488,2.18979762909489,2181.99179331113,TRUE,FALSE,0.0906257619905246,0.100002948204128,145,0.702121447143028,FALSE,FALSE,0.709731085441539,TRUE,FALSE,2181.99179331113,5.26516977601386,0.233793059554145,0.169743787078496,"medium",9.06257619905246,10.0002948204128
"24c0d87b-0049-4beb-b9cb-6f813b7aa7dc","Fable of the Mirror-Breaker // Reflection of Kiki-Jiki",0.506637231336337,0.200245523026159,2.53008019195592,0.0114036459779932,1.65970061108804,1.12092698280908,2.45743581936344,2182.32316132662,TRUE,FALSE,NA,NA,0.389164728705074,0.206461582323171,1.88492563277908,0.0594398788647498,1.47574762930754,0.984619533682709,2.21185035529532,2182.69018425128,TRUE,FALSE,0.0878251458676435,0.0969843131972102,121,0.257880963623342,TRUE,FALSE,0.709731085441539,FALSE,FALSE,2182.32316132662,-0.367022924666344,0.183952981780507,0.117337597483222,"medium",8.78251458676435,9.69843131972102
"758f95f8-bcb0-43ae-b474-56ebd855951e","Lion's Eye Diamond",0.248658899865254,0.216713379722919,1.14740908098604,0.251212589831285,1.28230456420407,0.838534692252523,1.96092661468968,2187.50726536489,TRUE,FALSE,NA,NA,0.389133805607903,0.227386095091984,1.71133509923061,0.0870192704920011,1.47570199532577,0.945025903481642,2.30437744720589,2183.34366309087,TRUE,FALSE,0.0876230596260131,0.0969375064429883,98,0.723888910171728,FALSE,FALSE,0.732970009144163,FALSE,FALSE,2183.34366309087,4.16360227402083,0.193397431121699,0.140244359066838,"low",8.76230596260132,9.69375064429883
"4ced112a-e775-4f97-97b3-74877e9dce12","Dragon's Rage Channeler",0.491538912538124,0.226630558344926,2.16889953467799,0.0300903120905185,1.63483014571225,1.04848159565464,2.54908585558988,2184.02228701198,TRUE,FALSE,NA,NA,0.386941506772033,0.230974103013762,1.67525926813093,0.0938833734401519,1.47247035920969,0.936348319853157,2.31555812380925,2183.4264031033,TRUE,FALSE,0.0873960569635145,0.0964331256411672,95,0.392796096530991,TRUE,FALSE,0.748510104331429,FALSE,FALSE,2183.4264031033,0.595883908679298,0.162359786502559,0.104502146635243,"low",8.73960569635145,9.64331256411672
"4a1f905f-1d55-4d02-9d24-e58070793d3f","Atraxa, Grand Unifier",0.237519945196586,0.19379674176685,1.2256137179145,0.22034407310487,1.26810028904805,0.867342214795255,1.85402983465222,2187.31287464016,TRUE,FALSE,NA,NA,0.386048563216183,0.206154676984859,1.87261608061667,0.0611214191546499,1.47115611315236,0.982146689303361,2.20364262572701,2182.73012664274,TRUE,FALSE,0.0871967310038026,0.0961473339324869,131,0.702121447143028,FALSE,FALSE,0.709731085441539,FALSE,FALSE,2182.73012664274,4.58274799742412,0.203055824104311,0.148256164659284,"medium",8.71967310038026,9.61473339324869
"2424f2c4-366b-42cf-bf4b-a8a5bfdd2c4b","Life // Death",0.199268286897074,0.23398020625514,0.851645915209535,0.394410647366112,1.22050936865034,0.771566112525529,1.93067463018467,2188.09981654675,TRUE,FALSE,NA,NA,0.382853294637128,0.248226083806733,1.54235722840157,0.122986809221991,1.46646287631827,0.901522904444261,2.38542288500738,2183.89276211215,TRUE,FALSE,0.0862622987292548,0.0953936944583811,88,0.820459584162591,FALSE,FALSE,0.758707358299044,FALSE,FALSE,2183.89276211215,4.20705443460429,0.245953507667932,0.183071118898591,"low",8.62622987292548,9.53936944583811
"605c2218-9d12-4ac3-a721-fca590b89847","Karakas",0.368408233511106,0.186328741244682,1.97719488174571,0.0480196059381481,1.44543199232361,1.00320903864701,2.08259053093296,2184.88091994735,TRUE,FALSE,NA,NA,0.375309202628545,0.193219100843883,1.94240217964675,0.0520884316492394,1.45544137134843,0.996605539227189,2.12552459529296,2182.47452870623,TRUE,FALSE,0.0847246083054077,0.093550891854467,139,0.436181900978491,TRUE,FALSE,0.709731085441539,FALSE,FALSE,2182.47452870623,2.4063912411184,0.0100093790248146,0.00690094173028243,"medium",8.47246083054077,9.3550891854467
"773199f9-c83b-4a77-8342-9f1552ecf595","Intrepid Adversary",0.519947048664659,0.220723270533067,2.35565125239826,0.0184902678255953,1.68193858644678,1.09125612220049,2.59234963362603,2183.25530612887,TRUE,FALSE,NA,NA,0.374237862312813,0.237539344094584,1.57547737508191,0.115146296794505,1.45388293328794,0.912708020246602,2.31593843465387,2183.79603549505,TRUE,FALSE,0.084351414477411,0.0932818824626707,96,0.299953233615213,TRUE,FALSE,0.756852318869867,FALSE,FALSE,2183.25530612887,-0.540729366182859,0.228055653158843,0.145451934508145,"low",8.4351414477411,9.32818824626707
"bb41ff5c-9617-4033-a4fa-99323640b9c3","Duress",0.256743974831647,0.19930181434194,1.28821694714306,0.197670454271452,1.2927141170383,0.874688390426912,1.91052014257843,2187.15062985538,TRUE,FALSE,NA,NA,0.373260031350191,0.205987687399552,1.81205020582702,0.0699784392975798,1.4524619763808,0.969983870519928,2.17492873536258,2182.95226105811,TRUE,FALSE,0.0844331308568541,0.0929983109312107,126,0.702121447143028,FALSE,FALSE,0.719167269310785,FALSE,FALSE,2182.95226105811,4.19836879726472,0.159747859342491,0.116384416814242,"medium",8.44331308568541,9.29983109312107
"f1e5cafb-b0e6-4ee5-8c58-6f8e5ef2b9da","Virtue of Persistence // Locthwain Scorn",0.309419127298151,0.262968818638567,1.17663808545844,0.239339989740748,1.36263336767658,0.813833273854401,2.28151115757623,2187.42665542514,TRUE,FALSE,NA,NA,0.37159958892449,0.268451604357548,1.38423307178139,0.16628709985169,1.45005224805472,0.856787323080012,2.45411138265895,2184.34055029744,TRUE,FALSE,0.0838954582732211,0.0926284475959325,68,0.70877212682291,FALSE,FALSE,0.822695631298668,FALSE,FALSE,2184.34055029744,3.08610512770929,0.0874188803781419,0.0621604347739469,"low",8.38954582732211,9.26284475959325
"3277ad99-5682-4baa-b106-de15721876a6","Glorybringer",0.543459635879298,0.263785375757656,2.0602341366285,0.0393761629534416,1.72195390245963,1.02679294527105,2.88775381234553,2184.51928875848,TRUE,FALSE,NA,NA,0.371228374234717,0.274198929147065,1.35386514961775,0.175779403855705,1.44951406725579,0.846875548792573,2.48099149180543,2184.43116675318,TRUE,FALSE,0.0837776008007482,0.0925366431081024,68,0.436181900978491,TRUE,FALSE,0.822695631298668,FALSE,FALSE,2184.43116675318,0.0881220053024663,0.272439835203843,0.171806770748051,"low",8.37776008007482,9.25366431081024
"b7f16fdf-a3f5-462d-a64a-789d893b6ef5","Batterskull",0.314236182426203,0.291084359189705,1.07953647286631,0.280348643720785,1.36921308242936,0.773918149034656,2.42240664265875,2187.65155438933,TRUE,FALSE,NA,NA,0.363053502574013,0.292843678382779,1.23975188598561,0.215067179329267,1.43771277851784,0.80983876469968,2.55238218224838,2184.73124006458,TRUE,FALSE,0.0819353815566542,0.0905122908597747,55,0.732551165266679,FALSE,FALSE,0.835216377686069,FALSE,FALSE,2184.73124006458,2.92031432474732,0.0684996960884812,0.0488076276196092,"low",8.19353815566542,9.05122908597747
"819a513c-3be6-4bdc-8ba6-1f7326a8f3ea","Fiery Confluence",0.391140472298619,0.210038901276134,1.86222871059677,0.0625708591540129,1.47866621046644,0.979673648804022,2.23181848837558,2185.29571110483,TRUE,FALSE,NA,NA,0.362354110240518,0.216368174393259,1.67471076213789,0.0939909948361383,1.43670760476916,0.940139028899337,2.19555691036262,2183.43300972827,TRUE,FALSE,0.0819965077218975,0.0903410550657512,112,0.517095024706748,FALSE,FALSE,0.748510104331429,FALSE,FALSE,2183.43300972827,1.86270137656493,0.0419586056972776,0.0287843743934339,"medium",8.19965077218975,9.03410550657512
"6989018c-37b1-4282-a4af-9cc97f160b4d","Oliphaunt",0.464327841510455,0.186732573071709,2.48659263819036,0.0128972985988238,1.59094446258765,1.10332902765958,2.29406117267427,2182.53810136701,TRUE,FALSE,NA,NA,0.36024945533643,0.189189742031777,1.90417012818762,0.0568880307849529,1.43368701083196,0.989493147631008,2.07728416305797,2182.60465946614,TRUE,FALSE,0.0814997044129695,0.0898170715857289,143,0.257880963623342,TRUE,FALSE,0.709731085441539,FALSE,FALSE,2182.53810136701,-0.0665580991344541,0.157257451755686,0.103984537050323,"medium",8.14997044129695,8.98170715857289
"55d35442-5ca0-4fd7-8ff1-b7347b3e6690","Piggy Bank",0.485503902767966,0.246516696266761,1.96945647138882,0.0489006964167829,1.62499364136512,1.0023338973934,2.63445578498747,2184.88658508451,TRUE,FALSE,NA,NA,0.358486431251868,0.256138141674803,1.39958238514515,0.161638411856599,1.43116161292494,0.866282400129367,2.36438321037578,2184.30286325131,TRUE,FALSE,0.0809742698789077,0.0893824236352878,76,0.436181900978491,TRUE,FALSE,0.822695631298668,FALSE,FALSE,2184.30286325131,0.58372183319716,0.193832028440184,0.12684697753368,"low",8.09742698789077,8.93824236352878
"24a5cc2c-0fbf-4a5f-b175-6e0ffd0d0787","Misty Rainforest",0.388362225887566,0.203635322996301,1.90714567675776,0.0565017257544575,1.47456381274868,0.989294706732632,2.19786725135644,2185.13604286979,TRUE,FALSE,NA,NA,0.356506153505249,0.20677820864161,1.72409924550197,0.0846899282821011,1.42833031972974,0.95239145599804,2.14211025247109,2183.26841355608,TRUE,FALSE,0.080657979061828,0.0888826498337635,121,0.475918382316392,FALSE,FALSE,0.732970009144163,FALSE,FALSE,2183.26841355608,1.86762931371231,0.0462334930189376,0.0318533786690075,"medium",8.06579790618281,8.88826498337635
"0e9aeaa8-9a75-4719-992f-cbb316f72175","Savannah",0.315516238474327,0.251287564175719,1.25559830033489,0.20926164792493,1.37096687415308,0.837773595606806,2.2435060974483,2187.23958950919,TRUE,FALSE,NA,NA,0.356322429677107,0.264228586475027,1.34853853033341,0.177485236206164,1.42806792552032,0.850810716609958,2.39698203147439,2184.44934376065,TRUE,FALSE,0.080443593765396,0.0888456881622872,75,0.702121447143028,FALSE,FALSE,0.822695631298668,FALSE,FALSE,2184.44934376065,2.79024574853156,0.0571010513672474,0.0408005297925629,"low",8.0443593765396,8.88456881622872
"a9738cda-adb1-47fb-9f4c-ecd930228c4d","Ragavan, Nimble Pilferer",0.50191862511126,0.198955813150918,2.52276431214669,0.0116436410847189,1.65188758524556,1.11847397212267,2.43969252955414,2182.37010892876,TRUE,FALSE,NA,NA,0.350344548907058,0.212049541256561,1.65218253635915,0.0984973453978916,1.4195565710074,0.936812098609207,2.15106194858282,2183.5274413338,TRUE,FALSE,0.0792000496221941,0.0873625290092474,122,0.257880963623342,TRUE,FALSE,0.756852318869867,FALSE,FALSE,2182.37010892876,-1.15733240504142,0.232331014238164,0.151284543959672,"medium",7.92000496221941,8.73625290092474
"5ad36fb2-c44e-4085-ba0d-54277841ad3a","Lurrus of the Dream-Den",0.222348515073302,0.240669989113764,0.923873042468118,0.355552419975149,1.24900659964583,0.779295740780958,2.00182986294202,2187.97205424145,TRUE,FALSE,NA,NA,0.347827520779624,0.253645600017394,1.37131304763722,0.170277390051279,1.41598800017031,0.861295304147098,2.3279147198089,2184.39811545759,TRUE,FALSE,0.0784919600575165,0.086738291474958,84,0.794550816066915,FALSE,FALSE,0.822695631298668,FALSE,FALSE,2184.39811545759,3.57393878385801,0.166981400524478,0.125314625805244,"low",7.84919600575165,8.6738291474958
"56995b84-2307-4955-9c7c-dc4f04acdc07","Inquisition of Kozilek",0.353062734461216,0.179197642114357,1.97024207626518,0.0488106334006277,1.42342043814692,1.00183704121363,2.02241049230911,2184.91578138791,TRUE,FALSE,NA,NA,0.346120742467237,0.181586954200236,1.90608815479976,0.0566387692571271,1.41357328383994,0.99025807523934,2.01784714383984,2182.6216050496,TRUE,FALSE,0.0781841683296164,0.0862902415775131,149,0.436181900978491,TRUE,FALSE,0.709731085441539,FALSE,FALSE,2182.6216050496,2.29417633830963,0.00984715430697336,0.00694196411550535,"medium",7.81841683296164,8.62902415775131
"06c0c35d-a26e-473a-9206-8fbda7191700","Entomb",0.167489447172859,0.215016650552276,0.778960358384608,0.436003066760176,1.18233281316529,0.775735871971096,1.80204491193032,2188.21956867473,TRUE,FALSE,NA,NA,0.337545584678023,0.229503615769482,1.47076368947956,0.141355035360843,1.40150349402138,0.893792617468284,2.19761497842517,2184.11297461222,TRUE,FALSE,0.0761910648073566,0.0841123717686476,104,0.849956762559716,FALSE,FALSE,0.793762890872427,FALSE,FALSE,2184.11297461222,4.10659406250488,0.219170680856095,0.169647496822066,"medium",7.61910648073566,8.41123717686476
"0cb33b46-4d1b-4f97-bfdc-d815aee111da","Mana Crypt",0.391792993952226,0.183982597154692,2.12951116035615,0.0332119925258223,1.47963138705229,1.03167851652055,2.12208455104209,2184.22911613878,TRUE,FALSE,NA,NA,0.333883167023046,0.189358279655541,1.7632351098162,0.0778608444753403,1.39637999081259,0.963426516682276,2.02389808146086,2183.14372365694,TRUE,FALSE,0.0756040361146846,0.0832544822610547,144,0.404079242397505,TRUE,FALSE,0.732970009144163,FALSE,FALSE,2183.14372365694,1.0853924818316,0.0832513962396972,0.0578936487389713,"medium",7.56040361146846,8.32544822610547
"ce648aa3-098b-4af0-a433-fd290bc85904","Balance",0.272406771102042,0.284924688759165,0.956065872313006,0.33903895546101,1.313121032379,0.751228344980045,2.29528991710488,2187.90421821008,TRUE,FALSE,NA,NA,0.333037013876162,0.2971283280893,1.12085244788935,0.262350674795394,1.39519893923484,0.779319240339173,2.49779548519147,2185.01139281753,TRUE,FALSE,0.0752882155982375,0.0830646821078836,57,0.776440155235394,FALSE,FALSE,0.835216377686069,FALSE,FALSE,2185.01139281753,2.89282539254691,0.0820779068558453,0.0606116764016893,"low",7.52882155982375,8.30646821078837
"26d40e03-6de4-4373-9fbf-04c1dd79e995","Jetmir's Garden",0.381329083379826,0.216282558154472,1.76310603422526,0.0778826077004728,1.46422937968654,0.958309263959129,2.23723985248738,2185.66654195095,TRUE,FALSE,NA,NA,0.331896994672706,0.221961003335108,1.49529417188487,0.134837685457081,1.39360929193786,0.901994756739217,2.15316867871446,2184.01414986784,TRUE,FALSE,0.0751706074923692,0.0827839395699179,106,0.573650450907332,FALSE,FALSE,0.793762890872427,FALSE,FALSE,2184.01414986784,1.65239208310413,0.070620087748674,0.0494220254277219,"medium",7.51706074923692,8.27839395699179
"21c950d7-b4f6-4902-8c9a-98f2933f9fa5","Adanto Vanguard",0.497513197622099,0.196120670314868,2.536770840235,0.0111880163217459,1.64462632049993,1.11976258348493,2.41550822823823,2182.37323950625,TRUE,FALSE,NA,NA,0.331614111438657,0.209580924567111,1.58227239489284,0.113587399776824,1.39321511898945,0.923887931720584,2.10095651337917,2183.77528413713,TRUE,FALSE,0.0748598534128262,0.0827134154254008,125,0.257880963623342,TRUE,FALSE,0.756852318869867,FALSE,FALSE,2182.37323950625,-1.40204463088276,0.251411201510484,0.165519633936354,"medium",7.48598534128262,8.27134154254008
"75fdce80-e338-4a50-bdc6-786511feaeef","Ziatora's Proving Ground",0.172929762133386,0.258904411439166,0.667928990364146,0.50417892098974,1.1887826045976,0.715679466825912,1.97463270430479,2188.37828279422,TRUE,FALSE,NA,NA,0.330290592913915,0.266652617852846,1.23865497955166,0.215473297941091,1.39137239268071,0.825019267745073,2.34651142197594,2184.7323951785,TRUE,FALSE,0.0746782142644128,0.0823774864016227,68,0.876310981720262,FALSE,FALSE,0.835216377686069,FALSE,FALSE,2184.7323951785,3.64588761571849,0.202589788083104,0.157036913128712,"low",7.46782142644128,8.23774864016227
"02d6d693-f1f3-4317-bcc0-c21fa8490d38","Jace, Vryn's Prodigy // Jace, Telepath Unbound",0.148374767763982,0.18718782409253,0.792651810999407,0.427980713524644,1.15994752585593,0.80371273577711,1.67407856420036,2188.19699661125,TRUE,FALSE,NA,NA,0.320909779639311,0.201343191899428,1.59384470173497,0.110970822539393,1.37838121723319,0.928929086269796,2.04529582301121,2183.73090936752,TRUE,FALSE,0.0726149531635604,0.0799296870350409,143,0.849956762559716,FALSE,FALSE,0.756852318869867,FALSE,FALSE,2183.73090936752,4.46608724373118,0.218433691377258,0.172108275550965,"medium",7.26149531635604,7.99296870350409
"224d904a-5972-4152-878a-9a922e7a55b6","Titania, Protector of Argoth",0.279013515418437,0.278831072143742,1.00065431471927,0.316993961443917,1.32182520876961,0.765293861693339,2.28307316966166,2187.81711410508,TRUE,FALSE,NA,NA,0.313761074152819,0.285934959649698,1.09731623771088,0.272503175107843,1.36856271247618,0.781397382002278,2.39694160886592,2185.06738463262,TRUE,FALSE,0.0709808656857496,0.0782664459405672,62,0.742477834825858,FALSE,FALSE,0.835216377686069,FALSE,FALSE,2185.06738463262,2.74972947246169,0.0467375037065707,0.0347440629936584,"low",7.09808656857496,7.82664459405672
"0c9a7cb0-5bff-48ff-b620-2838816ac9b5","Counterspell",0.232450562056301,0.196786311243733,1.18123339264384,0.237510019220311,1.26168806955336,0.857914694598912,1.8554954179885,2187.42563984725,TRUE,FALSE,NA,NA,0.310235648503575,0.212309875089473,1.46123984281388,0.143949632423125,1.36374644107868,0.899522055038704,2.06754725483051,2184.13899170652,TRUE,FALSE,0.070185342027071,0.0773886175862059,119,0.70877212682291,FALSE,FALSE,0.795620643601502,FALSE,FALSE,2184.13899170652,3.28664814072954,0.10205837152532,0.0777458901465806,"medium",7.0185342027071,7.73886175862059
"cf3eb762-6c3f-4b11-a4f9-968f79370217","Mystic Confluence",0.229177250821467,0.218032022323193,1.05111739266333,0.293204676880177,1.25756492367178,0.820234082554325,1.92807098715612,2187.71613712313,TRUE,FALSE,NA,NA,0.307879527033104,0.223682840705214,1.37641102045396,0.168694417979876,1.36053707112599,0.877622404775096,2.10917714934868,2184.37472398304,TRUE,FALSE,0.0696639946529659,0.0767706010307633,97,0.742477834825858,FALSE,FALSE,0.822695631298668,FALSE,FALSE,2184.37472398304,3.34141314008502,0.102972147454206,0.0786616775502359,"low",6.96639946529659,7.67706010307633
"4cbdacc1-7a1b-4633-85f5-eb50c2bf406d","Snapcaster Mage",0.160493861684848,0.219592130829495,0.730872554852459,0.464857001137771,1.17409056618058,0.763450709712348,1.80560269321595,2188.29208912982,TRUE,FALSE,NA,NA,0.302223075732016,0.22557966256884,1.33976207026104,0.180322710624324,1.35286298395133,0.869433818165548,2.10509208993894,2184.48268907045,TRUE,FALSE,0.0683295416917618,0.0753758287179674,96,0.849956762559716,FALSE,FALSE,0.822695631298668,FALSE,FALSE,2184.48268907045,3.80940005937418,0.178772417770749,0.141492444735612,"low",6.83295416917618,7.53758287179674
"f5881bbc-8600-464d-9dcd-5a7780918d1d","Galvanic Blast",0.412792304531514,0.268645309915256,1.53656992806511,0.124398661372793,1.51103115901628,0.892478814466612,2.55828499960826,2186.43734969921,TRUE,FALSE,NA,NA,0.297275431335104,0.274045954679767,1.08476489529824,0.278025797193568,1.34618603020592,0.78674221373143,2.30344424932587,2185.09540344008,TRUE,FALSE,0.0672924203494903,0.0741677863344662,63,0.657696448118396,FALSE,FALSE,0.835216377686069,FALSE,FALSE,2185.09540344008,1.34194625913688,0.164845128810366,0.115388588191464,"low",6.72924203494903,7.41677863344662
"e7b3ddca-69ef-4743-897b-57c58077db24","Time Warp",0.223670839613706,0.214211692436712,1.0441579405372,0.296412322632915,1.25065928417551,0.82186093459579,1.90317921104704,2187.73384978369,TRUE,FALSE,NA,NA,0.294133010115846,0.226187096087663,1.30039695103495,0.193464954392153,1.34196238636918,0.861402246660027,2.09061800501713,2184.5885451256,TRUE,FALSE,0.066545259278225,0.0733665505401003,98,0.742477834825858,FALSE,FALSE,0.822695631298668,FALSE,FALSE,2184.5885451256,3.14530465809094,0.0913031021936674,0.0704330317307619,"low",6.6545259278225,7.33665505401003
"a3bb2881-e8fb-4fba-a9f9-d93e6ca24378","Laelia, the Blade Reforged",0.427065785356972,0.18986746049941,2.24928370682189,0.0244944517589744,1.532753491143,1.05646197165436,2.22377456798764,2183.69688009002,TRUE,FALSE,NA,NA,0.293018714501869,0.210487912431304,1.39209283382246,0.163894288020133,1.34046787638552,0.887330649004724,2.02501077770384,2184.33322049467,TRUE,FALSE,0.0664347550061306,0.0731066992503788,135,0.383163209658242,TRUE,FALSE,0.822695631298668,FALSE,FALSE,2183.69688009002,-0.636340404649218,0.192285614757475,0.133846710824704,"medium",6.64347550061306,7.31066992503788
"06cb1bd6-73e0-4104-b344-4bc52d7dcedf","Baleful Strix",0.180107095835554,0.229726471272827,0.784006713887387,0.433036170797708,1.19734558698165,0.763259815082561,1.87830726357494,2188.20802826355,TRUE,FALSE,NA,NA,0.291324268188078,0.232695326226582,1.25195582099662,0.210585962589427,1.33819844878823,0.848098434746778,2.11151797358747,2184.69730054788,TRUE,FALSE,0.0660535370390894,0.0726467124716657,95,0.849956762559716,FALSE,FALSE,0.835216377686069,FALSE,FALSE,2184.69730054788,3.51072771567033,0.140852861806576,0.111102674471049,"low",6.60535370390894,7.26467124716657
"18a3cca1-e50e-49b6-9e1a-f86640e3b177","Snuff Out",0.275636496680113,0.195720343184175,1.40831807361351,0.159036906217315,1.31736890900977,0.897649699919631,1.93333863151847,2186.83500681656,TRUE,FALSE,NA,NA,0.28754167850114,0.198125695151022,1.45130937348616,0.146693732350065,1.33314615453884,0.904127685090532,1.96573857727156,2184.16581406653,TRUE,FALSE,0.0650783280796799,0.0717053238763365,121,0.679147373525965,FALSE,FALSE,0.795620643601502,FALSE,FALSE,2184.16581406653,2.6691927500251,0.0157772455290712,0.0119050412095739,"medium",6.507832807968,7.17053238763365
"3003d481-1b52-4aa9-bbdc-e948fbc8d49d","Sylvan Library",0.346691053836356,0.230617112546141,1.50331885612778,0.132756839948171,1.41437969068444,0.900037826808276,2.22265092625572,2186.54330963609,TRUE,FALSE,NA,NA,0.287085818610487,0.273268019844438,1.05056500491318,0.293458420727167,1.33253856517694,0.779954651349153,2.27661829391274,2185.17396195154,TRUE,FALSE,0.0650436918751451,0.0716350852798238,86,0.674611845390516,FALSE,FALSE,0.835216377686069,FALSE,FALSE,2185.17396195154,1.36934768454876,0.0818411255074998,0.0595875944490646,"low",6.50436918751451,7.16350852798238
"5427d8a6-ac9e-4e50-bd39-81713b2ade25","Fatal Push",0.272721410655981,0.196058095243361,1.39102346331306,0.164218311861295,1.31353425719992,0.894444471174686,1.92898754527689,2186.87367354827,TRUE,FALSE,NA,NA,0.286889669392803,0.199762828140709,1.43615142047711,0.150959258952337,1.33227721441256,0.900643767838415,1.97077095231877,2184.2005021281,TRUE,FALSE,0.0650699450397037,0.0715447192317407,130,0.679147373525965,FALSE,FALSE,0.796628378567756,FALSE,FALSE,2184.2005021281,2.673171420166,0.0187429572126361,0.0141680217307496,"medium",6.50699450397037,7.15447192317407
"5f6927e1-c580-483a-8e2a-6e2deb74800e","Mox Jet",0.240648718618998,0.193941683714775,1.24083030532474,0.214668443408271,1.27207410086606,0.869813044798622,1.86036818804992,2187.27708493744,TRUE,FALSE,NA,NA,0.284636055156848,0.197648086901193,1.44011540723458,0.149834750774872,1.32927815614542,0.902348747904827,1.95820121711049,2184.19345674819,TRUE,FALSE,0.0645225498538023,0.0709966791274364,130,0.702121447143028,FALSE,FALSE,0.796628378567756,FALSE,FALSE,2184.19345674819,3.08362818924797,0.0572040552793538,0.0439802453705918,"medium",6.45225498538023,7.09966791274364
"2398892d-28e9-4009-81ec-0d544af79d2b","Ancestral Recall",0.235729711488826,0.178404978896345,1.32131800887568,0.186395351679305,1.26583212404427,0.892307881656482,1.79571535699971,2187.07612584075,TRUE,FALSE,NA,NA,0.28446674328588,0.183559934147918,1.5497213191232,0.121208418878815,1.32905311262557,0.927455255563725,1.90454705559469,2183.87434686341,TRUE,FALSE,0.0643802536921006,0.0709364548975907,149,0.697412217356879,FALSE,FALSE,0.758707358299044,FALSE,FALSE,2183.87434686341,3.20177897733583,0.0632209885812989,0.0487273870057035,"medium",6.43802536921006,7.09364548975906
"19557351-b65f-4b04-b971-66abdc07000a","Stoneforge Mystic",0.284052510504573,0.266660377867256,1.06522203552106,0.286775464163442,1.32850268926779,0.787728469692025,2.24051746673797,2187.68083547659,TRUE,FALSE,NA,NA,0.283047724171661,0.270583636091723,1.04606371715588,0.295531615436202,1.32716849832304,0.780909351915575,2.25554504965317,2185.17658693038,TRUE,FALSE,0.0641267644345999,0.0706290953369205,65,0.738868548844634,FALSE,FALSE,0.835216377686069,FALSE,FALSE,2185.17658693038,2.50424854620724,0.0013341909447504,0.00100478624837644,"low",6.41267644345999,7.06290953369205
"0ecbe097-ba51-42e5-957c-382eb66c08f0","Robber of the Rich",0.442000165657709,0.216572076971425,2.04089175224573,0.0412615878031209,1.555815998167,1.01767325069524,2.37852711417808,2184.63785033884,TRUE,FALSE,NA,NA,0.271457450977708,0.234366684906651,1.15825954992635,0.246758133217396,1.31187505166813,0.82869653578253,2.0767748830567,2184.93703281411,TRUE,FALSE,0.0614792214446289,0.0677395042396164,100,0.436181900978491,TRUE,FALSE,0.835216377686069,FALSE,FALSE,2184.63785033884,-0.299182475270754,0.243940946498871,0.1701305630625,"medium",6.14792214446289,6.77395042396164
"87cc2855-6b14-44dd-a398-7dc2bbae081f","Kaldra Compleat",0.399728876522897,0.270220255492641,1.47927058907612,0.139068010093453,1.49142028376754,0.878180764655179,2.53288907290819,2186.60635525879,TRUE,FALSE,NA,NA,0.268046996054028,0.274370693956308,0.976951992171266,0.328592920166526,1.30740858161551,0.76359360337266,2.23851691754896,2185.31774514839,TRUE,FALSE,0.0607602338942507,0.0668889989102722,63,0.674611845390516,FALSE,FALSE,0.835216377686069,FALSE,FALSE,2185.31774514839,1.28861011040181,0.184011702152037,0.131491928233242,"low",6.07602338942507,6.68889989102722
"107492bd-b32f-4692-917c-7771986b5bf7","Thespian's Stage",0.145864458539253,0.256689908813185,0.568251627863606,0.569864119567405,1.15703935061832,0.699599141663455,1.91358162003475,2188.50430582978,TRUE,FALSE,NA,NA,0.267104295488836,0.265051848463586,1.0077435680496,0.313577583428812,1.30617666756095,0.776935978703797,2.19593059614384,2185.26754200922,TRUE,FALSE,0.0604517066087723,0.066618164416908,71,0.90197116081787,FALSE,FALSE,0.835216377686069,FALSE,FALSE,2185.26754200922,3.23676382056237,0.149137316942626,0.121091545233506,"low",6.04517066087723,6.6618164416908
"926916ed-2f22-4ba9-9427-194886ad6c1e","Urza's Cave",0.181866610466414,0.302576057696712,0.601060810464749,0.547799484283588,1.19945418857382,0.662865972304342,2.17040911828059,2188.465034584,TRUE,FALSE,NA,NA,0.266286230780114,0.31298269206731,0.850801777635826,0.394879474025601,1.30510856747292,0.706692357514395,2.41025441237566,2185.55572119461,TRUE,FALSE,0.060306777412843,0.066425767886398,50,0.89094379935662,FALSE,FALSE,0.84504860800509,FALSE,FALSE,2185.55572119461,2.90931338939117,0.105654378899106,0.0843695201040786,"low",6.0306777412843,6.6425767886398
"95c14c4d-6c16-4826-8d93-d89ad04aee09","Etali, Primal Conqueror // Etali, Primal Sickness",0.113959254720807,0.212860661123529,0.535370200013959,0.592393892330991,1.12070646045623,0.738416211537437,1.70091467506284,2188.53955202409,TRUE,FALSE,NA,NA,0.256215681297821,0.226214897071714,1.13262072752263,0.257373560427795,1.29203136489184,0.829306460738432,2.01294108619128,2184.9916384956,TRUE,FALSE,0.0580991399902736,0.0638410892554309,103,0.911591210664896,FALSE,FALSE,0.835216377686069,FALSE,FALSE,2184.9916384956,3.54791352848906,0.17132490443561,0.142017008757173,"medium",5.80991399902736,6.38410892554309
"7c024bae-5631-4e20-ac69-df392ac9e109","Orcish Bowmasters",0.153736351085815,0.196493536031593,0.782399025386242,0.433980106404804,1.166183383261,0.793429190806607,1.71405803964875,2188.21207219309,TRUE,FALSE,NA,NA,0.253236222992728,0.200712659959884,1.26168535180263,0.207062029876598,1.28818754041218,0.869218635909679,1.90910211852109,2184.67839348087,TRUE,FALSE,0.0574709628399819,0.0631212295413334,126,0.849956762559716,FALSE,FALSE,0.835216377686069,FALSE,FALSE,2184.67839348087,3.53367871221508,0.122004157151181,0.0994178638399053,"medium",5.74709628399819,6.31212295413334
"b598c93e-dae1-4d71-a9e4-917abf76d2d0","Raucous Theater",0.197331814058151,0.261631044340378,0.754237000259896,0.450706923875785,1.21814817234242,0.729449577367911,2.03425297076119,2188.25676045725,TRUE,FALSE,NA,NA,0.251891495946424,0.262158432788922,0.960836900292411,0.336634181694348,1.28645644397284,0.769557940439719,2.1505465609173,2185.35603364914,TRUE,FALSE,0.0570708086144486,0.062835168148612,66,0.849956762559716,FALSE,FALSE,0.835216377686069,FALSE,FALSE,2185.35603364914,2.90072680811681,0.0683082716304229,0.0545461516643831,"low",5.70708086144486,6.2835168148612
"49bb0ad3-1082-41f1-82a4-52a4006cc9b6","Leovold, Emissary of Trest",0.115505301203377,0.28423602925722,0.406371076549379,0.684469968203447,1.12244046481769,0.643008512478554,1.95934046378923,2188.66090730337,TRUE,FALSE,NA,NA,0.25026159913974,0.288716483634853,0.866807450648547,0.386047519101003,1.28436136057155,0.729334569790542,2.26176596154348,2185.52123927964,TRUE,FALSE,0.0567785098994231,0.0624240240367543,60,0.944094612146471,FALSE,FALSE,0.84504860800509,FALSE,FALSE,2185.52123927964,3.13966802373716,0.161920895753861,0.134552744680318,"low",5.67785098994231,6.24240240367543
"261ac92e-c61a-4c11-aa6a-9ae1cb703e5c","Dreams of Steel and Oil",0.181388762188551,0.239261998310319,0.758117726465251,0.448380508590533,1.19888116837469,0.750087993625596,1.9161965903975,2188.24952882621,TRUE,FALSE,NA,NA,0.250072928083988,0.242911681234205,1.02948086651658,0.303253766277986,1.2841190616158,0.797691005927365,2.06716855543336,2185.21598898348,TRUE,FALSE,0.0567135420209657,0.0623887823672749,84,0.849956762559716,FALSE,FALSE,0.835216377686069,FALSE,FALSE,2185.21598898348,3.03353984272917,0.0852378932411104,0.0686571770808387,"low",5.67135420209657,6.23887823672749
"a24e8dba-5c86-4e32-8a52-61402f7fe9f0","Containment Priest",0.334044851248802,0.280375412103363,1.19141992067997,0.233488776428717,1.39660578168319,0.806145560623659,2.41954778975888,2187.39989575884,TRUE,FALSE,NA,NA,0.249790998775792,0.286196661986136,0.872794941220844,0.382774857458903,1.28375708184587,0.732600710564021,2.24956408235071,2185.51753824577,TRUE,FALSE,0.0566099691235556,0.0623337779054325,61,0.70877212682291,FALSE,FALSE,0.843390773167115,FALSE,FALSE,2185.51753824577,1.8823575130682,0.112848699837318,0.0842040466780213,"low",5.66099691235556,6.23337779054325
"b34bf7fd-9fe3-43e2-8cfe-7ce7cff08afe","Stonecoil Serpent",0.169957839993746,0.2272013491409,0.748049431204505,0.454430342291188,1.18525487991383,0.759301152952771,1.85016067063304,2188.2701605614,TRUE,FALSE,NA,NA,0.249435244658756,0.232909393510751,1.07095399158833,0.284190117297073,1.28330046120588,0.812965044037674,2.02574524674755,2185.14234940043,TRUE,FALSE,0.0564054417934182,0.0622286040777584,92,0.849956762559716,FALSE,FALSE,0.835216377686069,FALSE,FALSE,2185.14234940043,3.12781116097176,0.0980455812920575,0.0794355951101223,"low",5.64054417934182,6.22286040777584
"005dae9a-dddc-4a11-95bb-cce319edcce4","Skullclamp",0.326794188030409,0.207614082548606,1.57404634608012,0.115476735228656,1.3865160862063,0.922996890154655,2.08280967987521,2186.32739561308,TRUE,FALSE,NA,NA,0.24926520302145,0.212089607974774,1.17528249215821,0.239881716572361,1.28308226524603,0.846681719711326,1.94441436618022,2184.89383831393,TRUE,FALSE,0.0565351631453304,0.0621955236059434,108,0.648251578402804,FALSE,FALSE,0.835216377686069,FALSE,FALSE,2184.89383831393,1.43355729914902,0.10343382096027,0.0774901744331688,"medium",5.65351631453304,6.21955236059434
"47a6234f-309f-4e03-9263-66da48b57153","Solitude",0.298680756224194,0.202468128146818,1.47519888171045,0.140159082033189,1.34807918887944,0.906506775064597,2.00474784025784,2186.62953073914,TRUE,FALSE,NA,NA,0.248706354981491,0.207748812794822,1.19714934413185,0.231248349938196,1.28236541756011,0.853438907505437,1.92686441840436,2184.83846958176,TRUE,FALSE,0.0564612905254752,0.0620634513122972,120,0.674611845390516,FALSE,FALSE,0.835216377686069,FALSE,FALSE,2184.83846958176,1.79106115738568,0.0657137713193321,0.0499640031639208,"medium",5.64612905254752,6.20634513122972
"0359f212-9564-41a9-870b-d2c57455a695","Brainstorm",0.0946867591772934,0.220929242541773,0.428584093657905,0.668225923240164,1.09931445102515,0.712956723898395,1.69504294121078,2188.64314248079,TRUE,FALSE,NA,NA,0.248315362371701,0.225684691868351,1.10027561158889,0.27121205492641,1.28186412016697,0.823635967511197,1.99502654981989,2185.06782254678,TRUE,FALSE,0.0562762742485165,0.0619262829438318,95,0.944094612146471,FALSE,FALSE,0.835216377686069,FALSE,FALSE,2185.06782254678,3.57531993401335,0.182549669141812,0.153327156014527,"low",5.62762742485164,6.19262829438318
"1c0f2873-5849-4cab-855a-2fbbc41dbb6c","Chaos Defiler",0.175835802289258,0.209662879266268,0.838659675497206,0.401660312860774,1.19224227912495,0.790489076361492,1.7981800060739,2188.12219158777,TRUE,FALSE,NA,NA,0.245982047507726,0.216244422496672,1.13751857582136,0.255321563634683,1.27887661431311,0.837062097581501,1.9538877693333,2184.98492251536,TRUE,FALSE,0.0557473804082311,0.0613454768519636,105,0.820459584162591,FALSE,FALSE,0.835216377686069,FALSE,FALSE,2184.98492251536,3.13726907240743,0.0866343351881613,0.0701174965059063,"medium",5.5747380408231,6.13454768519636
"d67be074-cdd4-41d9-ac89-0a0456c4e4b2","Sheoldred, the Apocalypse",0.150918339396201,0.200741967232338,0.751802632388914,0.452169758738906,1.16290169095009,0.784635565804131,1.72352669411391,2188.26076799508,TRUE,FALSE,NA,NA,0.244772790309882,0.20455977835763,1.19658318108826,0.231469059210921,1.27733105823784,0.855418569154824,1.90734067644925,2184.84690379636,TRUE,FALSE,0.0554766468639937,0.0610376853332377,118,0.849956762559716,FALSE,FALSE,0.835216377686069,FALSE,FALSE,2184.84690379636,3.41386419872106,0.114429367287751,0.0937856172332992,"medium",5.54766468639937,6.10376853332377
"07313dd3-d0dc-40ca-98a3-fa4d39e5bcae","Oust",0.342985120080375,0.200901182371185,1.70723295917033,0.0877787612329015,1.40914779376454,0.950486616756244,2.08913778444153,2185.91083653393,TRUE,FALSE,NA,NA,0.241196695783068,0.207742523324026,1.16103670988371,0.245626970934545,1.27277135944778,0.847064318877133,1.91242494498878,2184.93291041769,TRUE,FALSE,0.0546271111991902,0.0601878829240923,119,0.573837274925535,FALSE,FALSE,0.835216377686069,FALSE,FALSE,2184.93291041769,0.977926116243452,0.136376434316755,0.101700630426094,"medium",5.46271111991902,6.01878829240923
"68924203-c3d9-41ce-8ca8-c6dd491eb3ca","Psychic Frog",0.150606723348062,0.190280104647085,0.79150010784046,0.428652213243675,1.16253936857645,0.800641272524953,1.68801912900139,2188.19915633841,TRUE,FALSE,NA,NA,0.239720081961846,0.200442303330613,1.19595553422896,0.231713911750175,1.27089335455239,0.858003729672347,1.88247423966587,2184.84664200547,TRUE,FALSE,0.0543589364778251,0.0597385439812343,131,0.849956762559716,FALSE,FALSE,0.835216377686069,FALSE,FALSE,2184.84664200547,3.35251433294479,0.10835398597594,0.0890544332260164,"medium",5.43589364778251,5.97385439812343
"33ab05b5-d6f5-439c-9aed-1a58ceb282ad","Flametongue Yearling",0.400025953194693,0.24730384439281,1.61754846220386,0.105759943604095,1.49186341576052,0.918797451575733,2.42235810239533,2186.19830401522,TRUE,FALSE,NA,NA,0.233252011681164,0.256606907550142,0.9089857085612,0.363357669678807,1.26269965429636,0.763610430857498,2.08798931042586,2185.4532859981,TRUE,FALSE,0.052890249814693,0.0581965963136056,74,0.617638070647917,FALSE,FALSE,0.835216377686069,FALSE,FALSE,2185.4532859981,0.745018017124949,0.229163761464166,0.166388465710051,"low",5.2890249814693,5.81965963136056
"94c6fdd8-21e7-48ae-aa05-a3666b928c1a","Timetwister",0.0937737950776425,0.204358241956278,0.458869650570321,0.646327774169211,1.09831127439894,0.735821027370952,1.63937643883572,2188.61644277762,TRUE,FALSE,NA,NA,0.23199867811912,0.210869110443641,1.10020228961476,0.27124399323293,1.26111806177937,0.834181079614986,1.90656298088207,2185.07062437068,TRUE,FALSE,0.0525751233418143,0.0578396476404918,111,0.929543828680698,FALSE,FALSE,0.835216377686069,FALSE,FALSE,2185.07062437068,3.54581840693936,0.162806787380432,0.138005224300667,"medium",5.25751233418143,5.78396476404918
"6fd672bb-18cf-44e3-8dda-5310b1e0fffe","Godless Shrine",0.194787843697384,0.209414824751212,0.930153077408893,0.352291832605574,1.21505317795313,0.806005096886492,1.83169341106773,2187.96219611848,TRUE,FALSE,NA,NA,0.231104596501896,0.217212618748015,1.06395566626816,0.287348783675903,1.2599910232105,0.823137404785083,1.92869060419572,2185.14991725068,TRUE,FALSE,0.0523552273924374,0.0576672548293656,107,0.791301654775598,FALSE,FALSE,0.835216377686069,FALSE,FALSE,2185.14991725068,2.81227886780516,0.0449378452573708,0.0363127617973396,"medium",5.23552273924374,5.76672548293656
"6efb6a69-562c-4d95-858d-b067444cfd7e","Palantír of Orthanc",0.154515321893086,0.235860358427112,0.655113571960574,0.512394634521827,1.1670921599818,0.735083647131153,1.85299198969659,2188.39637571457,TRUE,FALSE,NA,NA,0.230671526582989,0.243678943886241,0.946620675977141,0.343832104284195,1.25944547713858,0.781188185646737,2.03050038265955,2185.38123452012,TRUE,FALSE,0.0523239369728438,0.0575103630316672,82,0.880113136943373,FALSE,FALSE,0.835216377686069,FALSE,FALSE,2185.38123452012,3.01514119445619,0.0923533171567781,0.0761194186679715,"low",5.23239369728438,5.75103630316672
"68841ca8-a043-4f30-9a17-e983ed960bc2","Demonic Tutor",0.01772071149932,0.185152136101582,0.0957089227941594,0.923751754071273,1.01787865488438,0.708094673029501,1.46318987493085,2188.81791866135,TRUE,FALSE,NA,NA,0.227123882031154,0.196374789864039,1.15658370500819,0.247442482901504,1.25498532844226,0.854045586960574,1.84415000633687,2184.93994226324,TRUE,FALSE,0.05156726922242,0.0565687916422145,146,0.98303758663691,FALSE,FALSE,0.835216377686069,FALSE,FALSE,2184.93994226324,3.87797639810469,0.237106673557874,0.208641322399625,"low",5.156726922242,5.65687916422145
"7c884e1e-fecb-4330-b3de-5fc2a60f7173","Kolaghan's Command",0.208242093828231,0.201556850229511,1.03316802972018,0.301525271416367,1.23151127474171,0.829601899325919,1.82812987897961,2187.75466739347,TRUE,FALSE,NA,NA,0.225760133633987,0.206851592505189,1.09141114602888,0.275092010101578,1.25327501069874,0.835546741909944,1.87984486523342,2185.08452735054,TRUE,FALSE,0.0512352501573528,0.0563249826107209,117,0.742477834825858,FALSE,FALSE,0.835216377686069,FALSE,FALSE,2185.08452735054,2.6701400429265,0.0217637359570277,0.0175175918223244,"medium",5.12352501573528,5.63249826107209
"8870ef0b-cb1f-463b-8509-fece4743d3d4","Ramunap Excavator",0.224868315972382,0.221649173600507,1.01452359293555,0.310332977498047,1.25215781615031,0.810937685626224,1.9334397997986,2187.79627660107,TRUE,FALSE,NA,NA,0.224857443918805,0.229226031931026,0.98094200743511,0.326621340540783,1.25214420269745,0.798975035275355,1.96234554914283,2185.31859299006,TRUE,FALSE,0.0509790685389629,0.0560903700266782,96,0.742477834825858,FALSE,FALSE,0.835216377686069,FALSE,FALSE,2185.31859299006,2.47768361100498,1.36134528603282e-05,1.08720535765026e-05,"low",5.09790685389629,5.60903700266782
"416d2d51-8f29-4e95-b037-e8c32b081e6c","Mana Drain",0.141995688661717,0.207376848876065,0.684722954521205,0.493518761222746,1.15257167939989,0.767618100001265,1.73057601970627,2188.3561027544,TRUE,FALSE,NA,NA,0.22431375281992,0.215386381555804,1.04144816956221,0.2976675963983,1.2514636080733,0.820498205915153,1.90879291513504,2185.18983017067,TRUE,FALSE,0.0509441397663635,0.055925334354275,112,0.862042756191527,FALSE,FALSE,0.835216377686069,FALSE,FALSE,2185.18983017067,3.16627258372637,0.0988919286734171,0.0822716115597117,"medium",5.09441397663636,5.5925334354275
"18092f68-b96e-4084-9eba-b240d2195d81","Adeline, Resplendent Cathar",0.343778854251641,0.223869962038944,1.5356184953113,0.124631975328372,1.41026672652965,0.909367231494991,2.18707269304944,2186.47225801747,TRUE,FALSE,NA,NA,0.223223964873946,0.232706434517723,0.959251364649931,0.337432130023574,1.25010052099124,0.792248125245836,1.97255286921335,2185.36271197286,TRUE,FALSE,0.0505904701729741,0.0556987429045062,92,0.657696448118396,FALSE,FALSE,0.835216377686069,FALSE,FALSE,2185.36271197286,1.1095460446063,0.160166205538412,0.120409094411808,"low",5.05904701729741,5.56987429045062
"bbec97ff-bb84-4496-9e09-d4fc1570c516","Mawloc",0.241706849197055,0.214456577861176,1.12706661463897,0.259714317367802,1.27342083375371,0.836416952341052,1.93874671633483,2187.54401356988,TRUE,FALSE,NA,NA,0.222200523208536,0.226619544278506,0.980500264952702,0.326839238911967,1.24882177050699,0.800936361745606,1.94716570376855,2185.31199408171,TRUE,FALSE,0.0504811002665997,0.055444472075224,108,0.724975741393735,FALSE,FALSE,0.835216377686069,FALSE,FALSE,2185.31199408171,2.23201948816904,0.0245990632467246,0.0195057075042429,"medium",5.04811002665997,5.5444472075224
"c1e0f201-42cb-46a1-901a-65bb4fc18f6c","Urza's Saga",0.16179667006713,0.212465015697459,0.761521465244528,0.446345662870803,1.17562117804225,0.775199579613566,1.78287655283613,2188.24652460171,TRUE,FALSE,NA,NA,0.219988185833618,0.216164114880387,1.01769059103703,0.308825020101106,1.24606200931652,0.815712365570352,1.90345346790996,2185.24449075968,TRUE,FALSE,0.0498837173878482,0.0548652462006033,100,0.849956762559716,FALSE,FALSE,0.835216377686069,FALSE,FALSE,2185.24449075968,3.00203384202405,0.0704408312742699,0.0581751003946117,"medium",4.98837173878482,5.48652462006033
"18f23daa-bc59-456a-8a28-3823e51bc74b","Night's Whisper",0.0678963187927695,0.237619438690161,0.285735540690767,0.775080681496271,1.07025433746432,0.671770992815513,1.70511135358855,2188.74540756341,TRUE,FALSE,NA,NA,0.219499631024324,0.249745939442857,0.878891690947977,0.379460004298869,1.24545338841363,0.763377654377937,2.03196168215718,2185.50909408561,TRUE,FALSE,0.0497741631860701,0.0546968365940244,85,0.949312199698855,FALSE,FALSE,0.843390773167115,FALSE,FALSE,2185.50909408561,3.23631347780156,0.175199050949313,0.151313612673543,"low",4.97741631860701,5.46968365940244
"612b2e6e-fe8d-49ad-b845-6fa7fa59ffd1","Concealing Curtains // Revealing Eye",0.145702882621252,0.200616716779687,0.726274883569445,0.467670273463223,1.15685241602556,0.780745628243225,1.7141402577886,2188.29788119667,TRUE,FALSE,NA,NA,0.216324514402385,0.202717548509944,1.06712278237606,0.285916395343921,1.24150519995456,0.834433789393791,1.84716292785072,2185.13786583662,TRUE,FALSE,0.0491043827242257,0.0539381657523831,119,0.849956762559716,FALSE,FALSE,0.835216377686069,FALSE,FALSE,2185.13786583662,3.16001536005297,0.0846527839290026,0.0705922947978785,"medium",4.91043827242257,5.39381657523831
"1ee98955-4c47-4d45-9377-608dfa755337","Bone Shards",0.047596983509962,0.210196105598006,0.226440843775621,0.820858564043916,1.04874790744242,0.694622057519108,1.58341095198318,2188.77582470232,TRUE,FALSE,NA,NA,0.212663017833462,0.219458720938765,0.969034253566075,0.332528099028658,1.23696774493192,0.804546853306882,1.90180248137561,2185.34462197492,TRUE,FALSE,0.0481934851683663,0.0529882033156759,108,0.951247021317424,FALSE,FALSE,0.835216377686069,FALSE,FALSE,2185.34462197492,3.4312027274018,0.188219837489508,0.164692259331549,"medium",4.81934851683663,5.29882033156759
"8ca3c48b-f104-4292-9a4e-2ce87a65893c","Mutavault",0.281351465163458,0.273092831593638,1.03024112175199,0.302896830444258,1.32491918505064,0.775761241392139,2.26282360248506,2187.7713547952,TRUE,FALSE,NA,NA,0.21086294830201,0.282148857619395,0.747346454212666,0.45485445816036,1.23474311982352,0.710242503788205,2.14657749123692,2185.72582259918,TRUE,FALSE,0.0477972037084587,0.0526062273271368,62,0.742477834825858,FALSE,FALSE,0.87153496203809,FALSE,FALSE,2185.72582259918,2.04553219602531,0.0901760652271189,0.0704593454030276,"low",4.77972037084587,5.26062273271368
"2dc16614-5cf8-444d-a5ae-cac25018af68","Burst Lightning",0.342664018613712,0.202547848296577,1.69176824881384,0.0906901697460691,1.40869538697934,0.947119728963823,2.09521841073662,2185.93503528646,TRUE,FALSE,NA,NA,0.210121444843179,0.209915942493103,1.00097897447728,0.31683697343834,1.2338278928933,0.817655808900943,1.86182407402912,2185.274935828,TRUE,FALSE,0.0477252551539659,0.05241882655444,113,0.575685425344613,FALSE,FALSE,0.835216377686069,FALSE,FALSE,2185.274935828,0.660099458460991,0.174867494086041,0.132348876861716,"medium",4.77252551539659,5.241882655444
"f823be95-bef4-4e86-a924-239be62394bf","Izzet Signet",0.00759327037509891,0.282829136702524,0.0268475534862782,0.978581324674066,1.00762217235981,0.578826883952851,1.75406925693832,2188.82636082214,TRUE,FALSE,NA,NA,0.206621833638038,0.297608052088875,0.694275011001164,0.487509759098231,1.229517521685,0.686128776206315,2.20325016025251,2185.79937596649,TRUE,FALSE,0.0468738621374355,0.0514997769079438,56,0.996787488854049,FALSE,FALSE,0.888198453598217,FALSE,FALSE,2185.79937596649,3.02698485564997,0.221895349325191,0.198374155995595,"low",4.68738621374355,5.14997769079438
"9d3a7998-ccac-45ad-a4e9-3a2cb057f63b","Elite Spellbinder",0.273766837709119,0.19066095452697,1.43588307521241,0.151035615236452,1.31490817949025,0.904901995724138,1.91068594020149,2186.7498988621,TRUE,FALSE,NA,NA,0.20469503563954,0.199083011687057,1.02818936635992,0.303860759446717,1.22715077064291,0.830682466492167,1.81284555125937,2185.22017186103,TRUE,FALSE,0.0464975324072215,0.0510697744570931,131,0.679147373525965,FALSE,FALSE,0.835216377686069,FALSE,FALSE,2185.22017186103,1.52972700107239,0.0877574088473467,0.06904435386343,"medium",4.64975324072215,5.10697744570931
"bd3d4b4b-cf31-4f89-8140-9650edb03c7b","Ancient Tomb",0.234144413930663,0.222862783562976,1.0506214190962,0.293432499655969,1.26382699325339,0.816550399788379,1.95610542752762,2187.71452481106,TRUE,FALSE,NA,NA,0.204555123066086,0.225157608275088,0.908497494857776,0.363615436716706,1.22697908883107,0.789185570147042,1.90763458098737,2185.45153030486,TRUE,FALSE,0.0464583929177737,0.0510184015166257,93,0.742477834825858,FALSE,FALSE,0.835216377686069,FALSE,FALSE,2185.45153030486,2.26299450619672,0.0368479044223147,0.0295871322037869,"low",4.64583929177737,5.10184015166257
"1daf4348-05c5-4c55-bcf2-c7bec7988bfc","Plateau",0.329542035549638,0.22269617724367,1.47978308217236,0.138931144952026,1.39033126035197,0.898577364998697,2.15120154235656,2186.60490152574,TRUE,FALSE,NA,NA,0.204236663181213,0.22989840370587,0.888377909063305,0.374337504221729,1.22658840742318,0.781637494385164,1.92482977343403,2185.48591929948,TRUE,FALSE,0.0464195463441238,0.0509496760365726,98,0.674611845390516,FALSE,FALSE,0.843390773167115,FALSE,FALSE,2185.48591929948,1.11898222625632,0.163742852928785,0.12514167320084,"low",4.64195463441238,5.09496760365726
"b045c28a-39f9-4cd9-8f3a-a626b697f409","Cathartic Pyre",0.231513958758563,0.208899259819848,1.10825648189571,0.267751063992477,1.26050692156659,0.837002191272486,1.89829574627724,2187.59752570794,TRUE,FALSE,NA,NA,0.203413874796749,0.213808669944654,0.951382723859627,0.341410127055204,1.22557959980354,0.806016457221686,1.86354179495555,2185.37599775603,TRUE,FALSE,0.0461455394133397,0.0507058365308329,106,0.724975741393735,FALSE,FALSE,0.835216377686069,FALSE,FALSE,2185.37599775603,2.22152795191641,0.0349273217630508,0.0280982350878131,"medium",4.61455394133397,5.07058365308329
"3d3025a2-4a17-4137-ba0b-bd676c6f5f88","Tinybones, the Pickpocket",0.167354449011777,0.262956945746282,0.636432890322855,0.524494309126115,1.18217321118295,0.706069810498862,1.97931349061817,2188.42223032423,TRUE,FALSE,NA,NA,0.202358776535551,0.27024487256888,0.748797838834012,0.453979062531403,1.2242871748364,0.720852187080073,2.07931544543179,2185.72152301404,TRUE,FALSE,0.0459000353818198,0.0504855452249279,68,0.883571182297071,FALSE,FALSE,0.87153496203809,FALSE,FALSE,2185.72152301404,2.70070731019086,0.0421139636534438,0.035000753719538,"low",4.59000353818198,5.04855452249279
"17f28b16-da65-41a8-ba4f-f1c5e104aad6","Council's Judgment",0.301234764827907,0.212270718968182,1.41910653665361,0.155867958522387,1.35152659520509,0.891530309134205,2.0488637557601,2186.80576021284,TRUE,FALSE,NA,NA,0.201284234072583,0.221834525562953,0.907362068919528,0.364215361045752,1.22297233283346,0.791748541227766,1.88906104526167,2185.45730707549,TRUE,FALSE,0.0456806868040229,0.0502169674406575,105,0.679147373525965,FALSE,FALSE,0.835216377686069,FALSE,FALSE,2185.45730707549,1.34845313735559,0.128554262371628,0.0998674040773988,"medium",4.56806868040229,5.02169674406575
"89f5cc05-5d9d-4709-b3c5-a6249c294acc","Hexdrinker",0.265412666768765,0.180817029854976,1.46785215408991,0.142144387094669,1.30396896942587,0.914855900641041,1.85858239754931,2186.6696407357,TRUE,FALSE,NA,NA,0.200720174859047,0.19506207297218,1.02900667362268,0.303476538866097,1.2222826985368,0.833933606615983,1.79147954140475,2185.22121477981,TRUE,FALSE,0.0455282837862989,0.0500757848840455,147,0.676033219345193,FALSE,FALSE,0.835216377686069,FALSE,FALSE,2185.22121477981,1.44842595588898,0.0816862708890633,0.0646699392028034,"medium",4.55282837862989,5.00757848840455
"641b21e1-9188-4bc3-96e8-cda2acbc5ed5","Time Spiral",0.0384026411794733,0.197266158680877,0.194674248417835,0.845647972974273,1.03914955305807,0.705930117686441,1.52965820067254,2188.78916113294,TRUE,FALSE,NA,NA,0.195731471405521,0.207449863277965,0.943512173557127,0.345418991551563,1.21620027693078,0.809879133282706,1.82637513774561,2185.38923892877,TRUE,FALSE,0.0444362348292538,0.0487501628210653,119,0.96220727866112,FALSE,FALSE,0.835216377686069,FALSE,FALSE,2185.38923892877,3.39992220416298,0.177050723872704,0.157005109822434,"medium",4.44362348292538,4.87501628210653
"df3784d4-80cd-4f78-afb3-d61f3bab5b2c","Zealous Conscripts",0.41919604792807,0.206711814435997,2.02792495954731,0.0425679073005468,1.52073846319232,1.01413992792889,2.28040077088327,2184.65898360203,TRUE,FALSE,NA,NA,0.194963104600155,0.223570269374512,0.872043966962192,0.383184392375013,1.21526614793212,0.784087526927602,1.88355478130969,2185.51721044563,TRUE,FALSE,0.0443041953975041,0.048637149187769,113,0.436181900978491,TRUE,FALSE,0.843390773167115,FALSE,FALSE,2184.65898360203,-0.858226843606644,0.305472315260198,0.223298099731385,"low",4.43041953975041,4.8637149187769
"37dbe1a3-3c44-452b-9fb9-37f5d793d0b5","Memory Jar",0.0749099778619607,0.262151485978531,0.285750727608294,0.775069048815483,1.07778712181626,0.644740779860281,1.80169320173094,2188.74540901419,TRUE,FALSE,NA,NA,0.194019627950621,0.268001295141947,0.723950337060342,0.469096225037005,1.21412011341199,0.71801637016035,2.05300005828886,2185.75798230343,TRUE,FALSE,0.0440221660674091,0.0483612116596682,65,0.949312199698855,FALSE,FALSE,0.878051908402598,FALSE,FALSE,2185.75798230343,2.98742671075979,0.136332991595737,0.11896903111976,"low",4.40221660674091,4.83612116596682
"6f11029a-b24d-4248-834f-b852b56857f6","Biogenic Ooze",0.232338238559101,0.23132293794607,1.00438910478159,0.315191099502278,1.2615463602958,0.801672811701861,1.98522289385992,2187.82064783468,TRUE,FALSE,NA,NA,0.192060776306233,0.255592495682092,0.7514335496967,0.452391778076547,1.21174416006115,0.734253813464112,1.99974979021891,2185.71697260759,TRUE,FALSE,0.0435609008318889,0.0479112543169343,87,0.742477834825858,FALSE,FALSE,0.87153496203809,FALSE,FALSE,2185.71697260759,2.10367522708475,0.0498022002346532,0.0402720180461984,"low",4.35609008318889,4.79112543169343
"ea1feac0-d3a7-45eb-9719-1cdaf51ea0b6","Mox Sapphire",0.0580991649434113,0.191686692935964,0.303094409181654,0.761817914710145,1.05982008749849,0.727888972141477,1.54311805900942,2188.73505191465,TRUE,FALSE,NA,NA,0.189943223917752,0.198130795073409,0.9586759284309,0.337722028680642,1.20918094315162,0.820047400894096,1.78296834022875,2185.35795041844,TRUE,FALSE,0.0431748179798882,0.0473165956964834,131,0.949312199698855,FALSE,FALSE,0.835216377686069,FALSE,FALSE,2185.35795041844,3.37710149620943,0.149360855653129,0.131653404855734,"medium",4.31748179798882,4.73165956964834
"ed0216a0-c5c9-4a99-b869-53e4d0256326","Mox Pearl",0.2795617798656,0.186348612764013,1.50020853774549,0.133560392371115,1.32255011723955,0.917886530471866,1.90561551405615,2186.56743655024,TRUE,FALSE,NA,NA,0.189639941655705,0.192313421737874,0.986098317746051,0.324084869087139,1.20881427562465,0.829199613153401,1.76221977166265,2185.30716233365,TRUE,FALSE,0.0430582634452733,0.0472996704030927,139,0.674611845390516,FALSE,FALSE,0.835216377686069,FALSE,FALSE,2185.30716233365,1.26027421659182,0.113735841614907,0.0898612953042421,"medium",4.30582634452733,4.72996704030927
"26c68473-70ca-40ba-b5c6-71ec30f88a2c","Damnation",0.0714566657450246,0.260530423858773,0.27427378609632,0.783874228016525,1.0740716056,0.644562836389315,1.789786423956,2188.75176302349,TRUE,FALSE,NA,NA,0.187847650166497,0.26702245040565,0.703490099357286,0.481750374642219,1.20664966846935,0.714968814996673,2.03645724383654,2185.78592632518,TRUE,FALSE,0.0426447465921792,0.046828045086101,66,0.949312199698855,FALSE,FALSE,0.888198453598217,FALSE,FALSE,2185.78592632518,2.96583669830534,0.132578062869348,0.116259767799506,"low",4.26447465921792,4.6828045086101
"568dd5a6-86f4-4039-87d7-812120c8ab94","Triplicate Titan",0.0843856010803661,0.237165553563267,0.355808842441595,0.72198372658139,1.0880483655545,0.683547668210203,1.73191907579116,2188.70053734746,TRUE,FALSE,NA,NA,0.186291992591599,0.248018471102703,0.751121445767062,0.452579570260411,1.20477399410414,0.740948459993523,1.95894917830361,2185.71849898644,TRUE,FALSE,0.0422655346723302,0.0464150870457019,79,0.949103862801502,FALSE,FALSE,0.87153496203809,FALSE,FALSE,2185.71849898644,2.98203836101357,0.116725628549641,0.101818292252714,"low",4.22655346723302,4.64150870457019
"a9225cc3-90f0-448f-a8d9-7c6c2796d077","Sheoldred's Edict",0.185710654688873,0.213164655278084,0.871207538823003,0.383640844364681,1.20407381685665,0.792873120390477,1.82853185352752,2188.06685699152,TRUE,FALSE,NA,NA,0.184299062244957,0.217660278620648,0.846728045249658,0.397146722893448,1.20237535440527,0.784808857992998,1.84211286373388,2185.5640254333,TRUE,FALSE,0.04183596842188,0.0459383392319369,99,0.818708108990727,FALSE,FALSE,0.84504860800509,FALSE,FALSE,2185.5640254333,2.50283155822262,0.00169846245138272,0.0014115922095226,"low",4.183596842188,4.59383392319369
"006d2bf1-20f7-4b09-8d98-8233d91682bd","Flame Slash",0.338415551524833,0.205871742869843,1.6438173923596,0.100213927661316,1.40272328610927,0.936980259720247,2.09997232810505,2186.10133983892,TRUE,FALSE,NA,NA,0.183416277323441,0.215048141498763,0.852907986300809,0.39371033252808,1.20131438394566,0.788141150619082,1.83108856572348,2185.55084619586,TRUE,FALSE,0.0416795360600319,0.0457506120453376,114,0.60963472660634,FALSE,FALSE,0.84504860800509,FALSE,FALSE,2185.55084619586,0.550493643062964,0.201408902163611,0.154689699369335,"medium",4.16795360600319,4.57506120453376
"15db4353-9c46-4fe4-b22e-0cf024aa9dfc","Grim Lavamancer",0.367010490268453,0.262938003185908,1.39580618176734,0.16277286833932,1.44341306082625,0.862131044599195,2.41661784158626,2186.86911943088,TRUE,FALSE,NA,NA,0.183198683653548,0.268362690826996,0.682653326693797,0.494825928762717,1.20105301397742,0.709785696540126,2.03234349384032,2185.81413188562,TRUE,FALSE,0.041598059732436,0.0456960534535672,66,0.679147373525965,FALSE,FALSE,0.888198453598217,FALSE,FALSE,2185.81413188562,1.05498754526479,0.242360046848832,0.183296015145004,"low",4.1598059732436,4.56960534535672
"377cee38-e769-47b0-abd5-0f528600f36a","Badlands",0.100560177103569,0.192142217122716,0.523363259826151,0.600721486406231,1.10579018295229,0.758783665081754,1.61148952591371,2188.55266818718,TRUE,FALSE,NA,NA,0.180712018979784,0.197600551274066,0.914531957601382,0.36043739349022,1.19807010815658,0.813357073127554,1.76475010973835,2185.44257123386,TRUE,FALSE,0.0410483556098795,0.0450360408305859,127,0.911591210664896,FALSE,FALSE,0.835216377686069,FALSE,FALSE,2185.44257123386,3.11009695332359,0.0922799252042856,0.0801089593500224,"medium",4.10483556098795,4.50360408305859
"5de097e5-e960-4404-a370-defe93ce892f","Oracle of Mul Daya",0.327851021089256,0.25940856873652,1.26384036844308,0.206287328630405,1.38798217681288,0.834777736301739,2.30779336747173,2187.21772679629,TRUE,FALSE,NA,NA,0.180380299616506,0.277672914987582,0.649614311948909,0.515941385996572,1.19767275101231,0.694989449742521,2.06394502686166,2185.8579489615,TRUE,FALSE,0.0409676511137481,0.0449917857966964,68,0.702121447143028,FALSE,FALSE,0.888198453598217,FALSE,FALSE,2185.8579489615,1.35977783478938,0.190309425800568,0.147204040069367,"low",4.09676511137481,4.49917857966964
"d51269cf-a333-4a64-94cd-245798d840d2","Elder Gargaroth",0.19764520637543,0.205227234450382,0.963055448779702,0.335519697649043,1.21852999044724,0.814973099408035,1.82191944580486,2187.89605848808,TRUE,FALSE,NA,NA,0.177813830409211,0.213797593971799,0.83169238299597,0.405582601165195,1.19460290179819,0.785661332745533,1.8164010795818,2185.58712849504,TRUE,FALSE,0.0403895563930889,0.0443422057057381,110,0.776440155235394,FALSE,FALSE,0.853694817748572,FALSE,FALSE,2185.58712849504,2.30892999303569,0.0239270886490486,0.0198307260457457,"medium",4.03895563930889,4.43422057057381
"073bfdca-d7b8-4f4b-93f3-6e7c44bc0b0a","Sol Ring",0.0942777034183901,0.186467195598462,0.505599406457571,0.613137898350265,1.09886486207786,0.762465513321219,1.58368341126622,2188.57084801985,TRUE,FALSE,NA,NA,0.174607063734898,0.190084837123588,0.918574392240308,0.358318231291927,1.1907782247247,0.820403310941377,1.72836062649658,2185.43463064639,TRUE,FALSE,0.0396825271292585,0.0435014860856796,136,0.916567916305174,FALSE,FALSE,0.835216377686069,FALSE,FALSE,2185.43463064639,3.13621737346375,0.0919133626468387,0.0802861923560269,"medium",3.96825271292585,4.35014860856796
"4e117771-5a8b-4812-b487-32ba34b7f724","Giver of Runes",0.323674463527322,0.185719123005529,1.7428171008415,0.0813655682152952,1.38219727824654,0.960467611727297,1.9891033207839,2185.77244962515,TRUE,FALSE,NA,NA,0.172745892910562,0.200871548363397,0.859981885528393,0.38979902793922,1.18856404415787,0.801746872000266,1.76200810555136,2185.54159867069,TRUE,FALSE,0.0392451800959991,0.043082555835641,141,0.573650450907332,FALSE,FALSE,0.84504860800509,FALSE,FALSE,2185.54159867069,0.230850954456855,0.193633234088669,0.150642716148822,"medium",3.92451800959991,4.3082555835641
"72c6d541-e2cb-4d6e-acac-90a8f53b7006","Elegant Parlor",0.265815538846326,0.203369982295474,1.30705395086343,0.191194389116822,1.3044944079488,0.875649286179745,1.94336441224528,2187.10477433714,TRUE,FALSE,NA,NA,0.169499822310473,0.208719726956176,0.812092966881191,0.416738288522337,1.18471213652216,0.786949781590631,1.7835227599733,2185.61918539869,TRUE,FALSE,0.0385399127265307,0.0422589970647033,120,0.697412217356879,FALSE,FALSE,0.858022309543125,FALSE,FALSE,2185.61918539869,1.4855889384562,0.119782271426638,0.0962413277377075,"medium",3.85399127265307,4.22589970647033
"d7a8cc1d-aabb-4eb6-b0f1-6c93ec246f61","Court of Garenbrig",0.274851487116971,0.233666974251566,1.17625303275021,0.239493778013221,1.31633516761953,0.832655088141324,2.08097962552515,2187.44509414295,TRUE,FALSE,NA,NA,0.160803261806421,0.253786335260607,0.633616706121299,0.526330995476673,1.17445388614722,0.714181637095212,1.93136011770969,2185.88123254317,TRUE,FALSE,0.0365097427137102,0.0400975891565937,85,0.70877212682291,FALSE,FALSE,0.888198453598217,FALSE,FALSE,2185.88123254317,1.56386159977274,0.141881281472311,0.113924767139752,"low",3.65097427137102,4.00975891565937
"eca8d6f8-c6f1-437c-99e2-4281eae14a6f","Fateful Absence",0.160783043727956,0.272279863022778,0.590506554333419,0.554851092867488,1.17443014118644,0.688744097932534,2.00261049157085,2188.47692484241,TRUE,FALSE,NA,NA,0.15959336326558,0.27644265064018,0.577310928310076,0.563729432574038,1.1730337753723,0.682335209752433,2.0166162005086,2185.94723432316,TRUE,FALSE,0.0362632245745734,0.039795186749219,62,0.892830977098595,FALSE,FALSE,0.907785494010433,FALSE,FALSE,2185.94723432316,2.52969051924856,0.00139636581413627,0.0011896803220586,"low",3.62632245745734,3.9795186749219
"09fd2d9c-1793-4beb-a3fb-7a869f660cd4","Bonecrusher Giant // Stomp",0.327608917688756,0.200610497192726,1.63305969664201,0.102456442017859,1.38764618228239,0.936516951074063,2.05608870719801,2186.13625703884,TRUE,FALSE,NA,NA,0.158352477481428,0.21313155728873,0.742979967377182,0.457493808878114,1.17157907717993,0.771525639202904,1.77906924195527,2185.72757631246,TRUE,FALSE,0.0360030968181476,0.0394735460032891,122,0.614738652107153,FALSE,FALSE,0.87153496203809,FALSE,FALSE,2185.72757631246,0.40868072638159,0.216067105102463,0.168853526514393,"medium",3.60030968181476,3.94735460032891
"045ce37b-86d2-4e56-84af-b6625b53d13c","Path to Exile",0.232085050719955,0.184760464791389,1.25614021907771,0.209065136430608,1.26122699253058,0.878055513371498,1.81160929174044,2187.25353468573,TRUE,FALSE,NA,NA,0.158069181251483,0.194861218840489,0.811188507349309,0.417257424503848,1.17124722025341,0.799427999498553,1.7160020061992,2185.62465509649,TRUE,FALSE,0.0358602487109599,0.0394129613780175,143,0.702121447143028,FALSE,FALSE,0.858022309543125,FALSE,FALSE,2185.62465509649,1.62887958923648,0.0899797722771725,0.0739820975731455,"medium",3.58602487109599,3.94129613780175
"c86b8a75-9e31-4a44-95b8-c83b9a49646f","Ocelot Pride",0.228271613807692,0.173001160677394,1.31948024460578,0.187008610377083,1.25642654188782,0.895108211671858,1.76359420523214,2187.07944414075,TRUE,FALSE,NA,NA,0.156905309146651,0.17856521354172,0.878700313653147,0.379563788555121,1.16988483126295,0.824413949436511,1.66012537676565,2185.50810631192,TRUE,FALSE,0.0356636341554819,0.0391170821427083,158,0.697412217356879,FALSE,FALSE,0.843390773167115,FALSE,FALSE,2185.50810631192,1.57133782883056,0.0865417106248711,0.0713360301423219,"medium",3.56636341554819,3.91170821427083
"0ad38866-fc5f-4f62-89c1-afc0f50765aa","Novice Inspector",0.219246559956207,0.203359361789544,1.07812376094642,0.280978529143384,1.24513824007348,0.835823519589985,1.85490022780625,2187.66017492465,TRUE,FALSE,NA,NA,0.155245975708147,0.207587718049075,0.747857229546913,0.454546278101118,1.1679452119259,0.777535519546519,1.75438418409001,2185.72140792664,TRUE,FALSE,0.0352781209749696,0.0387012225410255,114,0.732551165266679,FALSE,FALSE,0.87153496203809,FALSE,FALSE,2185.72140792664,1.93876699801558,0.0771930281475859,0.0639787472610009,"medium",3.52781209749696,3.87012225410255
"504a69eb-3c2d-4bb1-b117-252b15acf0c2","Mana Confluence",0.104669092374582,0.193917747012225,0.539760253959545,0.589362380633852,1.11034312854972,0.759260996515211,1.62376556780352,2188.53596420431,TRUE,FALSE,NA,NA,0.15508184949484,0.200991369457972,0.77158462033997,0.440360486144173,1.16775353723076,0.787524155861629,1.73156380482449,2185.68709582592,TRUE,FALSE,0.0352008958262879,0.0386486406729604,124,0.911591210664896,FALSE,FALSE,0.87153496203809,FALSE,FALSE,2185.68709582592,2.84886837838576,0.0574104086810381,0.0504020830576731,"medium",3.52008958262879,3.86486406729604
"e9be371c-c688-44ad-ab71-bd4c9f242d58","Force of Negation",0.0677247795623616,0.225876530652523,0.299830971224478,0.764306089921387,1.07007076260452,0.687293938273034,1.6660287152513,2188.73720936092,TRUE,FALSE,NA,NA,0.15495407423026,0.234295825342805,0.661360798911131,0.508380959415361,1.16760433674585,0.737664810815894,1.84812921424276,2185.84494090609,TRUE,FALSE,0.0351842216727215,0.0386072932604044,90,0.949312199698855,FALSE,FALSE,0.888198453598217,FALSE,FALSE,2185.84494090609,2.89226845482744,0.0975335741413246,0.0871740264434635,"low",3.51842216727215,3.86072932604044
"b5aaaee0-9a61-45df-821e-cce516f8de6a","Old One Eye",0.147005340717827,0.259073959340288,0.567426155419729,0.570424683896233,1.15836014948804,0.697132615911433,1.92473885928816,2188.50586780027,TRUE,FALSE,NA,NA,0.154574378286732,0.269805447536333,0.572910516441355,0.566705283664671,1.16716108627107,0.687808860365099,1.98058658415995,2185.95419619,TRUE,FALSE,0.0350918041507459,0.0385337205337808,70,0.90197116081787,FALSE,FALSE,0.907785494010433,FALSE,FALSE,2185.95419619,2.55167161026611,0.00880093678303262,0.00756900143305704,"low",3.50918041507459,3.85337205337808
"106f9629-b3aa-4703-82fb-c1e771bbce72","The Wandering Emperor",0.204480289745177,0.240964005241739,0.84859267482726,0.396107984411187,1.22688727334664,0.765053769629199,1.96751188119694,2188.10834032428,TRUE,FALSE,NA,NA,0.149513011835047,0.245489501397099,0.609040349930066,0.54249769395195,1.16126858094891,0.717741063406151,1.87887357412626,2185.91145924315,TRUE,FALSE,0.0339492855062454,0.0372747874990124,79,0.820459584162591,FALSE,FALSE,0.896656565852657,FALSE,FALSE,2185.91145924315,2.19688108113314,0.0656186923977295,0.0549534422384551,"low",3.39492855062454,3.72747874990124
"8c2996d9-3287-4480-8c04-7a378e37e3cf","Flooded Strand",0.0786947187746636,0.195844845201279,0.401821751773886,0.687815212722631,1.08187399583257,0.737004576027275,1.58811950553672,2188.66525641916,TRUE,FALSE,NA,NA,0.14815233987281,0.202716017100932,0.730836872150291,0.464878798748832,1.15968954986547,0.779446634793022,1.72542903135929,2185.74599237483,TRUE,FALSE,0.0336869484915321,0.0369118357224446,122,0.944094612146471,FALSE,FALSE,0.877240563400534,FALSE,FALSE,2185.74599237483,2.9192640443357,0.0778155540328982,0.0694297105092023,"medium",3.36869484915321,3.69118357224446
"3a9d1082-a862-45d4-9e5e-392e879fead6","Zuran Orb",0.0755882184283783,0.28205903361589,0.267987227564975,0.788709150195814,1.07851836871686,0.620488947056683,1.8746536536668,2188.7552435222,TRUE,FALSE,NA,NA,0.147117254945849,0.292391121549095,0.50315226456405,0.614857223293793,1.15848979372432,0.65313636482564,2.05485205608128,2186.028407643,TRUE,FALSE,0.0334190239998942,0.0366656022966584,60,0.949312199698855,FALSE,FALSE,0.928646426905797,FALSE,FALSE,2186.028407643,2.72683587920164,0.0799714250074592,0.0714985544980657,"low",3.34190239998942,3.66656022966584
"05cf51d8-9f91-42ff-99e9-4397f2251c20","Dark Confidant",0.0697877038634331,0.218831506752058,0.318910676525681,0.749794248031519,1.07228051607797,0.698289120402845,1.64657513852877,2188.72533587517,TRUE,FALSE,NA,NA,0.144980269012834,0.230891798912376,0.627914329117661,0.530060063596148,1.15601676069113,0.735233122303959,1.81762043963836,2185.88730384786,TRUE,FALSE,0.0329392002748792,0.0361416997600921,100,0.949312199698855,FALSE,FALSE,0.888198453598217,FALSE,FALSE,2185.88730384786,2.83803202730724,0.0837362446131527,0.0751571574279041,"medium",3.29392002748792,3.61416997600921
"0adcd4e5-d542-4293-8774-ace2305ef820","Walk-In Closet // Forgotten Cellar",0.111355862018681,0.211652690969717,0.526125425141011,0.598801064295874,1.11779261602227,0.738242134782609,1.69248038491036,2188.55014873672,TRUE,FALSE,NA,NA,0.14463545841702,0.222349783943015,0.650486165770632,0.515378235025548,1.15561822257713,0.74738852287879,1.78682630984007,2185.85828615754,TRUE,FALSE,0.0328564498518317,0.0360393626651129,103,0.911591210664896,FALSE,FALSE,0.888198453598217,FALSE,FALSE,2185.85828615754,2.69186257917909,0.0378256065548599,0.0332765252216035,"medium",3.28564498518317,3.60393626651129
"866b7fd4-86e3-4b42-b1ea-33bad0db1f9f","Prismari Command",0.050653992715086,0.233316466091078,0.217104234277715,0.828127114189133,1.05195884488138,0.665879683063103,1.66188793481974,2188.77986464843,TRUE,FALSE,NA,NA,0.143489094884033,0.239881087403608,0.598167602277908,0.549728106386076,1.15429422302611,0.721316087366097,1.84717237927789,2185.92240506503,TRUE,FALSE,0.0326241411333311,0.0357377644041497,85,0.953255571265396,FALSE,FALSE,0.901801163285024,FALSE,FALSE,2185.92240506503,2.85745958339476,0.102335378144733,0.0927684857492731,"low",3.26241411333311,3.57377644041497
"16c8d2fa-54a7-46e8-980c-905258497c90","Arid Mesa",0.17268228625081,0.182846861331806,0.944409354325475,0.344960503125195,1.18848844597342,0.830524739276934,1.70073776181799,2187.93236767801,TRUE,FALSE,NA,NA,0.143090622457648,0.186568813644501,0.766958955585692,0.443105919223672,1.1538343602337,0.800447564372401,1.66323665673187,2185.69189495048,TRUE,FALSE,0.0325365548078895,0.035653013847577,149,0.782863732481012,FALSE,FALSE,0.87153496203809,FALSE,FALSE,2185.69189495048,2.2404727275366,0.0346540857397191,0.0295895046130159,"medium",3.25365548078896,3.5653013847577
"78cef262-c753-4658-b3ec-fec8db47f944","Palace Jailer",0.228344848454034,0.186336275269214,1.22544495495645,0.22040761774709,1.25651855921066,0.872079882346308,1.8104292067752,2187.32491742728,TRUE,FALSE,NA,NA,0.142710802974719,0.19300076414731,0.739431284664723,0.459645151211869,1.15339619468079,0.790119803709192,1.68369755530613,2185.73496862679,TRUE,FALSE,0.0324110898137423,0.0355745999176338,138,0.702121447143028,FALSE,FALSE,0.87153496203809,FALSE,FALSE,2185.73496862679,1.5899488004884,0.103122364529872,0.0855817529340847,"medium",3.24110898137423,3.55745999176338
"9d48aaff-46ab-411b-9456-171d4709f951","Fear of Missing Out",0.172203789648012,0.202601826240973,0.849961685158723,0.395346388485839,1.18791989432542,0.798599436642779,1.7670356508971,2188.10375827472,TRUE,FALSE,NA,NA,0.141587198493353,0.21076567576472,0.671775411150954,0.501726684718034,1.15210096134891,0.762224973539131,1.74139744986058,2185.83015085504,TRUE,FALSE,0.0321712346031235,0.0352778842721418,113,0.820459584162591,FALSE,FALSE,0.888198453598217,FALSE,FALSE,2185.83015085504,2.27360741967641,0.0358189329765126,0.0306141997748909,"medium",3.21712346031235,3.52778842721418
"f20015ad-8fda-498f-ac28-1ffb824ab480","Caldaia Guardian",0.128904132196546,0.254142835622348,0.507211355696427,0.61200652809214,1.1375810615404,0.691276199232543,1.87203128505231,2188.57042094587,TRUE,FALSE,NA,NA,0.141549521058247,0.270828499658446,0.522653713463545,0.601215254288836,1.15205755395745,0.677548367066565,1.95888097757017,2186.00923327859,TRUE,FALSE,0.032141195785467,0.0352800591700045,74,0.916567916305174,FALSE,FALSE,0.922484465793244,FALSE,FALSE,2186.00923327859,2.56118766728105,0.0144764924170531,0.0126452203584148,"low",3.2141195785467,3.52800591700045
"7d48d622-f397-4f31-b1a5-0c23f60aa71c","Mana Tithe",0.233795573418779,0.205851514493694,1.13574861955141,0.256061786149566,1.26338619608655,0.84394040675532,1.89130022414582,2187.53209082327,TRUE,FALSE,NA,NA,0.139494434045152,0.20848018672013,0.669101636178085,0.503430646326228,1.14969240656423,0.764046420437625,1.72998995133615,2185.83299489118,TRUE,FALSE,0.0317065986019563,0.0347655532867551,114,0.724975741393735,FALSE,FALSE,0.888198453598217,FALSE,FALSE,2185.83299489118,1.69909593209695,0.113693789522324,0.0942313187787838,"medium",3.17065986019563,3.47655532867551
"94b67489-5eb0-4406-9bf3-27e50dc632eb","Nadu, Winged Wisdom",0.13119858165356,0.283840723645544,0.462226068086687,0.643919211174405,1.14019418047762,0.653685299545115,1.9887899729422,2188.61394518507,TRUE,FALSE,NA,NA,0.137228592643508,0.302516381846,0.453623674215985,0.650099710951745,1.14709033496432,0.634001780762846,2.07541410212656,2186.07627484489,TRUE,FALSE,0.031169490804384,0.034204529364889,55,0.929543828680698,FALSE,FALSE,0.947443968054762,FALSE,FALSE,2186.07627484489,2.53767034017892,0.00689615448669767,0.00602999271856234,"low",3.1169490804384,3.4204529364889
"43aa7e35-55ee-4e02-a8aa-ea2b267055d1","Woodfall Primus",0.069343145498922,0.212071701439042,0.326979719728678,0.743683224173895,1.0718039307483,0.707287965830407,1.6241809863381,2188.72005083614,TRUE,FALSE,NA,NA,0.135832398607231,0.219527744654814,0.618748207980794,0.536082246327213,1.14548989180416,0.744947166239864,1.76139617907212,2185.89840699352,TRUE,FALSE,0.0308750595030584,0.0338232905154085,106,0.949312199698855,FALSE,FALSE,0.892273965996929,FALSE,FALSE,2185.89840699352,2.82164384261705,0.0736859610558636,0.0664647691761838,"medium",3.08750595030584,3.38232905154085
"2bf2da97-3331-4614-b4ff-f03d061500a7","Fire Covenant",0.078175016585974,0.208249793230685,0.375390608428489,0.70736998846913,1.08131188962562,0.718927631341891,1.62636036183965,2188.68601424559,TRUE,FALSE,NA,NA,0.135649883717129,0.212496515349266,0.638362862064679,0.523237500225137,1.14528084192038,0.755146667985268,1.73697145531925,2185.87383733142,TRUE,FALSE,0.0308288147008101,0.0337895631531609,109,0.944094612146471,FALSE,FALSE,0.888198453598217,FALSE,FALSE,2185.87383733142,2.81217691417078,0.0639689522947633,0.0574590506727717,"medium",3.08288147008101,3.37895631531609
"162e81d3-6cd4-4cb8-8ed8-cfbd8d34ca71","Mind Stone",-0.0225969700206957,0.277205454214763,-0.0815170469307898,0.935030768503978,0.97765642923247,0.567837688783652,1.68324877425272,2188.82043656959,TRUE,FALSE,NA,NA,0.134655118351925,0.285070536384704,0.472357192923675,0.63667185365124,1.14414212267854,0.654369479974418,2.00049243882605,2186.05874562639,TRUE,FALSE,0.0305934066276089,0.0335512592729854,60,0.983364582269757,FALSE,FALSE,0.940148313269562,FALSE,FALSE,2186.05874562639,2.7616909431913,0.166485693446071,0.156928840672575,"low",3.05934066276089,3.35512592729854
"3028075c-5fc5-4942-a984-1ffcf7a8933d","Knight of Autumn",0.0818162293749325,0.221830357580012,0.368823412031972,0.712259352788434,1.08525635326458,0.702597377668795,1.67632471986872,2188.69103286772,TRUE,FALSE,NA,NA,0.132921604194154,0.227691305610212,0.583779884953995,0.559368413155131,1.14216045423178,0.73099156754733,1.78460403803015,2185.94057354358,TRUE,FALSE,0.0302020823025752,0.0331239130866063,96,0.944094612146471,FALSE,FALSE,0.907785494010433,FALSE,FALSE,2185.94057354358,2.7504593241365,0.0569041009672011,0.0510942548118434,"low",3.02020823025752,3.31239130866063
"4c732dc7-dd6b-4cc1-bbe0-ff3b1d2c7419","Animate Dead",-0.0453761839497012,0.191315179057057,-0.237180260203861,0.812516949522967,0.955637918559686,0.656814309162827,1.39041403125505,2188.77083135703,TRUE,FALSE,NA,NA,0.129479323834449,0.206826838286597,0.626027670814323,0.531296791878386,1.13823557687226,0.75888784507303,1.70720909139485,2185.88965286515,TRUE,FALSE,0.0294200792196264,0.0322096413281517,131,0.951247021317424,FALSE,FALSE,0.888198453598217,FALSE,FALSE,2185.88965286515,2.88117849187938,0.182597658312574,0.17441135647491,"medium",2.94200792196264,3.22096413281517
"45fd6e91-df76-497f-b642-33dc3d5f6a5a","Mox Ruby",0.159856204393503,0.182708038746232,0.874927044756531,0.381613602649304,1.17334213741625,0.820163513784009,1.6786064587105,2188.05965631458,TRUE,FALSE,NA,NA,0.125568792190784,0.186170577941765,0.674482475045342,0.50000462375628,1.13379316239336,0.787158588598331,1.63307236141445,2185.82631692028,TRUE,FALSE,0.0285511920884355,0.031273234510437,144,0.818708108990727,FALSE,FALSE,0.888198453598217,FALSE,FALSE,2185.82631692028,2.23333939429313,0.0395489750228863,0.0342840534979895,"medium",2.85511920884355,3.1273234510437
"fa7b7897-36e0-415a-8bb7-602886164852","Show and Tell",-0.0681595014980091,0.264896348386943,-0.257306308346864,0.796942323009254,0.934111469515649,0.555794673981599,1.56993990465906,2188.76084956429,TRUE,FALSE,NA,NA,0.121721158387351,0.280460623040545,0.434004449778869,0.664285209754084,1.12943912324128,0.651823367322769,1.9570220968718,2186.09371709711,TRUE,FALSE,0.0276577959090855,0.0302996525666127,64,0.949312199698855,FALSE,FALSE,0.952417704643675,FALSE,FALSE,2186.09371709711,2.66713246718655,0.195327653725635,0.189312202386736,"low",2.76577959090855,3.02996525666127
"1e3e8085-cfcd-4e88-b441-4d1f8ac63904","Forth Eorlingas!",0.206274039750889,0.180803721774243,1.14087275265522,0.253922879638917,1.22908997735978,0.862343793963696,1.75180964137588,2187.51895413815,TRUE,FALSE,NA,NA,0.121225243122521,0.188775206438846,0.642167186090681,0.520764636301058,1.128879155999,0.779756052440344,1.63431645687228,2185.86847823334,TRUE,FALSE,0.0275785051886469,0.030205546060559,148,0.724975741393735,FALSE,FALSE,0.888198453598217,FALSE,FALSE,2185.86847823334,1.65047590480754,0.100210821360775,0.0849975684100931,"medium",2.75785051886469,3.0205546060559
"52eef0d6-24b7-40b7-8403-e8e863d0cd55","Bristly Bill, Spine Sower",0.147600858563401,0.180692647113186,0.816861454638739,0.4140076076342,1.15905017907073,0.813380117274256,1.65162301004577,2188.15997699687,TRUE,FALSE,NA,NA,0.121104750381711,0.20797626227928,0.582300831135652,0.560364065761559,1.12874314244994,0.750865510596424,1.69678998921625,2185.94271855289,TRUE,FALSE,0.0275142188294264,0.030170915245108,146,0.835646691906818,FALSE,FALSE,0.907785494010433,FALSE,FALSE,2185.94271855289,2.21725844398088,0.0303070366207923,0.0264945581715813,"medium",2.75142188294264,3.0170915245108
"3ca1e1de-b916-445f-b3b2-0f4d0cc7ceeb","Stern Scolding",0.010850062652685,0.22083275662746,0.0491324874913771,0.960813713388687,1.01090913804639,0.655745750686893,1.55843523852837,2188.82466770122,TRUE,FALSE,NA,NA,0.119610363047416,0.231583859157963,0.516488340259629,0.605513380383655,1.12705762271753,0.715843292712786,1.77449296215639,2186.01513796005,TRUE,FALSE,0.0271795836312235,0.0297714725275439,93,0.990203309327635,FALSE,FALSE,0.922484465793244,FALSE,FALSE,2186.01513796005,2.80952974116917,0.116148484671146,0.108653218378049,"low",2.71795836312235,2.97714725275439
"4b4956a2-9a39-4152-9c98-70e4b2acfa26","Miscalculation",0.0656478994140068,0.178773016511979,0.367213691947789,0.713459626987401,1.06785066012174,0.752204377814054,1.51595107121848,2188.69212394244,TRUE,FALSE,NA,NA,0.119031722762635,0.185744795211313,0.640834768087137,0.521630041184156,1.12640565042067,0.782682563453935,1.62107826153749,2185.87096837187,TRUE,FALSE,0.0270687977915597,0.0296386081234082,155,0.944094612146471,FALSE,FALSE,0.888198453598217,FALSE,FALSE,2185.87096837187,2.82115557056613,0.0585549902989242,0.0533711490472593,"medium",2.70687977915597,2.96386081234082
"80fca8c0-ae3e-439e-b202-228b9f360e9a","Portable Hole",0.15928335163057,0.244382563517313,0.651778708505469,0.514543938778603,1.17267017761635,0.726362212806215,1.89320881679406,2188.40096333476,TRUE,FALSE,NA,NA,0.116805508333117,0.248930448384976,0.469229493984902,0.638905605722684,1.12390081908854,0.689976202924055,1.83071973467312,2186.06126111405,TRUE,FALSE,0.0265581791025229,0.0291013576315204,78,0.880352520254015,FALSE,FALSE,0.940148313269562,FALSE,FALSE,2186.06126111405,2.33970222070684,0.0487693585278139,0.0424714573142201,"low",2.65581791025229,2.91013576315204
"310a1c46-8331-4a09-9fcb-d942f8102364","Thoughtseize",0.0653255190268129,0.201534212880897,0.32414108797209,0.7458312210432,1.06750646149689,0.719152719623682,1.58460089803169,2188.72177270239,TRUE,FALSE,NA,NA,0.11573078332335,0.202620380881925,0.571170495384623,0.567884076161778,1.12269358360905,0.754722487743079,1.67007198426822,2185.95438771206,TRUE,FALSE,0.0263540777490809,0.0288135911839371,138,0.949312199698855,FALSE,FALSE,0.907785494010433,FALSE,FALSE,2185.95438771206,2.76738499033081,0.0551871221121574,0.0503945949918816,"medium",2.63540777490809,2.88135911839371
"0e0d989d-7186-40dc-bdfe-cfbb77656bc8","Emrakul, the Aeons Torn",0.0114580141335598,0.272751242630385,0.042009026331319,0.966491502498772,1.01152390861029,0.592659987442479,1.72642094855366,2188.82531647644,TRUE,FALSE,NA,NA,0.114743380908057,0.286099050750686,0.401061732316084,0.688374674341469,1.12158558036552,0.64017688464107,1.96501036551666,2186.1207689404,TRUE,FALSE,0.0260871036894449,0.0285651545201157,61,0.993104230697017,FALSE,FALSE,0.952417704643675,FALSE,FALSE,2186.1207689404,2.70454753603781,0.110061671755227,0.103193645074516,"low",2.60871036894449,2.85651545201157
"e4e6794a-feeb-4fc8-a2ee-38c75c18aaae","Heartless Act",0.00135485654553357,0.21651316734932,0.00625761731778492,0.995007176339392,1.00135577477831,0.655071459084209,1.53069313855264,2188.82704251047,TRUE,FALSE,NA,NA,0.106966706011495,0.224654597401292,0.476138513294808,0.633975700695769,1.11289720107588,0.716514850919629,1.72856177171052,2186.05582623994,TRUE,FALSE,0.0242932678769098,0.0266346506186892,104,0.997284080633075,FALSE,FALSE,0.940148313269562,FALSE,FALSE,2186.05582623994,2.77121627052247,0.111541426297573,0.105513793828299,"medium",2.42932678769098,2.66346506186892
"89af0f45-c11c-4f13-9950-b1489440ee5b","Chain Lightning",0.21285685683988,0.190205915569505,1.11908641854042,0.263103273317647,1.23720754077072,0.852189177333229,1.79617688144071,2187.5732675979,TRUE,FALSE,NA,NA,0.102495240790846,0.199026581315421,0.514982672733598,0.606565128192818,1.107932029017,0.750063913121405,1.63654504562606,2186.01662261521,TRUE,FALSE,0.0233024529047637,0.0255205370129037,130,0.724975741393735,FALSE,FALSE,0.922484465793244,FALSE,FALSE,2186.01662261521,1.55664498268698,0.129275511753714,0.110249738155598,"medium",2.33024529047637,2.55205370129037
"ee8e9928-d9b2-4570-adb8-44b34115decd","Tireless Tracker",0.161484210985421,0.213200071962847,0.757430377479242,0.448792062504941,1.17525390191089,0.773841714093161,1.78488922062748,2188.25201745388,TRUE,FALSE,NA,NA,0.102473604679168,0.218868935081595,0.468196204458919,0.639644286197099,1.10790805793521,0.721437515529843,1.70140897640497,2186.06241581935,TRUE,FALSE,0.0233011516711112,0.0255142655658863,103,0.849956762559716,FALSE,FALSE,0.940148313269562,FALSE,FALSE,2186.06241581935,2.18960163452994,0.0673458439756789,0.0589934881187477,"medium",2.33011516711112,2.55142655658863
"f05e9a3e-8a35-4687-85cb-e31b3927a5e2","Daze",-0.0712754634519061,0.191355641362692,-0.372476415873268,0.709538168222392,0.93120534375594,0.639970933207689,1.35497308900154,2188.68844318089,TRUE,FALSE,NA,NA,0.10171512833521,0.199897254874264,0.508837044306531,0.61086645114474,1.10706805448363,0.748201096749582,1.63806185607393,2186.02279956661,TRUE,FALSE,0.0231291912619113,0.0253101387831143,131,0.944094612146471,FALSE,FALSE,0.925811438067114,FALSE,FALSE,2186.02279956661,2.66564361428709,0.175862710727692,0.172560472878253,"medium",2.31291912619113,2.53101387831143
"3d8ca18d-9099-4f1e-95c1-f04da58a26bd","Gut, True Soul Zealot",0.276944573424315,0.193438129926373,1.43169587883075,0.152230876360129,1.31909325618652,0.902854235359522,1.92722916986028,2186.7526690313,TRUE,FALSE,NA,NA,0.099229770965511,0.205858410566513,0.482029229179585,0.62978518255236,1.10432001108517,0.737674422427324,1.65319909408043,2186.04873836502,TRUE,FALSE,0.0225946379350686,0.0247054363220972,140,0.679147373525965,FALSE,FALSE,0.940148313269562,FALSE,FALSE,2186.04873836502,0.703930666282304,0.21477324510135,0.177248551043169,"medium",2.25946379350686,2.47054363220972
"6920c895-bc98-4871-a53f-219fa27a74e5","Occult Epiphany",-0.0191942505982914,0.202994892175714,-0.0945553377849366,0.924668026107138,0.980988786075026,0.658978586285882,1.46034942323219,2188.8181399928,TRUE,FALSE,NA,NA,0.0946043734531273,0.209191435277514,0.452238273176073,0.651097338777359,1.09922388693867,0.729489109615427,1.65635530083998,2186.07750827282,TRUE,FALSE,0.0215035392082953,0.0235368274507164,113,0.98303758663691,FALSE,FALSE,0.947443968054762,FALSE,FALSE,2186.07750827282,2.74063171998023,0.11823510086364,0.113675973997743,"medium",2.15035392082953,2.35368274507164
"825969b9-3c70-4fca-8cab-696e9ca7cdb2","Prismatic Ending",0.143175150207112,0.231117061348238,0.619491911899056,0.53559234852368,1.15393189537758,0.733583177280952,1.81514361344158,2188.44013363416,TRUE,FALSE,NA,NA,0.0914087794696122,0.237958494975255,0.384137492040861,0.700876544610857,1.09571682026407,0.687296240597971,1.74683823261575,2186.13367370659,TRUE,FALSE,0.0208085714598721,0.0227596309265526,97,0.885870869887462,FALSE,FALSE,0.953366231489302,FALSE,FALSE,2186.13367370659,2.30645992756899,0.058215075113512,0.0517548137260244,"low",2.08085714598721,2.27596309265526
"ebc01ab4-d89a-4d25-bf54-6aed33772f4b","Force of Will",0.0617134677593682,0.199422734468745,0.309460543321556,0.756971221932568,1.06365752888532,0.71953141467121,1.57236684276169,2188.73133174843,TRUE,FALSE,NA,NA,0.0867853637755258,0.215874696017331,0.402017306227305,0.687671289804301,1.09066255889995,0.714388004611311,1.6651242877929,2186.12031905261,TRUE,FALSE,0.0197298301253622,0.0215906142520602,116,0.949312199698855,FALSE,FALSE,0.952417704643675,FALSE,FALSE,2186.12031905261,2.6110126958165,0.0270050300146352,0.0250705827492862,"medium",1.97298301253622,2.15906142520602
"071daca8-ccc6-4707-843e-adac40dd1588","Fury",0.204183769947787,0.196230955048888,1.04052783057045,0.298094741047873,1.22652353091201,0.834912039206333,1.80181851648817,2187.74194876526,TRUE,FALSE,NA,NA,0.0861244989109647,0.205579050999613,0.418936163447543,0.675262786762345,1.0899420164525,0.728468829826385,1.63078164855959,2186.10631149318,TRUE,FALSE,0.0195867873308119,0.0214379766188185,121,0.742477834825858,FALSE,FALSE,0.952417704643675,FALSE,FALSE,2186.10631149318,1.63563727207793,0.136581514459507,0.117922336133942,"medium",1.95867873308119,2.14379766188185
"fadb218d-29e2-42d1-a7a1-1066741d63ad","Mox Diamond",0.000675733395449164,0.212413249345472,0.00318122055724566,0.997461757514104,1.00067596175469,0.659908404058903,1.5174111653597,2188.82707154652,TRUE,FALSE,NA,NA,0.085143152341975,0.217782327469766,0.3909552870115,0.695830286497662,1.08887293025209,0.710554086701352,1.66861929362756,2186.12904233426,TRUE,FALSE,0.0193597588906412,0.0211881037918262,102,0.997461757514104,FALSE,FALSE,0.952417704643675,FALSE,FALSE,2186.12904233426,2.69802921225983,0.0881969684974011,0.0844172336285439,"medium",1.93597588906412,2.11881037918262
"f3537373-ef54-4578-9d05-6216420ee349","Esper Sentinel",0.147461911681292,0.1995446111422,0.738992202481518,0.459911732240244,1.15888914385007,0.783765409364289,1.71355361143441,2188.27996995306,TRUE,FALSE,NA,NA,0.0844669380935038,0.206371543652318,0.409295470676949,0.68232283902485,1.08813686775791,0.72613357936598,1.63061160731311,2186.11425295271,TRUE,FALSE,0.0192108864047944,0.0210270275909389,116,0.849956762559716,FALSE,FALSE,0.952417704643675,FALSE,FALSE,2186.11425295271,2.16571700034638,0.0707522760921653,0.0629741495885353,"medium",1.92108864047944,2.10270275909389
"07c17b01-ee5d-491a-8403-b3f819b778c4","Wishclaw Talisman",-0.00516003450969627,0.246072899809635,-0.0209695359126833,0.983269957150132,0.994853255599408,0.614182650838645,1.6114636237694,2188.82664193752,TRUE,FALSE,NA,NA,0.0837379707399483,0.258640701727254,0.323761767504996,0.746118403509733,1.08734394054925,0.654949068329709,1.8052042551406,2186.17713068215,TRUE,FALSE,0.0190389477278296,0.0208333333229516,76,0.996926484332773,FALSE,FALSE,0.962535990370137,FALSE,FALSE,2186.17713068215,2.64951125537073,0.0924906849498391,0.0888395058075335,"low",1.90389477278296,2.08333333229516
"17db2b6a-eaa8-4a08-9e86-370bbd058574","Bayou",-0.102503004853425,0.212180386554408,-0.483093685132585,0.629029217659915,0.902575437641955,0.595486498790493,1.36802836384907,2188.59378535383,TRUE,FALSE,NA,NA,0.0828079758144538,0.227765865386262,0.363566224789751,0.71618195187578,1.08633318627329,0.695160086021179,1.69762305881689,2186.14961801329,TRUE,FALSE,0.0188296760689003,0.0206049399963408,104,0.92423184760138,FALSE,FALSE,0.955085509788601,FALSE,FALSE,2186.14961801329,2.44416734054494,0.183757748631336,0.184782494702649,"medium",1.88296760689003,2.06049399963408
"2a717b98-cdac-416d-bf6c-f6b6638e65d1","Tamiyo, Inquisitive Student // Tamiyo, Seasoned Scholar",0.00242385579392879,0.189907035498274,0.012763380711879,0.989816572073759,1.00242679570721,0.690876682314469,1.45447010512137,2188.82691875882,TRUE,FALSE,NA,NA,0.0823283257063887,0.200169930863809,0.411292172361307,0.680858308602021,1.08581225138633,0.73344348058386,1.60746980029341,2186.11270586129,TRUE,FALSE,0.0187237720565028,0.0204820756123819,130,0.997150795236874,FALSE,FALSE,0.952417704643675,FALSE,FALSE,2186.11270586129,2.71421289753289,0.0833854556791138,0.079861983037978,"medium",1.87237720565028,2.04820756123819
"2b9b0195-beda-403e-bc27-7ae3be9f318c","Temple Garden",0.0948190920095193,0.22739359977428,0.416982237422868,0.676691400077264,1.09945993604598,0.704073613578746,1.71688318899771,2188.65306304623,TRUE,FALSE,NA,NA,0.0812122558349631,0.236483524014004,0.343416126656477,0.731285429091685,1.08460108504538,0.682293438985807,1.72412549566681,2186.16387331602,TRUE,FALSE,0.0184687431841771,0.0202147347936578,88,0.944094612146471,FALSE,FALSE,0.962535990370137,FALSE,FALSE,2186.16387331602,2.48918973020636,0.0148588510005954,0.0136066262408461,"low",1.84687431841771,2.02147347936578
"1066a94a-8e4f-4d77-820b-7a77a18116f0","Wooded Foothills",0.204527623526284,0.201945776296487,1.01278485382139,0.311162936820939,1.22694534793471,0.825896267064846,1.82274087782073,2187.79802361592,TRUE,FALSE,NA,NA,0.0810371191079808,0.206296598163213,0.392818494485632,0.694453543850561,1.08441114819421,0.723753645395362,1.62478979665173,2186.12739612302,TRUE,FALSE,0.0184327453455738,0.0201691083309778,118,0.742477834825858,FALSE,FALSE,0.952417704643675,FALSE,FALSE,2186.12739612302,1.6706274928938,0.142534199740506,0.123333808505285,"medium",1.84327453455738,2.01691083309778
"25b0b816-0583-44aa-9dc5-f3ff48993a51","Gaea's Cradle",0.237564687343813,0.212171265400671,1.11968360510641,0.262848613955051,1.26815702784717,0.836698914666163,1.92210390032578,2187.56539502856,TRUE,FALSE,NA,NA,0.080433798969698,0.25177416921246,0.319468034474274,0.749371627205974,1.08375709843086,0.661633453052582,1.7751965880509,2186.17980825348,TRUE,FALSE,0.0182992297760452,0.0200205820809631,103,0.724975741393735,FALSE,FALSE,0.962535990370137,FALSE,FALSE,2186.17980825348,1.38558677508308,0.184399929416313,0.156808386289282,"medium",1.82992297760452,2.00205820809631
"fa87bf1e-2062-4983-b1c4-98bffea69a4c","Pyrogoyf",0.175815563637183,0.193611598912849,0.908083837044928,0.363833929234888,1.19221814999245,0.81573708945264,1.74245370910518,2187.99899438269,TRUE,FALSE,NA,NA,0.0790449781121569,0.199681842974426,0.39585461018747,0.692212287378779,1.08225299867237,0.731738964775441,1.60066855739299,2186.1249450136,TRUE,FALSE,0.0179856942130868,0.0196699588396026,133,0.804844752549904,FALSE,FALSE,0.952417704643675,FALSE,FALSE,2186.1249450136,1.87404936908388,0.109965151320075,0.0966951384585627,"medium",1.79856942130868,1.96699588396026
"a8069994-b103-40dc-9e14-062004914ec8","Cathar Commando",0.142107500237662,0.207772253161382,0.683958026518986,0.494001670785555,1.15270055746065,0.767109199163035,1.73211138208198,2188.35872718841,TRUE,FALSE,NA,NA,0.0785097332830423,0.21691971962384,0.361929903925683,0.717404412603767,1.08167388334911,0.707050690822598,1.65478713917712,2186.15088526369,TRUE,FALSE,0.0178548116905514,0.0195403865341775,110,0.862042756191527,FALSE,FALSE,0.955085509788601,FALSE,FALSE,2186.15088526369,2.20784192472684,0.0710266741115404,0.0635763395913174,"medium",1.78548116905514,1.95403865341775
"652236c2-84ef-45e4-b5fc-ed6170bc3d6c","Meticulous Archive",0.0383020034360321,0.25360542978035,0.151029902905493,0.879952127345428,1.03904498065401,0.632063990649294,1.708077801922,2188.80427268194,TRUE,FALSE,NA,NA,0.0784364039531589,0.260910559695303,0.300625639854357,0.763699977601229,1.0815945678362,0.648594027757148,1.80366571246136,2186.19154725749,TRUE,FALSE,0.0178352673884922,0.0195201082181442,68,0.975065798771261,FALSE,FALSE,0.972385436596914,FALSE,FALSE,2186.19154725749,2.61272542444749,0.0425495871821904,0.040129014110374,"low",1.78352673884922,1.95201082181442
"2b73d294-6ab1-4051-9b0f-d8e335d37674","Unholy Heat",0.234952832301629,0.198028763230167,1.1864581107773,0.235441434687642,1.26484910730468,0.857972232021239,1.86467953686622,2187.41211594136,TRUE,FALSE,NA,NA,0.0780318405460873,0.207738903708785,0.375624590064627,0.707196007085808,1.08115708275396,0.719544856417978,1.62450002548562,2186.14064292816,TRUE,FALSE,0.0177523035333467,0.0194191539663782,122,0.70877212682291,FALSE,FALSE,0.955085509788601,FALSE,FALSE,2186.14064292816,1.27147301320065,0.183692024550718,0.156599778235135,"medium",1.77523035333467,1.94191539663782
"fe30c0ff-f74b-456a-a61e-3720d84d713f","Parallax Wave",0.0458805914574772,0.196901288306285,0.233013160310605,0.815751186569915,1.04694938879212,0.711737629323924,1.54003803864266,2188.77273266389,TRUE,FALSE,NA,NA,0.0760927409432965,0.204031960144913,0.37294520372814,0.709189227416678,1.07906264280435,0.723387744639644,1.60961558406819,2186.1426637923,TRUE,FALSE,0.0173134863683937,0.0189354583730655,129,0.951247021317424,FALSE,FALSE,0.955085509788601,FALSE,FALSE,2186.1426637923,2.63006887159099,0.0321132540122337,0.0302098516235764,"medium",1.73134863683937,1.89354583730655
"54f449ff-4025-465e-9ec5-a5cf42c4c9d3","Xander's Lounge",-0.032648803787477,0.189374019761625,-0.172403816682847,0.863120071828281,0.967878415141128,0.667763050948585,1.40287580327386,2188.79737206076,TRUE,FALSE,NA,NA,0.0715484587996137,0.19402291463472,0.368762931606894,0.712304436643683,1.07417020243871,0.734374286015398,1.57119012168549,2186.14582338444,TRUE,FALSE,0.0162749563834217,0.0177950626450876,132,0.966881704016332,FALSE,FALSE,0.955085509788601,FALSE,FALSE,2186.14582338444,2.65154867631645,0.106291787297584,0.104103091750634,"medium",1.62749563834217,1.77950626450876
"5f1cdcba-a04a-4a2f-8bc1-0dd7fa03754d","Exhume",-0.0527449959130947,0.261751277992442,-0.201508074068,0.84030131672704,0.948621884099235,0.567918418045554,1.5845294859231,2188.78653233447,TRUE,FALSE,NA,NA,0.0705932249842474,0.275302407274506,0.256420660041153,0.7976260366101,1.0731446086568,0.625627900178288,1.84077364638145,2186.2160722341,TRUE,FALSE,0.0160575644199784,0.0175550768056379,67,0.96220727866112,FALSE,FALSE,0.990943537824665,FALSE,FALSE,2186.2160722341,2.57046010037038,0.124522724557565,0.123182103377149,"low",1.60575644199784,1.75550768056379
"f83ed433-fae3-4fa5-acad-bb8a5b535ce3","Coveted Jewel",-0.0327915417550637,0.272235880512907,-0.120452681304472,0.90412456149679,0.96774027200265,0.567579831337067,1.65002556882539,2188.81256959552,TRUE,FALSE,NA,NA,0.0702521743219625,0.277551049565589,0.253114425010888,0.800179792210087,1.0727786743819,0.622664217122529,1.84827400155889,2186.21790126798,TRUE,FALSE,0.0159747752031065,0.0174733606432078,60,0.980096887436532,FALSE,FALSE,0.990943537824665,FALSE,FALSE,2186.21790126798,2.59466832753697,0.105038402379251,0.102952636205962,"low",1.59747752031065,1.74733606432078
"17260fff-b239-4af4-9306-3236ae3fa5a5","Thundering Falls",0.0120937497040894,0.211690866672905,0.0571292937393284,0.95444220149393,1.01216717479137,0.668432173062716,1.53266469061629,2188.82381737228,TRUE,FALSE,NA,NA,0.0659344860857334,0.216699335448381,0.304267135611218,0.760924380887359,1.06815673574483,0.698516686590392,1.63340237108195,2186.18924350829,TRUE,FALSE,0.0149983452280966,0.016399552688216,106,0.989679026151889,FALSE,FALSE,0.972385436596914,FALSE,FALSE,2186.18924350829,2.63457386398522,0.0559895609534609,0.0538277339119076,"medium",1.49983452280966,1.6399552688216
"aced2c55-7543-4076-bcdd-36c4d649b8ae","Mox Emerald",0.161367098918242,0.182923104358303,0.882158103998506,0.377691314658325,1.17511627355611,0.821057458797132,1.68185337284365,2188.04867035743,TRUE,FALSE,NA,NA,0.0625436994650189,0.186854859322217,0.334718078469489,0.737837762695474,1.06454097777265,0.738088291907509,1.53538202107012,2186.16986632814,TRUE,FALSE,0.0142235054737253,0.0155561549252743,142,0.818708108990727,FALSE,FALSE,0.962535990370137,FALSE,FALSE,2186.16986632814,1.87880402929341,0.11057529578346,0.0987430516145781,"medium",1.42235054737253,1.55561549252743
"29632951-3c3d-478c-8c5a-9a34f30a5c28","Dauthi Voidwalker",0.148851899080396,0.204672718117957,0.727267905801735,0.4670618547301,1.16050110520043,0.777006449269491,1.73327108988295,2188.29718562687,TRUE,FALSE,NA,NA,0.062494057106043,0.206673094564303,0.302381194019423,0.762361489163051,1.06448813275897,0.709932624698802,1.59611623041754,2186.19039583304,TRUE,FALSE,0.0142157584560002,0.0155440319464293,113,0.849956762559716,FALSE,FALSE,0.972385436596914,FALSE,FALSE,2186.19039583304,2.10678979382146,0.0960129724414576,0.086304212895442,"medium",1.42157584560002,1.55440319464293
"53d4fd57-74b6-42c7-88b1-110e5a8dfc3c","Spell Pierce",-0.0277893998158949,0.218777445853598,-0.127021319347933,0.898923524822535,0.972593173535728,0.63343797422118,1.49333876354878,2188.81095274875,TRUE,FALSE,NA,NA,0.0620236534960639,0.226131976738375,0.274280773514056,0.783868858672747,1.06398751145481,0.683044668636249,1.65738710294314,2186.20664767191,TRUE,FALSE,0.0141076128244827,0.0154207567352029,95,0.980096887436532,FALSE,FALSE,0.98713087740247,FALSE,FALSE,2186.20664767191,2.60430507683714,0.0913943379190784,0.0897527297520286,"low",1.41076128244827,1.54207567352029
"4e4fb50c-a81f-44d3-93c5-fa9a0b37f617","Omnath, Locus of Creation",0.0344401397537139,0.250933242419907,0.137248215587485,0.890834600946374,1.03504006876824,0.632934071070591,1.692605901502,2188.80823454998,TRUE,FALSE,NA,NA,0.0600424089006377,0.27132621769909,0.221292322613758,0.824864827478571,1.06188157882083,0.623905117296089,1.80731405494131,2186.23291271995,TRUE,FALSE,0.0136575734139087,0.0149355249411258,73,0.975673376127379,FALSE,FALSE,0.990943537824665,FALSE,FALSE,2186.23291271995,2.57532183002559,0.0268415100525916,0.0256008707654409,"low",1.36575734139087,1.49355249411258
"97b9bab9-12ee-4da5-9d53-d0b82d9279cd","Pyrite Spellbomb",0.0121309048742425,0.220039661049027,0.0551305379057989,0.95603446740246,1.01220478273363,0.657607631136067,1.55800886984666,2188.82404256098,TRUE,FALSE,NA,NA,0.0596966934564205,0.227264601803644,0.262674842376018,0.792801208914897,1.06151453340939,0.679945979364489,1.65720974729866,2186.21294673588,TRUE,FALSE,0.0135752585013353,0.0148480546970726,95,0.989679026151889,FALSE,FALSE,0.990943537824665,FALSE,FALSE,2186.21294673588,2.61109582509334,0.0493097506757614,0.0475568224608854,"low",1.35752585013353,1.48480546970726
"207d5f12-fbc6-4c75-9d84-fd2f0023fbd0","Sneak Attack",-0.0239255705550169,0.218331434068344,-0.109583719161243,0.912739523113749,0.976358376865684,0.636446332363525,1.49780999842623,2188.81508179323,TRUE,FALSE,NA,NA,0.055436255775203,0.227001758451208,0.244210688734019,0.807067649235496,1.05700163717494,0.677404164538822,1.64931442627183,2186.22220378324,TRUE,FALSE,0.0126135400660595,0.0137787721017115,101,0.980172839281061,FALSE,FALSE,0.990943537824665,FALSE,FALSE,2186.22220378324,2.59287800998254,0.080643260309251,0.0793201988358172,"medium",1.26135400660595,1.37787721017115
"492b368b-de32-45c1-8459-238aae54f9fc","Unmarked Grave",-0.132585592720409,0.269734676234701,-0.491540778409388,0.623044017814947,0.875827966399649,0.516197642807608,1.48600954966709,2188.58438066279,TRUE,FALSE,NA,NA,0.0554118924113028,0.285492786176271,0.194092093020837,0.846103772758073,1.05697588537311,0.604016376204092,1.84961545129162,2186.24430845455,TRUE,FALSE,0.0125993402868015,0.0137740964071896,64,0.92423184760138,FALSE,FALSE,0.990943537824665,FALSE,FALSE,2186.24430845455,2.34007220823469,0.181147918973458,0.187445734658807,"low",1.25993402868015,1.37740964071896
"e5145f31-a4ac-44ef-8f85-e4d95f2c9ff5","Library of Alexandria",-0.00945321688683656,0.179696798139175,-0.052606484838506,0.958045449973518,0.990591324304907,0.696519881543785,1.40882004633268,2188.82431433011,TRUE,FALSE,NA,NA,0.0546958209153498,0.1891264450149,0.289202395313044,0.772426498941962,1.05621928599164,0.729065274418016,1.53017736442217,2186.19826443868,TRUE,FALSE,0.0124415344064549,0.0135981801259024,151,0.989679026151889,FALSE,FALSE,0.977811579585489,FALSE,FALSE,2186.19826443868,2.62604989142346,0.0656279616867292,0.0641270485472234,"medium",1.24415344064549,1.35981801259024
"60d0e6a6-629a-45a7-bfcb-25ba7156788b","Elvish Mystic",0.108427632488054,0.211017568751597,0.513832251643896,0.607369277057823,1.11452425027286,0.737000430797059,1.6854322637273,2188.56263529828,TRUE,FALSE,NA,NA,0.0545870281642398,0.240580190390587,0.226897435219486,0.820503496447127,1.05610438324014,0.65905377625024,1.69236033308995,2186.23040685784,TRUE,FALSE,0.0124179150010178,0.0135748067903608,107,0.914184685056104,FALSE,FALSE,0.990943537824665,FALSE,FALSE,2186.23040685784,2.33222844043939,0.058419867032717,0.0538276019497343,"medium",1.24179150010178,1.35748067903608
"5b8ba842-c662-4686-bca3-93ddb7fa11a6","Mother of Runes",0.136974388279493,0.191652048240659,0.714703492798015,0.474792279042323,1.14679877665452,0.787679792603921,1.66964729384345,2188.31519061911,TRUE,FALSE,NA,NA,0.0514654755206025,0.19883688002498,0.258832644699197,0.795764369106896,1.05281283784955,0.713013582237117,1.5545494492028,2186.21488737631,TRUE,FALSE,0.0117092450995746,0.0127983172236957,131,0.855446385071615,FALSE,FALSE,0.990943537824665,FALSE,FALSE,2186.21488737631,2.10030324279569,0.0939859388049704,0.0854568490048281,"medium",1.17092450995746,1.27983172236957
"4acaef84-55d1-43dc-b10a-696182e6709b","Repeal",-0.0168871356877421,0.210112876354365,-0.0803717315223516,0.935941609131786,0.983254652732778,0.65134985246681,1.48428637614518,2188.82062180846,TRUE,FALSE,NA,NA,0.0512770698001367,0.216891249801241,0.236418342589326,0.813108064238322,1.05261450057285,0.688094029357025,1.61024110011762,2186.22602978235,TRUE,FALSE,0.0116621894820758,0.0127482269672763,105,0.983364582269757,FALSE,FALSE,0.990943537824665,FALSE,FALSE,2186.22602978235,2.5945920261106,0.0693598478400685,0.0681378247982681,"medium",1.16621894820758,1.27482269672763
"70e33f45-7d47-423b-a123-8541f1d1afb4","Lingering Souls",0.0251761158587026,0.21378291690548,0.117764862708061,0.906253971259807,1.02549571067925,0.674463039800996,1.55922769753526,2188.81320464116,TRUE,FALSE,NA,NA,0.0498707924712128,0.224803139422996,0.221842064124267,0.82443683277886,1.05113527301047,0.676553763979228,1.63310799672191,2186.23264608186,TRUE,FALSE,0.0113472546491768,0.0124011634972375,108,0.980096887436532,FALSE,FALSE,0.990943537824665,FALSE,FALSE,2186.23264608186,2.58055855930661,0.0256395623312164,0.0246934217322142,"medium",1.13472546491768,1.24011634972375
"2b20d3e1-62ef-44db-8109-a33d4fa3e7f1","Exploration",0.0961330322455171,0.274221102979108,0.350567593818048,0.725912771777405,1.10090551018485,0.643173778250652,1.8843942078171,2188.7042447558,TRUE,FALSE,NA,NA,0.0492986690334568,0.283185456798316,0.174086161029686,0.861797749030921,1.05053406588327,0.603056235968246,1.83004794206181,2186.25161289346,TRUE,FALSE,0.0112126392937102,0.0122578416333843,63,0.949103862801502,FALSE,FALSE,0.990943537824665,FALSE,FALSE,2186.25161289346,2.45263186234024,0.0503714443015846,0.0468258043236718,"low",1.12126392937102,1.22578416333843
"1ac01fff-4de6-4783-9489-4127e25bc641","Prismatic Vista",0.0472336546307668,0.193803382228573,0.243719454674218,0.807448104984742,1.04836693625376,0.717041919802451,1.53278797609613,2188.76766788941,TRUE,FALSE,NA,NA,0.0479152630601947,0.198266780432413,0.241670656857861,0.809035368109338,1.0490817555804,0.711281058799335,1.54731033010982,2186.22351104533,TRUE,FALSE,0.0108987070291717,0.0119103591774887,125,0.951247021317424,FALSE,FALSE,0.990943537824665,FALSE,FALSE,2186.22351104533,2.54415684408195,0.00071481932664863,0.000681608403038971,"medium",1.08987070291717,1.19103591774887
"15faa763-b897-4e86-b094-73f3236291a9","Verdant Catacombs",-0.102198917952695,0.195682876433669,-0.522268068700116,0.601483698361084,0.902849940743746,0.615243376222339,1.32490335857986,2188.55435046899,TRUE,FALSE,NA,NA,0.046933352543587,0.20050428085831,0.234076561072296,0.814925542048688,1.04805215674151,0.707473548149176,1.5525857130971,2186.22712575348,TRUE,FALSE,0.0106754416442281,0.0116652236606754,126,0.911591210664896,FALSE,FALSE,0.990943537824665,FALSE,FALSE,2186.22712575348,2.32722471550778,0.14520221599776,0.148856486632444,"medium",1.06754416442281,1.16652236606754
"345a4aee-5846-4ae9-9af1-4c8fe8d692ec","Winds of Abandon",0.0331599582833863,0.212907984877505,0.155747837745327,0.876231788175388,1.03371587743461,0.681036285161546,1.5690331609966,2188.8028404567,TRUE,FALSE,NA,NA,0.0463781541890174,0.220098708001764,0.210715249580864,0.833109474326422,1.04747044140722,0.680440216207337,1.61247718680918,2186.23756081511,TRUE,FALSE,0.0105460704988352,0.0115311007138448,102,0.9746223355182,FALSE,FALSE,0.990943537824665,FALSE,FALSE,2186.23756081511,2.56527964158568,0.0137545639726113,0.013218003451287,"medium",1.05460704988352,1.15311007138448
"c2089ec9-0665-448f-bfe9-d181de127814","Brazen Borrower // Petty Theft",0.0468342108226704,0.192822425222941,0.24288778013512,0.808092332198609,1.0479482561976,0.718134973220366,1.52923278857024,2188.76807084586,TRUE,FALSE,NA,NA,0.0459066452726512,0.212293493531822,0.216241414227657,0.828799573236837,1.04697666617333,0.690604069010975,1.587248307241,2186.23515344005,TRUE,FALSE,0.0104423013115634,0.0114117643305953,125,0.951247021317424,FALSE,FALSE,0.990943537824665,FALSE,FALSE,2186.23515344005,2.53291740581835,0.000971590024272828,0.000927565483514543,"medium",1.04423013115634,1.14117643305953
"bf220c06-3cce-4bdd-aa58-83940c223e9c","Commercial District",0.1311462515691,0.286635267551965,0.457537038931623,0.647285086181765,1.14013451558101,0.6500806331197,1.99960842915895,2188.61669443808,TRUE,FALSE,NA,NA,0.0454912742766913,0.292054269968185,0.155763085681462,0.876219768764416,1.0465418727393,0.590411755473969,1.85506111835024,2186.25761663296,TRUE,FALSE,0.0103493221051831,0.0113103987314954,57,0.929543828680698,FALSE,FALSE,0.990943537824665,FALSE,FALSE,2186.25761663296,2.35907780512025,0.0935926428417124,0.0856026464104327,"low",1.03493221051831,1.13103987314954
"551c0a45-9515-4e51-84e5-79703832a661","Expedition Map",0.0169412310770791,0.233050262455607,0.0726934649142744,0.942050049034887,1.01708554754666,0.644141225067578,1.60595684730435,2188.82179710249,TRUE,FALSE,NA,NA,0.0438568577258118,0.241201422649125,0.181826695896442,0.855718733435916,1.04483278444286,0.651226396033079,1.6763379895172,2186.24885168031,TRUE,FALSE,0.00997575900883194,0.0109007423958021,86,0.986988016288523,FALSE,FALSE,0.990943537824665,FALSE,FALSE,2186.24885168031,2.57294542217869,0.0277472368962002,0.0269140018454826,"low",0.997575900883194,1.09007423958021
"5c70da33-ce5d-4b8b-9c1d-9a356a7e196f","Grave Titan",-0.0747058113281242,0.269708088377951,-0.276987656460034,0.781789584196275,0.92801645810327,0.546985128372319,1.57447524957997,2188.75029045244,TRUE,FALSE,NA,NA,0.0430612249944288,0.28080284806149,0.153350385481131,0.878121968655346,1.04400181189905,0.602111667188767,1.81019542161901,2186.25841698989,TRUE,FALSE,0.00979386054252137,0.0107018665775104,64,0.949312199698855,FALSE,FALSE,0.990943537824665,FALSE,FALSE,2186.25841698989,2.49187346255167,0.115985353795779,0.117631114843213,"low",0.979386054252137,1.07018665775104
"4820d223-4ea1-4850-931c-3d2ab5eb003b","Birthing Ritual",0.0109060179592124,0.300169946930997,0.0363328110316102,0.97101698778363,1.01096570535968,0.561340796209934,1.82073290292475,2188.82576186676,TRUE,FALSE,NA,NA,0.0410511778060483,0.308134394286493,0.133224912788802,0.894015508906556,1.04190542661488,0.569559379791569,1.90597671906801,2186.26418362461,TRUE,FALSE,0.0093367319620262,0.0102047895564108,50,0.993704300582313,FALSE,FALSE,0.990943537824665,FALSE,FALSE,2186.26418362461,2.56157824214824,0.0309397212552005,0.0301428772350079,"low",0.93367319620262,1.02047895564108
"e41cf82d-3213-47ce-a015-6e51a8b07e4f","Questing Beast",0.213801872140968,0.195959462645576,1.0910515330799,0.275250207568215,1.23837727344795,0.843429741359935,1.81826439854927,2187.63501724797,TRUE,FALSE,NA,NA,0.0401407124846279,0.233247161056404,0.172095181363948,0.863362700962461,1.04095723956696,0.659005286053752,1.64428419246168,2186.25230631419,TRUE,FALSE,0.00913088047775759,0.00997816084705322,126,0.72626259587276,FALSE,FALSE,0.990943537824665,FALSE,FALSE,2186.25230631419,1.38271093378307,0.197420033880989,0.173226029574622,"medium",0.913088047775759,0.997816084705322
"b256ddc8-8b12-434c-a610-1a872e948f2f","White Plume Adventurer",0.117701290875844,0.205275731204086,0.573381423052024,0.566386465703471,1.12490804088053,0.752285673434367,1.68209783214498,2188.49748654398,TRUE,FALSE,NA,NA,0.0389039298911397,0.211001406806056,0.184377585344247,0.853717252669575,1.03967059758471,0.687523803032019,1.57218549629156,2186.24789695592,TRUE,FALSE,0.00885127272092852,0.00967030169414601,112,0.90197116081787,FALSE,FALSE,0.990943537824665,FALSE,FALSE,2186.24789695592,2.24958958806474,0.0852374432958194,0.0787566150576589,"medium",0.885127272092852,0.967030169414601
"7054012b-4f9d-44a0-aaf9-7fd3bddc7b2d","Slickshot Show-Off",0.23096190666171,0.22093279736792,1.04539438876107,0.295840729033101,1.25981124811911,0.817040694102639,1.94252794547837,2187.73160167035,TRUE,FALSE,NA,NA,0.0366620751313606,0.231108486242661,0.158635780656128,0.873955836852053,1.03734241780248,0.659475433370648,1.63172005706466,2186.25674280669,TRUE,FALSE,0.00834013246280686,0.00911176963079319,95,0.742477834825858,FALSE,FALSE,0.990943537824665,FALSE,FALSE,2186.25674280669,1.47485886365757,0.222468830316625,0.193690856312282,"low",0.834013246280686,0.911176963079319
"cc520518-2063-4b57-a0d4-10cf62a7175e","Zagoth Triome",-0.103430091718577,0.19731823564383,-0.52417908249126,0.600153988240852,0.901739059566378,0.612519908400486,1.32752147382612,2188.55167922983,TRUE,FALSE,NA,NA,0.0365876802249635,0.202426469474567,0.180745533525992,0.856567316761158,1.03726524768097,0.697558986819732,1.54240603931137,2186.24927585043,TRUE,FALSE,0.00832027391005691,0.0090900769352158,121,0.911591210664896,FALSE,FALSE,0.990943537824665,FALSE,FALSE,2186.24927585043,2.3024033793954,0.135526188114597,0.139789465766574,"medium",0.832027391005691,0.90900769352158
"441f8b2f-c8cb-4340-a92f-116c2276e906","Frantic Search",-0.0899671839198092,0.23641556367831,-0.38054679023682,0.703539570701414,0.913961177402402,0.575025041482175,1.4526759245922,2188.68187447979,TRUE,FALSE,NA,NA,0.0358917623875653,0.246116226118952,0.145832572494502,0.88405356164517,1.03654364740937,0.639866293535296,1.67913631932147,2186.26067408307,TRUE,FALSE,0.00816240146239447,0.00891770805972458,85,0.944094612146471,FALSE,FALSE,0.990943537824665,FALSE,FALSE,2186.26067408307,2.42120039671681,0.122582470006971,0.125693070273538,"low",0.816240146239447,0.891770805972458
"1453f92e-df2d-4789-aa1b-a5b5c51567d4","Preordain",-0.068840075363257,0.176111940796953,-0.39088817630274,0.695879894014547,0.933475953944442,0.660988075538775,1.31829512337605,2188.67428249651,TRUE,FALSE,NA,NA,0.0357635119880007,0.182276685224952,0.196204533475382,0.844450079823655,1.03641071879668,0.725061506587913,1.48145663268143,2186.24342577357,TRUE,FALSE,0.008134875641087,0.00888419327161422,152,0.944094612146471,FALSE,FALSE,0.990943537824665,FALSE,FALSE,2186.24342577357,2.43085672293728,0.10293476485224,0.104508311342607,"medium",0.8134875641087,0.888419327161422
"98e7bf8f-dba7-4005-8cee-634c9153931d","Phantasmal Image",-0.0599213327455982,0.222568772524245,-0.26922614554596,0.787755661572309,0.941838622528548,0.608866573205366,1.45690374529277,2188.75451329229,TRUE,FALSE,NA,NA,0.0350401049103083,0.227232424836593,0.154203806677266,0.877449040798312,1.03566124306802,0.663427667474756,1.61674627540915,2186.25815645906,TRUE,FALSE,0.0079692932530696,0.00870667675226056,92,0.949312199698855,FALSE,FALSE,0.990943537824665,FALSE,FALSE,2186.25815645906,2.49635683322549,0.093822620539469,0.0948901410025279,"low",0.79692932530696,0.870667675226056
"fa7a55aa-ae61-4933-b7a4-dcc55dac6fcd","Inti, Seneschal of the Sun",0.22713798911104,0.189466164104377,1.19883141237772,0.230593505545234,1.25500303274542,0.865701002677582,1.81937251698759,2187.38269589917,TRUE,FALSE,NA,NA,0.0326646792109129,0.201946550777926,0.161749131565179,0.871503412538091,1.03320402635866,0.6954817136709,1.53492254231847,2186.25574100672,TRUE,FALSE,0.00743210694198722,0.00811757505602495,137,0.70877212682291,FALSE,FALSE,0.990943537824665,FALSE,FALSE,2186.25574100672,1.1269548924497,0.221799006386757,0.193862706177998,"medium",0.743210694198722,0.811757505602495
"28667c8b-d02c-4e57-a050-1549207b65d1","Thragtusk",0.134565338494193,0.302626097140077,0.444658738178508,0.6565663922171,1.14403940637254,0.632179559597674,2.07033926273444,2188.62854977979,TRUE,FALSE,NA,NA,0.0326348842263475,0.33657454250713,0.0969618319414522,0.922756705278211,1.03317324251925,0.534164615346569,1.99834829636771,2186.27251267344,TRUE,FALSE,0.00742426750422462,0.00810968596131822,50,0.937690795115136,FALSE,FALSE,0.993504158888959,FALSE,FALSE,2186.27251267344,2.3560371063586,0.110866163853293,0.101842292630189,"low",0.742426750422462,0.810968596131822
"3bd1ec98-8188-4649-899e-b0972509fc7e","Firebolt",0.2420833175314,0.238454840023094,1.01521662344096,0.310002578173505,1.27390032662519,0.798286144359651,2.03288263693657,2187.79093643768,TRUE,FALSE,NA,NA,0.0324716554126682,0.253772516394219,0.127955760828827,0.898183982914137,1.03300461263955,0.628183802170828,1.69870430604384,2186.26553609402,TRUE,FALSE,0.00738739037979818,0.00806954492219925,81,0.742477834825858,FALSE,FALSE,0.990943537824665,FALSE,FALSE,2186.26553609402,1.52540034365893,0.240895713985649,0.208847542770815,"low",0.738739037979818,0.806954492219925
"cb94a02f-4660-45b6-8a39-941b710cf8f3","Collective Brutality",-0.0381788179563009,0.1943945473323,-0.196398605209011,0.844298187884034,0.962540805921475,0.657577842220768,1.40893555648871,2188.78850162049,TRUE,FALSE,NA,NA,0.0307678464209236,0.197740775860433,0.155596873164085,0.876350789777161,1.03124606862898,0.699909614607118,1.51943684136942,2186.25771346146,TRUE,FALSE,0.00699838212800622,0.00764396588130545,126,0.96220727866112,FALSE,FALSE,0.990943537824665,FALSE,FALSE,2186.25771346146,2.53078815903291,0.0687052627075061,0.0689193650379479,"medium",0.699838212800622,0.764396588130545
"35f1a6ba-e46f-44fb-93f4-fb883d677b36","Baleful Mastery",-0.0410438143586253,0.215748697910303,-0.190238989881131,0.849121859459075,0.959787076571358,0.62881935199778,1.46495369365898,2188.79087135522,TRUE,FALSE,NA,NA,0.0300605516939965,0.219648751693537,0.136857375524438,0.891143531138866,1.03051693161026,0.670017798767509,1.58498050094922,2186.26319665334,TRUE,FALSE,0.00683721919527224,0.00746828654291604,99,0.96220727866112,FALSE,FALSE,0.990943537824665,FALSE,FALSE,2186.26319665334,2.52767470187428,0.0707298550388989,0.0710744235535347,"low",0.683721919527224,0.746828654291604
"32a180dd-9641-4546-8940-9b21084f0c71","Lightning Bolt",0.15969523152735,0.192796982387206,0.828307733606661,0.407496244200518,1.17315327637057,0.803975201687127,1.71185455343758,2188.14001389778,TRUE,FALSE,NA,NA,0.0299601442546041,0.199286437831146,0.150337095592973,0.880498667500409,1.03041346523839,0.69722906787918,1.52281647203006,2186.25931304778,TRUE,FALSE,0.00681567202426058,0.00744435052411818,126,0.826311828517718,FALSE,FALSE,0.990943537824665,FALSE,FALSE,2186.25931304778,1.88070085000163,0.142739811132184,0.129553426666769,"medium",0.681567202426059,0.744435052411818
"928036c9-11b8-493e-b9f2-8fbd3487cd19","Minsc & Boo, Timeless Heroes",0.123066042993899,0.196324437695496,0.626850352602447,0.530757333739241,1.13095911040673,0.769718931429644,1.66173450747314,2188.43331738938,TRUE,FALSE,NA,NA,0.0262974574818465,0.201736189558332,0.130355676586439,0.896285032258156,1.02664628667781,0.691352486856119,1.52455168381955,2186.26492014737,TRUE,FALSE,0.00598282843109569,0.00653307424055211,122,0.885870869887462,FALSE,FALSE,0.990943537824665,FALSE,FALSE,2186.26492014737,2.16839724200645,0.104312823728927,0.0966931431204975,"medium",0.598282843109569,0.653307424055211
"b689a206-aec3-4a31-95cf-3d4b840db04c","Securitron Squadron",0.084039519749061,0.238297240720314,0.352666776564555,0.7243382694108,1.08767187747913,0.681797168637461,1.73516430909093,2188.70298877546,TRUE,FALSE,NA,NA,0.0237861455090993,0.247222262202389,0.0962136067245705,0.923350924347701,1.0240712922268,0.630798066907323,1.66253206308121,2186.27266653146,TRUE,FALSE,0.00541020288700477,0.00590914529702879,81,0.949103862801502,FALSE,FALSE,0.993504158888959,FALSE,FALSE,2186.27266653146,2.43032224400304,0.0636005852523271,0.0602351518543648,"low",0.541020288700477,0.590914529702879
"76c3cad2-1e25-4abe-878d-9194de6fcc27","Guide of Souls",0.157535241906895,0.260421196935501,0.604924805510023,0.545228960404138,1.17062201220671,0.702654267451421,1.95025627672238,2188.4596575471,TRUE,FALSE,NA,NA,0.022910170149125,0.270348149661101,0.0847432104782091,0.932465542507303,1.02317462379502,0.602316512730066,1.73809996679809,2186.27473513032,TRUE,FALSE,0.00521203471323336,0.00569133869367439,68,0.89094379935662,FALSE,FALSE,0.993504158888959,FALSE,FALSE,2186.27473513032,2.1849224167795,0.147447388411699,0.134422111869427,"low",0.521203471323336,0.569133869367439
"b768efa2-e56b-4a7e-ace8-d673f10e0714","Birthing Pod",-0.0328776927582396,0.301056405760043,-0.109207750206268,0.913037713302907,0.967656903798582,0.536360779612041,1.74576501314347,2188.81517304266,TRUE,FALSE,NA,NA,0.0213729399127755,0.310740544424104,0.0687806605745189,0.945164212251859,1.02160297712714,0.555615635328193,1.87840761943019,2186.27718496786,TRUE,FALSE,0.0048624096631431,0.00530914091939949,51,0.980172839281061,FALSE,FALSE,0.993504158888959,FALSE,FALSE,2186.27718496786,2.53798807480462,0.0539460733285535,0.054237331025295,"low",0.48624096631431,0.530914091939949
"be77b98a-dd79-477c-8ab2-7ebf5637a89e","Headliner Scarlett",0.16309408583891,0.209335190500842,0.77910496294819,0.435917886853142,1.17714743738266,0.780982225891631,1.77427352812615,2188.21818657588,TRUE,FALSE,NA,NA,0.0208957253785661,0.219050627781578,0.0953922186399841,0.924003296520112,1.02111556964648,0.664684022705914,1.56868071287426,2186.27281684835,TRUE,FALSE,0.00475382717316141,0.0051901263900182,105,0.849956762559716,FALSE,FALSE,0.993504158888959,FALSE,FALSE,2186.27281684835,1.94536972752576,0.156031867736183,0.141959235302835,"medium",0.475382717316141,0.51901263900182
"f46a9329-7b91-441d-8653-50c1152c9120","Kellan, Planar Trailblazer",0.215256118510458,0.278017919984063,0.774252675952676,0.438781383274464,1.24017948921718,0.719168924878254,2.13864241386035,2188.2246275439,TRUE,FALSE,NA,NA,0.0200416704853526,0.290078820664372,0.0690904301094815,0.944917638492814,1.02024385319752,0.577808478082994,1.8014576792655,2186.27714395315,TRUE,FALSE,0.00455937889844148,0.00497801025917793,58,0.849956762559716,FALSE,FALSE,0.993504158888959,FALSE,FALSE,2186.27714395315,1.94748359075402,0.21993563601966,0.194596854396941,"low",0.455937889844148,0.497801025917793
"cea3b218-0e6e-443a-84f7-380f1021e8e1","Barrowgoyf",-0.0883907021180997,0.184233765063872,-0.479774714952253,0.631387594018067,0.915403156894615,0.637954138376633,1.31351595552769,2188.59669686847,TRUE,FALSE,NA,NA,0.0189302057958834,0.189190792178881,0.100058811413955,0.920297634902086,1.01911051812767,0.703361885240991,1.47660296918506,2186.27190948705,TRUE,FALSE,0.00430593612524327,0.00470076988354445,140,0.92423184760138,FALSE,FALSE,0.993504158888959,FALSE,FALSE,2186.27190948705,2.32478738142572,0.103707361233055,0.107218018225547,"medium",0.430593612524327,0.470076988354445
"01d1e394-1b0c-4b40-ba85-f55973703d41","Smirking Spelljacker",-0.0898081119769339,0.244219547925582,-0.367735149539708,0.713070728689554,0.914106574546601,0.566386582534621,1.47530124370177,2188.69168285449,TRUE,FALSE,NA,NA,0.0170459545857643,0.250299807022867,0.0681021483336858,0.945704320206443,1.01719206589122,0.622792633467535,1.66135506958592,2186.27728293794,TRUE,FALSE,0.00387747609629503,0.00423317896461572,75,0.944094612146471,FALSE,FALSE,0.993504158888959,FALSE,FALSE,2186.27728293794,2.41439991654579,0.103085491344622,0.106752512725067,"low",0.387747609629503,0.423317896461572
"0eee981e-5d26-4810-90e1-432f3c3107f2","Reclamation Sage",0.0449399730484387,0.289683428841456,0.155134773252889,0.876715068936463,1.04596507192954,0.592834773197372,1.84544325191319,2188.8030281113,TRUE,FALSE,NA,NA,0.0139316443659038,0.312242070574499,0.0446180885883531,0.964411724409012,1.01402914196443,0.549875816759164,1.86997694645565,2186.27992914492,TRUE,FALSE,0.003169162513024,0.00345966552314758,53,0.9746223355182,FALSE,FALSE,0.993504158888959,FALSE,FALSE,2186.27992914492,2.5230989663778,0.0319359299651174,0.0310058443365717,"low",0.3169162513024,0.345966552314758
"1a6f256b-943e-4cfb-9fc9-d1ded68b5f97","Chart a Course",-0.073370192263735,0.263355488422409,-0.278597543963287,0.780553697745968,0.92925676267962,0.554578479846028,1.55707111322739,2188.74940305972,TRUE,FALSE,NA,NA,0.0137416808659614,0.270195904269146,0.0508582130551955,0.959438503542604,1.01383653173461,0.5969975368356,1.72172320597483,2186.27933352472,TRUE,FALSE,0.00312592995229041,0.00341230533651493,65,0.949312199698855,FALSE,FALSE,0.993504158888959,FALSE,FALSE,2186.27933352472,2.47006953500477,0.0845797690549907,0.0870568276861748,"low",0.312592995229041,0.341230533651493
"5cb76266-ae50-4bbc-8f96-d98f309b02d3","Teferi, Time Raveler",-0.101036650494322,0.241296705356339,-0.418723705096238,0.675418069157607,0.903899903900476,0.563280138442137,1.45049502105819,2188.65205842594,TRUE,FALSE,NA,NA,0.0123895661887997,0.25763531971633,0.0480895484456139,0.96164487570198,1.01246663481738,0.611050506953517,1.67758421759465,2186.27960684445,TRUE,FALSE,0.00281851855259035,0.00307653222816268,77,0.944094612146471,FALSE,FALSE,0.993504158888959,FALSE,FALSE,2186.27960684445,2.37245158149472,0.108566730916903,0.113304765788219,"low",0.281851855259035,0.307653222816268
"3c3ac3dd-35db-447f-8674-37b4680a1ef7","Leyline Binding",-0.0375324430747288,0.260029235098714,-0.144339320386342,0.8852325302056,0.96316316923925,0.578573467500458,1.60339756779162,2188.80627026906,TRUE,FALSE,NA,NA,0.0102540079952031,0.27401599632257,0.0374212021663588,0.970149167624789,1.01030676048917,0.590481280589126,1.72862338543865,2186.28051905335,TRUE,FALSE,0.00233272590329782,0.00254601388765269,68,0.975673376127379,FALSE,FALSE,0.995141300748613,FALSE,FALSE,2186.28051905335,2.52575121570817,0.0471435912499217,0.0477773596037608,"low",0.233272590329782,0.254601388765269
"672b9b16-daef-44e6-9a3a-cfd9f3c78bc7","Pentad Prism",-0.113758993968626,0.205992518427728,-0.552248182783093,0.580778326883282,0.892473021346314,0.596006128002073,1.33640923542358,2188.52219346447,TRUE,FALSE,NA,NA,0.00975690153725501,0.211802481809156,0.0460660397079126,0.963257613646372,1.00980465528423,0.666726099515356,1.52942181590752,2186.27979760157,TRUE,FALSE,0.00221955405283928,0.00242228793494775,107,0.906024296439513,FALSE,FALSE,0.993504158888959,FALSE,FALSE,2186.27979760157,2.24239586289832,0.11733163393792,0.123359103015651,"medium",0.221955405283928,0.242228793494775
"96c5607b-55fe-43c2-93fe-0084d84499d9","Deep Forest Hermit",0.231299898365277,0.290832042901962,0.795304038913095,0.426436664696877,1.26023712583654,0.712674199837369,2.22850443259932,2188.19333926105,TRUE,FALSE,NA,NA,0.00761600047912757,0.351660951262121,0.0216572253808492,0.982721384963068,1.00764507597691,0.505787092528876,2.00746245631513,2186.28145065581,TRUE,FALSE,0.00173254410571019,0.00189080470115577,54,0.849956762559716,FALSE,FALSE,0.995764987809281,FALSE,FALSE,2186.28145065581,1.9118886052479,0.252592049859636,0.222755881815782,"low",0.173254410571019,0.189080470115577
"8db735ea-f9cf-4e3c-9200-4f180df55baa","Fractured Identity",-0.0886145434499571,0.225734346139914,-0.392561189580926,0.694643609164435,0.915198274764189,0.587984988080835,1.42450555560136,2188.67301562223,TRUE,FALSE,NA,NA,0.00487029281472813,0.229048866800578,0.0212631168307349,0.983035765687832,1.00488217196793,0.641423415124795,1.57429266803821,2186.28146757462,TRUE,FALSE,0.0011079221820397,0.00120897671466397,90,0.944094612146471,FALSE,FALSE,0.995764987809281,FALSE,FALSE,2186.28146757462,2.3915480476112,0.0896838972037451,0.0934168121511601,"low",0.11079221820397,0.120897671466397
"7eb39e97-53c2-4df0-9fb3-a3d6a24ec41f","Avacyn's Pilgrim",0.0692525973614319,0.20551692171939,0.336967860271809,0.736141128429604,1.07170688529232,0.71636850745235,1.6033028197563,2188.71333161759,TRUE,FALSE,NA,NA,0.00443320283951054,0.22669625957684,0.0195556946893862,0.984397807583148,1.0044430440205,0.644106324769841,1.56636534976065,2186.281537253,TRUE,FALSE,0.00100852180603041,0.0011004655834691,109,0.949312199698855,FALSE,FALSE,0.995764987809281,FALSE,FALSE,2186.281537253,2.43179436458877,0.0672638412718254,0.0647967088716845,"medium",0.100852180603041,0.11004655834691
"5ab21006-7f61-49e0-8b6a-0397c5d4c3bd","Imperial Seal",-0.0904663433922561,0.209242373421342,-0.432351927160032,0.665485651803815,0.913505078865676,0.606178128128964,1.37664407603939,2188.64049339849,TRUE,FALSE,NA,NA,0.000427854501748826,0.220648110592552,0.00193908074082221,0.998452838384311,1.00042794604454,0.64918182335693,1.54171919055197,2186.28191593463,TRUE,FALSE,9.7331077229215e-05,0.000106189729739969,110,0.943309758867544,FALSE,FALSE,0.99872406554001,FALSE,FALSE,2186.28191593463,2.35857746386046,0.0869228671788655,0.0908316707508019,"medium",0.0097331077229215,0.0106189729739969
"7740ff55-67bb-409e-90f7-2c2c8b8c770a","Valgavoth, Terror Eater",-0.174172837492988,0.292288294272194,-0.595893988593295,0.551246049373616,0.840151675399561,0.473758351489744,1.48990479103347,2188.47035286945,TRUE,FALSE,NA,NA,-0.000489861677622379,0.306326786503407,-0.00159914737856897,0.99872406554001,0.99951025828502,0.548323211865932,1.82195598289071,2186.28191713739,TRUE,FALSE,-0.000111436731105369,-0.000121575931819162,55,0.89094379935662,FALSE,FALSE,0.99872406554001,FALSE,FALSE,2186.28191713739,2.18843573206641,0.159358582885459,0.173247682052415,"low",-0.0111436731105369,-0.0121575931819162
"d5c782cc-c951-4c6f-a93f-774ae6c1c214","Shallow Grave",-0.182444826903641,0.25085644060241,-0.727287792434252,0.467049674795587,0.833230614573135,0.509602917080961,1.36238085338829,2188.29689135613,TRUE,FALSE,NA,NA,-0.000965283592022751,0.267993999267582,-0.00360188509690828,0.997126117705481,0.999035182144316,0.590826117581583,1.68928093302224,2186.28190672097,TRUE,FALSE,-0.000219588732340176,-0.000239565235046535,75,0.849956762559716,FALSE,FALSE,0.99872406554001,FALSE,FALSE,2186.28190672097,2.01498463515736,0.165804567571181,0.180983095212741,"low",-0.0219588732340176,-0.0239565235046535
"0d08f5e4-d2d3-4659-86d4-a983d80e3b2c","Tundra",-0.0510858906274508,0.230204931337095,-0.221914840532432,0.824380177483261,0.950197054006259,0.605144772585208,1.49199742333566,2188.77785231236,TRUE,FALSE,NA,NA,-0.00137466977675566,0.238283084606223,-0.00576906153043714,0.995396980407561,0.998626274648934,0.625997115572101,1.59306554553021,2186.28188641294,TRUE,FALSE,-0.000312717237403963,-0.000341157655019741,84,0.952713767117858,FALSE,FALSE,0.99872406554001,FALSE,FALSE,2186.28188641294,2.49596589941575,0.0484292206426752,0.0497009861597811,"low",-0.0312717237403963,-0.0341157655019741
"59faa45d-868b-4bc7-934c-0e077642e129","Loran of the Third Path",-0.0387615332200126,0.26017263419148,-0.148983898097004,0.881566338615113,0.961980082088954,0.577700392812796,1.60187822242965,2188.80490847536,TRUE,FALSE,NA,NA,-0.00414842152450327,0.273338099785111,-0.015176887260739,0.987891060833346,0.995860171289757,0.582811718802484,1.70164299852963,2186.2816893798,TRUE,FALSE,-0.000943689891696408,-0.0010294055602596,69,0.975065798771261,FALSE,FALSE,0.996996047569137,FALSE,FALSE,2186.2816893798,2.52321909556304,0.0338800892008035,0.0346096563724599,"low",-0.0943689891696408,-0.10294055602596
"1fc6d14a-1328-4032-ad9e-cd85cd365bd3","Endurance",-0.0566869163568371,0.243286736985733,-0.233004548703209,0.815757873621617,0.944889852619104,0.586531490053646,1.52219761210245,2188.77270823456,TRUE,FALSE,NA,NA,-0.00499393551217684,0.253094748139693,-0.0197314861287461,0.984257573366685,0.995018513452044,0.605888294831072,1.63406662673415,2186.28153032029,TRUE,FALSE,-0.00113607384722165,-0.00123917013526531,77,0.951247021317424,FALSE,FALSE,0.995764987809281,FALSE,FALSE,2186.28153032029,2.49117791427443,0.0501286608329399,0.0516814729083975,"low",-0.113607384722165,-0.123917013526531
"dcb94950-3f3e-4876-84f8-d5e4d9cfecee","Charming Prince",0.057912470911734,0.223759096069761,0.258816164030617,0.795777085623951,1.05962224388219,0.683413382412385,1.64292846558924,2188.76019414704,TRUE,FALSE,NA,NA,-0.00629350222566219,0.23066861887247,-0.0272837382753901,0.978233427017346,0.99372626037907,0.632291981666031,1.56176562284567,2186.28117518695,TRUE,FALSE,-0.00143172772062326,-0.00156156443091365,95,0.949312199698855,FALSE,FALSE,0.995764987809281,FALSE,FALSE,2186.28117518695,2.47901896009671,0.0658959835031216,0.0641839252970155,"low",-0.143172772062326,-0.156156443091365
"1716b4dd-9045-462b-b053-72de450a8cde","Blood Crypt",0.00220566278365003,0.20011855662954,0.0110217803925758,0.991206069639818,1.0022080970472,0.67703879176229,1.48355025148932,2188.82696018354,TRUE,FALSE,NA,NA,-0.00662740653803757,0.203967528504521,-0.0324924589057355,0.974079329777464,0.993394506285552,0.666041190732939,1.48163906204114,2186.28086401239,TRUE,FALSE,-0.00150759254813174,-0.00164447033255166,118,0.997150795236874,FALSE,FALSE,0.995764987809281,FALSE,FALSE,2186.28086401239,2.54609617114193,0.00881359076164756,0.00883301189017136,"medium",-0.150759254813174,-0.164447033255166
"63c59228-c742-4abd-b4d7-9f7880190e95","Windswept Heath",0.0147275500444103,0.184035686331475,0.0800255121057543,0.936216965311618,1.01483653477833,0.707524942856539,1.45562810572137,2188.82067761662,TRUE,FALSE,NA,NA,-0.00817218899483627,0.190934715644065,-0.0428009593083672,0.96586019927441,0.991861112564357,0.682219222852436,1.44204155154713,2186.28008780039,TRUE,FALSE,-0.00185904961044774,-0.00202755088316625,141,0.983364582269757,FALSE,FALSE,0.993504158888959,FALSE,FALSE,2186.28008780039,2.54058981623166,0.0229754222139701,0.0228987383768498,"medium",-0.185904961044774,-0.202755088316625
"10158a5e-5a03-41ab-85d2-0907ccf32c9b","Dack Fayden",-0.124513529873838,0.225755287984871,-0.551542030245522,0.581262162784254,0.882926315403919,0.567228025726749,1.37433068021268,2188.52304990074,TRUE,FALSE,NA,NA,-0.00977611864005734,0.231287596280345,-0.0422682357259126,0.966284866864604,0.990271512266277,0.629329817632441,1.55822533833742,2186.28013309559,TRUE,FALSE,-0.00222390093454546,-0.00242549168023604,89,0.906024296439513,FALSE,FALSE,0.993504158888959,FALSE,FALSE,2186.28013309559,2.2429168051558,0.107345196862358,0.114611703341413,"low",-0.222390093454546,-0.242549168023604
"b841bfa8-7c17-4df2-8466-780ab9a4a53a","Fabled Passage",0.0478832142561298,0.205475570298197,0.233036045047297,0.815733416268876,1.04904813430354,0.701279396046213,1.56927751519625,2188.7727378291,TRUE,FALSE,NA,NA,-0.00989427880643314,0.211430903096162,-0.0467967485431071,0.962675220482992,0.990154508532357,0.654228337288635,1.49856845826966,2186.27972999531,TRUE,FALSE,-0.00225068043373061,-0.00245474052999922,113,0.951247021317424,FALSE,FALSE,0.993504158888959,FALSE,FALSE,2186.27972999531,2.4930078337884,0.0588936257711785,0.0577614255043098,"medium",-0.225068043373061,-0.245474052999922
"69c68c95-b788-43b1-9f22-1b22c5a00b25","Deep-Cavern Bat",-0.117008070776037,0.183603391840608,-0.637287087144967,0.523937860447498,0.889578013549524,0.620722771901376,1.27488321359096,2188.42062348694,TRUE,FALSE,NA,NA,-0.011450616469517,0.188202839111018,-0.0608418901840392,0.951485128554748,0.988614692326244,0.683637015627175,1.42964612439348,2186.278217648,TRUE,FALSE,-0.00260491007261898,-0.00284072823218667,140,0.883571182297071,FALSE,FALSE,0.993504158888959,FALSE,FALSE,2186.278217648,2.14240583893616,0.0990366787767195,0.105459549988552,"medium",-0.260491007261898,-0.284072823218667
"729daf0e-b822-41bd-a908-ca8ec34032f0","Tropical Island",-0.0676999156339478,0.237990123147521,-0.284465232164207,0.776053874629154,0.934540872608733,0.586161132536855,1.48997706278551,2188.74611997698,TRUE,FALSE,NA,NA,-0.0118176612275273,0.255463248479333,-0.0462597312837482,0.963103234708045,0.988251893071589,0.598980863824858,1.63050585276318,2186.27977965721,TRUE,FALSE,-0.00268836605143357,-0.00293149710686946,83,0.949312199698855,FALSE,FALSE,0.993504158888959,FALSE,FALSE,2186.27977965721,2.46634031976828,0.0537110204628555,0.0558677163982895,"low",-0.268836605143357,-0.293149710686946
"39c431d7-d94b-46c4-bb89-f3db56214ab4","Elvish Reclaimer",0.0378025160063688,0.273433677811543,0.138251133909054,0.89004194404393,1.03852612034021,0.607667456917828,1.77487948441302,2188.80797705295,TRUE,FALSE,NA,NA,-0.0150518982875657,0.298882377388346,-0.050360608139865,0.95983502668271,0.98506081530698,0.548339116351486,1.7696071298172,2186.27938309356,TRUE,FALSE,-0.00342412353752578,-0.0037333401037753,61,0.975673376127379,FALSE,FALSE,0.993504158888959,FALSE,FALSE,2186.27938309356,2.5285939593914,0.0534653050332278,0.0528421132706398,"low",-0.342412353752578,-0.37333401037753
"52d3005f-a1c7-4ef5-911f-ccc0752f4181","Faerie Mastermind",-0.0336324027559156,0.194305078069092,-0.173090704011124,0.862580131789738,0.966926878972133,0.660690118760288,1.41510757120617,2188.79710562177,TRUE,FALSE,NA,NA,-0.0169837688700845,0.209201622564894,-0.0811837339589283,0.935295835233493,0.983159642297286,0.652451188749719,1.48149455301693,2186.27532684629,TRUE,FALSE,-0.00386380649564844,-0.00421238471269497,124,0.966881704016332,FALSE,FALSE,0.993504158888959,FALSE,FALSE,2186.27532684629,2.52177877547592,0.0162327633251524,0.0166482493449425,"medium",-0.386380649564844,-0.421238471269497
"995486ce-58bb-4753-a812-0ca73ef1a235","Gitaxian Probe",-0.132781224157443,0.189886572474769,-0.699266000891592,0.484385810402307,0.87565664367459,0.603530376269211,1.27048212941882,2188.33795378483,TRUE,FALSE,NA,NA,-0.0181232795638217,0.196301701739683,-0.0923235988440647,0.926440939273277,0.982039959437691,0.6683959009074,1.44286115552643,2186.27339600963,TRUE,FALSE,-0.00412274129186364,-0.00449526330499483,130,0.855446385071615,FALSE,FALSE,0.993504158888959,FALSE,FALSE,2186.27339600963,2.06455777519886,0.106383315763101,0.114532497486265,"medium",-0.412274129186364,-0.449526330499483
"df9d9075-2d1e-4848-b661-816d539e05eb","Emperor of Bones",-0.116090537749413,0.194014527971012,-0.598360024702677,0.54959973314902,0.890394605324387,0.608743055427368,1.30235991379677,2188.46931625912,TRUE,FALSE,NA,NA,-0.0181627562827862,0.200679685733572,-0.090506202540598,0.927884965269392,0.982001192487401,0.662658873827462,1.45523795143165,2186.27372953872,TRUE,FALSE,-0.00413137174592568,-0.00450475721710741,131,0.89094379935662,FALSE,FALSE,0.993504158888959,FALSE,FALSE,2186.27372953872,2.19558672039784,0.0916065871630137,0.0978495970457438,"medium",-0.413137174592568,-0.450475721710741
"73cc6df4-3564-4ace-bf8a-eac3e62d725a","Ursine Monstrosity",0.0292117715293561,0.241113996176286,0.121153363108786,0.903569562775767,1.02964262038088,0.641868605238652,1.65168372008261,2188.81240159483,TRUE,FALSE,NA,NA,-0.0188906571042517,0.270484241406289,-0.0698401393221148,0.944320898601196,0.981286653101162,0.577504080817458,1.66738820995249,2186.27704405536,TRUE,FALSE,-0.00429716859636752,-0.00468453104273575,78,0.980096887436532,FALSE,FALSE,0.993504158888959,FALSE,FALSE,2186.27704405536,2.53535753946881,0.0483559672797227,0.0480931556543422,"low",-0.429716859636752,-0.468453104273575
"19477aca-b8db-4061-9a78-ebb189a9df22","Breeding Pool",-0.064839574670714,0.229530677565601,-0.282487619338737,0.777569638518303,0.937217804792742,0.597668095896062,1.46967392044511,2188.7473173992,TRUE,FALSE,NA,NA,-0.0191892603150225,0.235093837787921,-0.0816238336809712,0.93494584799458,0.980993681499167,0.618799986326921,1.55518523659577,2186.2752581381,TRUE,FALSE,-0.00436501763725935,-0.0047588945166081,89,0.949312199698855,FALSE,FALSE,0.993504158888959,FALSE,FALSE,2186.2752581381,2.47205926110109,0.0437758767064246,0.0456423882551633,"low",-0.436501763725935,-0.47588945166081
"0d60eabe-b281-4eba-9c26-287364ed2067","Earthshaker Khenra",0.0681422318054563,0.264960920208815,0.257178423715292,0.797041039338002,1.07051755929629,0.636875447851502,1.79942223966672,2188.76095573984,TRUE,FALSE,NA,NA,-0.0206294644846791,0.273930073234473,-0.0753092358246521,0.939968673226968,0.979581867203113,0.572620315231447,1.67577120306199,2186.27624764854,TRUE,FALSE,-0.00469278186260035,-0.00511530983141728,66,0.949312199698855,FALSE,FALSE,0.993504158888959,FALSE,FALSE,2186.27624764854,2.48470809130276,0.0909356920931814,0.0887134457165877,"low",-0.469278186260035,-0.511530983141728
"93f99e67-901f-4c8d-8a09-e443b7eb928f","Archangel Elspeth",0.0613292809855655,0.202695837591234,0.30256803353429,0.762219078733266,1.06324896421846,0.714655578532335,1.58187859140945,2188.73558328743,TRUE,FALSE,NA,NA,-0.0223422120118732,0.211784725780189,-0.105494916734751,0.915983103341456,0.977905526766142,0.645687089234037,1.48105674594516,2186.27078919105,TRUE,FALSE,-0.00508266847656437,-0.00553957907978009,117,0.949312199698855,FALSE,FALSE,0.993504158888959,FALSE,FALSE,2186.27078919105,2.46479409637732,0.0853434374523201,0.0836227123711272,"medium",-0.508266847656437,-0.553957907978009
"fd97b3cf-924e-4f77-bb82-0bf19592389f","Dreadhorde Arcanist",0.229502416365463,0.239751888371232,0.957249671419071,0.338441251416089,1.25797390694433,0.786304399472868,2.01257725584858,2187.90668621151,TRUE,FALSE,NA,NA,-0.0225731174626433,0.253365820884603,-0.0890929857225073,0.92900801181045,0.977679749117322,0.595014129656593,1.60644536691217,2186.27398649356,TRUE,FALSE,-0.00513437404997198,-0.00559675178305719,80,0.776440155235394,FALSE,FALSE,0.993504158888959,FALSE,FALSE,2186.27398649356,1.63269971795535,0.280294157827005,0.250749177599158,"low",-0.513437404997198,-0.559675178305719
"5d10b752-d9cb-419d-a5c4-d4ee1acb655e","Teferi, Hero of Dominaria",-0.107391659895912,0.224923446459095,-0.477458715783293,0.63303551205574,0.898173825425536,0.577965202762112,1.39578683426653,2188.59886014582,TRUE,FALSE,NA,NA,-0.0242196533130611,0.231629350617318,-0.104562108595103,0.916723282792981,0.976071288917253,0.619890034413511,1.53690994879434,2186.27098424266,TRUE,FALSE,-0.00550970076315221,-0.00600507547963919,89,0.92423184760138,FALSE,FALSE,0.993504158888959,FALSE,FALSE,2186.27098424266,2.32787590316093,0.0778974634917168,0.0831240939571896,"low",-0.550970076315221,-0.600507547963919
"0e606072-a3aa-4300-ba90-ec92a721fa76","Jace, the Mind Sculptor",-0.0882537063600345,0.238539735255706,-0.369974865048918,0.711401218453554,0.91552857183449,0.573618012605104,1.46123822374166,2188.69026326595,TRUE,FALSE,NA,NA,-0.0296622306639911,0.247219830653116,-0.119983217307561,0.904496442556971,0.970773375656396,0.597970953625321,1.5759978660666,2186.26752410298,TRUE,FALSE,-0.00674713667206388,-0.00735307307249594,79,0.944094612146471,FALSE,FALSE,0.992905869273065,FALSE,FALSE,2186.26752410298,2.42273916296881,0.0552448038219062,0.0585747195939563,"low",-0.674713667206388,-0.735307307249594
"01006833-6007-4c16-9ebb-20d31c60a57a","Taiga",-0.0499967353550853,0.220894963162349,-0.226337145217474,0.82093921017805,0.951232529932087,0.616960138104489,1.46661553983209,2188.77591232568,TRUE,FALSE,NA,NA,-0.0300840754536438,0.224481198923671,-0.13401601380378,0.893389911481877,0.970363946329828,0.624960253702429,1.50666571635312,2186.26397071175,TRUE,FALSE,-0.00684220128492507,-0.0074577653696235,95,0.951247021317424,FALSE,FALSE,0.990943537824665,FALSE,FALSE,2186.26397071175,2.51194161392641,0.0191314163977412,0.0199120019567871,"low",-0.684220128492507,-0.74577653696235
"a1febcf1-afa4-4406-9ac1-5bf98b2765d2","Time Walk",-0.146590963474878,0.198270193359213,-0.739349475537627,0.45969481362618,0.863647168414085,0.585551850361451,1.27381790536439,2188.27968395282,TRUE,FALSE,NA,NA,-0.0302724512294849,0.203865294391423,-0.14849242152694,0.881954166399185,0.970181170484401,0.650607701006638,1.44672665587289,2186.25986420149,TRUE,FALSE,-0.00688661924984419,-0.00750594712753516,117,0.849956762559716,FALSE,FALSE,0.990943537824665,FALSE,FALSE,2186.25986420149,2.01981975132594,0.106534002070316,0.116187540360846,"medium",-0.688661924984419,-0.750594712753516
"486d7edc-d983-41f0-8b78-c99aecd72996","Otawara, Soaring City",-0.092429196944447,0.248385973420966,-0.372119229083027,0.709804080022532,0.911713760799326,0.560309648203298,1.48350467334672,2188.68859926486,TRUE,FALSE,NA,NA,-0.0313533841791186,0.257637141639797,-0.121695901373389,0.903139859342197,0.969133036273567,0.584895440570218,1.60578930326619,2186.26710697702,TRUE,FALSE,-0.00713199294592314,-0.00777238596906427,71,0.944094612146471,FALSE,FALSE,0.992905869273065,FALSE,FALSE,2186.26710697702,2.42149228783683,0.0574192754742407,0.0610568341489596,"low",-0.713199294592314,-0.777238596906427
"19adde22-e5eb-4815-beb6-c520b3274cc9","Lotus Cobra",0.0358625717950547,0.189847264238059,0.188902231164548,0.850169444844414,1.03651339052775,0.714452998521233,1.5037518366737,2188.7914035326,TRUE,FALSE,NA,NA,-0.0324995023607924,0.198703923026165,-0.163557426878346,0.870079561704727,0.968022931557351,0.6557607994672,1.42897897645338,2186.2551672625,TRUE,FALSE,-0.00739302339503566,-0.00805471009437764,132,0.96220727866112,FALSE,FALSE,0.990943537824665,FALSE,FALSE,2186.2551672625,2.5362362701012,0.0684904589704016,0.0683354631350939,"medium",-0.739302339503566,-0.805471009437764
"327cf118-cc92-4073-85d0-94d2a0a6989a","Scalding Tarn",-0.0769168646582141,0.192946719111051,-0.398643029602097,0.690156251127665,0.925966830975657,0.634389326021542,1.35155895110061,2188.66848287599,TRUE,FALSE,NA,NA,-0.0339545222164943,0.195973485567788,-0.173260796572142,0.862446437404046,0.966615463166698,0.658321046568554,1.41928540565909,2186.2519250439,TRUE,FALSE,-0.00772091272253032,-0.00841720068902901,133,0.944094612146471,FALSE,FALSE,0.990943537824665,FALSE,FALSE,2186.2519250439,2.41655783208444,0.0406486321910413,0.0429557354698404,"medium",-0.772091272253032,-0.841720068902901
"2b74bb81-fb9a-40e5-a941-e517430b52f5","Indatha Triome",-0.00289380611129185,0.225433504796629,-0.0128366283170838,0.989758133727932,0.99711037690969,0.640988684237651,1.55108682600763,2188.82691688563,TRUE,FALSE,NA,NA,-0.0358312171359706,0.227619458329878,-0.157417197101146,0.874916061095538,0.964803121975558,0.617568456767608,1.50727430129104,2186.257137658,TRUE,FALSE,-0.0081505627208614,-0.00888040670510892,90,0.997150795236874,FALSE,FALSE,0.990943537824665,FALSE,FALSE,2186.257137658,2.56977922762871,0.0323072549341312,0.0329344336052411,"low",-0.81505627208614,-0.888040670510892
"00cb17a0-5a13-4d02-b7fb-f99531bc8ca5","Dark Depths",-0.0998430152782758,0.258252732095662,-0.38660971548325,0.699045164304875,0.904979474836317,0.545518603789152,1.50130141151256,2188.6774843921,TRUE,FALSE,NA,NA,-0.0362912844470949,0.27155617749243,-0.133641903425698,0.893685747239959,0.964359349687856,0.566350920321286,1.64207194154961,2186.26405414512,TRUE,FALSE,-0.00825533134343834,-0.00899473159269554,70,0.944094612146471,FALSE,FALSE,0.990943537824665,FALSE,FALSE,2186.26405414512,2.41343024697881,0.0593798748515384,0.0635303499531746,"low",-0.825533134343834,-0.899473159269554
"05bdd22c-3e11-4c29-bdfa-d3dfc0e90a9f","Bitter Triumph",-0.161139793072354,0.210008222446231,-0.767302304621004,0.442901798527061,0.851173074690692,0.563969047636616,1.28463717311171,2188.23541214167,TRUE,FALSE,NA,NA,-0.0363010827488569,0.215054644552552,-0.168799343182687,0.865954474976225,0.964349900650233,0.632668819260782,1.46991712341807,2186.25339552546,TRUE,FALSE,-0.00825971604074394,-0.00899816142605642,109,0.849956762559716,FALSE,FALSE,0.990943537824665,FALSE,FALSE,2186.25339552546,1.98201661620396,0.113176825959541,0.124676831410837,"medium",-0.825971604074394,-0.899816142605642
"1c7d50d6-b63a-4d8c-88fa-1d78ae693a45","Overgrown Tomb",-0.145820820570216,0.235607037307219,-0.618915386555598,0.535972101644241,0.864312556341978,0.544650696477797,1.37158769809975,2188.44501952514,TRUE,FALSE,NA,NA,-0.0372395771078863,0.24183157494239,-0.153989722461832,0.877617839215748,0.963445288261551,0.599757744782106,1.54766959084557,2186.25822505669,TRUE,FALSE,-0.00846930920956346,-0.00922802507188214,86,0.885870869887462,FALSE,FALSE,0.990943537824665,FALSE,FALSE,2186.25822505669,2.18679446844362,0.0991327319195722,0.10847468904293,"low",-0.846930920956346,-0.922802507188214
"fe964e7e-e2c5-4263-889d-0a531eb51442","Luminarch Aspirant",0.110751183882978,0.193821680397509,0.571407613719159,0.567723369235543,1.11711691557834,0.76403681049804,1.6333639766097,2188.49978861735,TRUE,FALSE,NA,NA,-0.0386369085321686,0.206051988924955,-0.187510485745616,0.851260403062601,0.962099976027114,0.64242910749796,1.44083814551369,2186.24677875767,TRUE,FALSE,-0.00878502076520242,-0.00957220271728781,135,0.90197116081787,FALSE,FALSE,0.990943537824665,FALSE,FALSE,2186.24677875767,2.2530098596817,0.15501693955123,0.149110888986223,"medium",-0.878502076520242,-0.957220271728781
"f33d3948-fe7b-4c3b-ab67-1022623fbb2b","Toby, Beastie Befriender",-0.094549820499163,0.272427995094532,-0.347063525781755,0.728543594554473,0.909782407683253,0.533386652551973,1.55178991707012,2188.70626086147,TRUE,FALSE,NA,NA,-0.0396657554163646,0.280315144597871,-0.141504146960264,0.887471684207537,0.961110631493784,0.55483559251217,1.66487813405756,2186.26187416512,TRUE,FALSE,-0.00902412635863575,-0.00982671185040801,64,0.949312199698855,FALSE,FALSE,0.990943537824665,FALSE,FALSE,2186.26187416512,2.44438669635792,0.0513282238105305,0.0548702921393182,"low",-0.902412635863575,-0.982671185040801
"4df8aabc-7fcb-4b7b-980b-18f499e6c170","Hullbreacher",-0.139629124659884,0.198191654946722,-0.704515660346141,0.481111700965493,0.869680718726903,0.589733364766485,1.28251952104631,2188.33015487046,TRUE,FALSE,NA,NA,-0.0397591071944895,0.203658962492559,-0.195223950411424,0.845217630062074,0.961020914295054,0.644725474525137,1.43248752252691,2186.24379562884,TRUE,FALSE,-0.00904453980234602,-0.00985483698454215,118,0.855446385071615,FALSE,FALSE,0.990943537824665,FALSE,FALSE,2186.24379562884,2.08635924162718,0.0913401955681519,0.0997870913758631,"medium",-0.904453980234602,-0.985483698454215
"55707746-da6e-46e5-a5ca-7ac843fdc38e","Phelia, Exuberant Shepherd",0.0553205036372415,0.186464095661265,0.296681800542117,0.766709452852286,1.05687929405648,0.733337589938688,1.52316458003838,2188.73905648116,TRUE,FALSE,NA,NA,-0.0415811844599389,0.195310847519935,-0.212897465696035,0.831406939153657,0.9592714542452,0.654168414860517,1.40667403382034,2186.23658792532,TRUE,FALSE,-0.00945781456274098,-0.010300252750946,140,0.949312199698855,FALSE,FALSE,0.990943537824665,FALSE,FALSE,2186.23658792532,2.50246855583782,0.0976078398112787,0.0968259341653887,"medium",-0.945781456274098,-1.0300252750946
"493a5ca7-5f90-4af4-b6db-43ae09a2f2c9","Dark Ritual",-0.208699381793643,0.203284554626311,-1.02663668755989,0.304591571900189,0.811639192490895,0.544908652280709,1.20893323317596,2187.77216428869,TRUE,FALSE,NA,NA,-0.0464794302372815,0.212409674819554,-0.218819741976286,0.826790467659555,0.954584195938427,0.629517017260603,1.4475081088367,2186.23403247787,TRUE,FALSE,-0.010572218792487,-0.0115193216300991,113,0.742477834825858,FALSE,FALSE,0.990943537824665,FALSE,FALSE,2186.23403247787,1.53813181082069,0.142945003447533,0.161865146146266,"medium",-1.0572218792487,-1.15193216300991
"8c39f9b4-02b9-4d44-b8d6-4fd02ebbb0c5","Narset, Parter of Veils",-0.167408719585199,0.240169100366091,-0.697045204108343,0.485774504714914,0.84585382365296,0.528274018057294,1.35435146634589,2188.34201768541,TRUE,FALSE,NA,NA,-0.0547580582410262,0.24773388341259,-0.221035804576756,0.825064554362925,0.946714169938896,0.582563859371017,1.53848836508804,2186.23308339331,TRUE,FALSE,-0.012452930049896,-0.013563549663751,80,0.855446385071615,FALSE,FALSE,0.990943537824665,FALSE,FALSE,2186.23308339331,2.1089342921041,0.100860346285936,0.112531682643554,"low",-1.2452930049896,-1.3563549663751
"f9246b68-580f-4f53-883d-7900880e4b0d","Six",0.0713570559245671,0.271951873327012,0.262388543427178,0.793021904374391,1.07396462284857,0.630231153990227,1.83012217632794,2188.75819737168,TRUE,FALSE,NA,NA,-0.0568388041187395,0.290880097453441,-0.195402863985348,0.845077574692054,0.944746346312847,0.534211316173967,1.67077265465641,2186.24375808917,TRUE,FALSE,-0.0129260436516175,-0.0140688921257579,60,0.949312199698855,FALSE,FALSE,0.990943537824665,FALSE,FALSE,2186.24375808917,2.51443928251365,0.129218276535719,0.128020581955224,"low",-1.29260436516175,-1.40688921257579
"f1a21287-e244-4960-84fb-c4f6e5c346d9","Third Path Iconoclast",-0.155371206552685,0.258266825248157,-0.601591808794627,0.547445882685396,0.85609732955518,0.516038355427586,1.42024837875516,2188.46489071683,TRUE,FALSE,NA,NA,-0.0626386782139478,0.263337508528258,-0.237864626896575,0.811986091797813,0.939282795720578,0.560581750144638,1.57381536253906,2186.22531892307,TRUE,FALSE,-0.0142460165596438,-0.0155073571872689,66,0.89094379935662,FALSE,FALSE,0.990943537824665,FALSE,FALSE,2186.22531892307,2.23957179376339,0.0831854661653986,0.0926661323630525,"low",-1.42460165596438,-1.55073571872689
"e6befbc4-1320-4f26-bd9f-b1814fedda10","Grief",-0.10556436006011,0.191303930672976,-0.551814903586934,0.581075175275517,0.899816558735318,0.618461668395076,1.30916737568455,2188.52255011687,TRUE,FALSE,NA,NA,-0.0644851728291862,0.195556874335093,-0.32975150093005,0.741587736049315,0.937550015373217,0.639047401550303,1.37548486887499,2186.17318235143,TRUE,FALSE,-0.0146645566398975,-0.0159695488409442,129,0.906024296439513,FALSE,FALSE,0.962535990370137,FALSE,FALSE,2186.17318235143,2.34936776543645,0.0377334566378993,0.0410734114461694,"medium",-1.46645566398975,-1.59695488409442
"54a3ea87-005e-4985-b2a5-21711d0b71c0","Springheart Nantuko",-0.0343488937265622,0.199249057698829,-0.172391749919749,0.863129557694944,0.966234332725268,0.653850173148238,1.42786348322245,2188.7973683184,TRUE,FALSE,NA,NA,-0.065536572135174,0.203802018758984,-0.321569788828625,0.74777863410728,0.936564793959039,0.628142310629825,1.39642497956241,2186.17855379778,TRUE,FALSE,-0.014901616529378,-0.0162187331016081,118,0.966881704016332,FALSE,FALSE,0.962535990370137,FALSE,FALSE,2186.17855379778,2.61881452062289,0.0296695387662288,0.0311851507078721,"medium",-1.4901616529378,-1.62187331016081
"c8090bcf-e17a-4110-a518-77ccd045b18f","Charming Scoundrel",0.099816371441422,0.213731833399025,0.467016868072575,0.640487809763569,1.10496799576471,0.726804302988133,1.67989411543733,2188.60844768933,TRUE,FALSE,NA,NA,-0.065584796090568,0.220963723893237,-0.296812503586592,0.766609658945766,0.936519630189188,0.607335638112458,1.44412572339002,2186.19397177536,TRUE,FALSE,-0.0149078776501218,-0.0162298659761648,103,0.928919406213388,FALSE,FALSE,0.973260958313755,FALSE,FALSE,2186.19397177536,2.41447591397809,0.168448365575527,0.165025115444252,"medium",-1.49078776501218,-1.62298659761648
"3f3c77ad-fce8-4506-90e1-7ef71552a71c","Wheel of Fortune",-0.116797953494951,0.198614963673492,-0.588062205056,0.556490540520357,0.889764948901531,0.602852162501474,1.31322687971913,2188.48126501559,TRUE,FALSE,NA,NA,-0.068684414405337,0.205886958153229,-0.333602550746412,0.738679493210441,0.933621271015432,0.623614523446974,1.39773633377637,2186.17061970962,TRUE,FALSE,-0.0156189421947213,-0.0170098501564022,118,0.892830977098595,FALSE,FALSE,0.962535990370137,FALSE,FALSE,2186.17061970962,2.3106453059695,0.0438563221139013,0.0481042596843784,"medium",-1.56189421947213,-1.70098501564022
"2b5315a4-6a78-456f-8d5a-fea9d62f3f0e","Strip Mine",-0.0470635248477473,0.183512122319282,-0.256460032465126,0.797595638103148,0.954026791258726,0.66581243010113,1.36700229267449,2188.76133389886,TRUE,FALSE,NA,NA,-0.076416882189013,0.191759549927574,-0.398503658450779,0.690258962086589,0.926429913915235,0.636185176470964,1.34909208378288,2186.12319638633,TRUE,FALSE,-0.0173726539772372,-0.0189083476512564,138,0.949312199698855,FALSE,FALSE,0.952417704643675,FALSE,FALSE,2186.12319638633,2.63813751252701,0.027596877343491,0.029351249903877,"medium",-1.73726539772372,-1.89083476512564
"564caf57-4ba5-4993-a35e-945699c94eb7","Toxic Deluge",-0.238914066785206,0.218950892659873,-1.0911764911429,0.275195230182118,0.787482550372329,0.512703375522257,1.20952737342371,2187.63437470479,TRUE,FALSE,NA,NA,-0.078941121559419,0.227431529026411,-0.347098407583814,0.728517389788258,0.924094332076575,0.591728763738051,1.44314487803754,2186.16138824946,TRUE,FALSE,-0.017952108617065,-0.0195394337445677,96,0.72626259587276,FALSE,FALSE,0.962535990370137,FALSE,FALSE,2186.16138824946,1.47298645532874,0.136611781704246,0.159632655833471,"low",-1.7952108617065,-1.95394337445677
"b83cfbaa-7890-4f6f-878b-4edb45677371","Skyclave Apparition",0.0812165694184018,0.19630001371484,0.413736952338593,0.679066761698337,1.08460576357275,0.738206666657871,1.59355058076226,2188.65551392954,TRUE,FALSE,NA,NA,-0.078974093921427,0.20454125649084,-0.386103494602144,0.699420021830871,0.92406386300605,0.618860771396216,1.37978372904004,2186.13311250869,TRUE,FALSE,-0.0179425515213794,-0.0195243028511238,128,0.944094612146471,FALSE,FALSE,0.953366231489302,FALSE,FALSE,2186.13311250869,2.52240142084429,0.160541900566699,0.159848985061956,"medium",-1.79425515213794,-1.95243028511238
"07246783-d475-4f61-99ac-e2b574072349","Voice of Resurgence",0.0348991594045615,0.278614934159571,0.125259471499018,0.900318136477289,1.03551528155688,0.599783746311424,1.78779752691241,2188.81141746207,TRUE,FALSE,NA,NA,-0.0794343347758988,0.290197314294806,-0.273725258171077,0.784295765607442,0.923638668917504,0.52297528576054,1.63125947620844,2186.20679246,TRUE,FALSE,-0.0180696963365799,-0.0196381841832531,59,0.980096887436532,FALSE,FALSE,0.98713087740247,FALSE,FALSE,2186.20679246,2.60462500206586,0.111876612639377,0.114209108081871,"low",-1.80696963365799,-1.96381841832531
"fc310a26-b6a0-4e42-98ab-bdfd7b06cb63","Beza, the Bounding Spring",-0.0854826246690565,0.239489691710897,-0.356936551458122,0.721139305496235,0.918069094669925,0.574139764338829,1.46802384182303,2188.69981955784,TRUE,FALSE,NA,NA,-0.0825848480485367,0.245591982137195,-0.33626850245625,0.736668399740182,0.920733312117687,0.56896000743017,1.48999898230502,2186.16893817873,TRUE,FALSE,-0.018773778090086,-0.0204131407567452,80,0.949103862801502,FALSE,FALSE,0.962535990370137,FALSE,FALSE,2186.16893817873,2.53088137911118,0.00266421744776213,0.00289777459277587,"low",-1.8773778090086,-2.04131407567452
"18bd50f2-c3ba-4217-a2d5-bb771e199706","Vampiric Tutor",-0.251211753207786,0.196959087656987,-1.27545144626829,0.202149499244359,0.777857640267855,0.528743646369936,1.14434000801164,2187.19077429921,TRUE,FALSE,NA,NA,-0.0838443765130322,0.208215862191553,-0.402680063039086,0.687183602454852,0.919574352327504,0.611434485838234,1.38300506275708,2186.11948742537,TRUE,FALSE,-0.0190745769458801,-0.0207584047211871,123,0.702121447143028,FALSE,FALSE,0.952417704643675,FALSE,FALSE,2186.11948742537,1.07128687383738,0.141716712059649,0.166977778995393,"medium",-1.90745769458801,-2.07584047211871
"9a71531f-d4b6-4cc7-8193-b2f5bce33b21","Night Scythe",0.0230841408820807,0.251706908275254,0.0917103985753025,0.926928135344849,1.02335264171876,0.624838914455109,1.6760329823984,2188.81866829013,TRUE,FALSE,NA,NA,-0.0845799762948625,0.261854082476268,-0.323004230046816,0.746692038523698,0.918898162367639,0.550012662689765,1.53518980576434,2186.17766273517,TRUE,FALSE,-0.0192269932528955,-0.0209114647185709,73,0.98303758663691,FALSE,FALSE,0.962535990370137,FALSE,FALSE,2186.17766273517,2.64100555496134,0.104454479351125,0.107560237978903,"low",-1.92269932528955,-2.09114647185709
"6aa5cc65-f8f1-4f6f-8b4e-2fedccbda684","Rofellos, Llanowar Emissary",0.0451579599743017,0.285379028758485,0.158238536905663,0.874268838215816,1.04619310349318,0.597987794130798,1.83033837904271,2188.80205495993,TRUE,FALSE,NA,NA,-0.0863439897285127,0.326838023319543,-0.264179757457705,0.791641408353103,0.917278642512418,0.483382740645477,1.74064987691922,2186.212033031,TRUE,FALSE,-0.0196333313481261,-0.021337949669012,55,0.9746223355182,FALSE,FALSE,0.990943537824665,FALSE,FALSE,2186.212033031,2.59002192892194,0.128914460980762,0.131312774164456,"low",-1.96333313481261,-2.1337949669012
"69af2825-18c2-4463-b6ba-42eaa070ccc1","Grist, the Hunger Tide",-0.169567587219582,0.239808625948929,-0.707095445581235,0.479507166082344,0.844029706931406,0.527507342615011,1.35047626569747,2188.32773239238,TRUE,FALSE,NA,NA,-0.0881622165073235,0.265459008913686,-0.332112354627186,0.73980442146299,0.915612337240464,0.544187254253227,1.54054683485262,2186.17179824867,TRUE,FALSE,-0.0200424439566329,-0.0217847303386108,79,0.855446385071615,FALSE,FALSE,0.962535990370137,FALSE,FALSE,2186.17179824867,2.15593414371688,0.0715826303090581,0.0813604454907721,"low",-2.00424439566329,-2.17847303386108
"1be9d9a4-d7ee-4854-abc2-85cabf993ec9","Archon of Cruelty",-0.255699219298171,0.221543782895112,-1.15417014170616,0.248430421248718,0.774374850778385,0.50161367174116,1.19545467617852,2187.48557775333,TRUE,FALSE,NA,NA,-0.0908835249847342,0.241077711624494,-0.376988500398145,0.706182150873964,0.913124060844516,0.569272619182315,1.46466828439916,2186.13952765629,TRUE,FALSE,-0.0206736880371138,-0.0224961508576322,94,0.721889747838515,FALSE,FALSE,0.955085509788601,FALSE,FALSE,2186.13952765629,1.34605009704183,0.138749210066131,0.164443614286771,"low",-2.06736880371138,-2.24961508576322
"62b3f560-262b-4bc3-9aef-535fd7082c28","Vaultborn Tyrant",-0.135374179608835,0.255015453872749,-0.530846964578022,0.595524832080911,0.873389046166986,0.529827143909451,1.43973073998422,2188.54529312867,TRUE,FALSE,NA,NA,-0.0916262900371867,0.261579069165475,-0.35028142859253,0.726127501327754,0.912446076026452,0.546445191948552,1.52358892332327,2186.15919422851,TRUE,FALSE,-0.0208311194223252,-0.0226509656769986,70,0.911591210664896,FALSE,FALSE,0.962535990370137,FALSE,FALSE,2186.15919422851,2.38609890016596,0.0390570298594666,0.0437409135637282,"low",-2.08311194223252,-2.26509656769986
"2be39749-ad6f-4160-99eb-c677eee7f1b2","Thraben Inspector",-0.0887392056714782,0.199985992206173,-0.443727106546512,0.657239895206271,0.915084191225226,0.618343129179382,1.35423042242198,2188.63030294139,TRUE,FALSE,NA,NA,-0.0926513484163133,0.206985001984551,-0.447623487344405,0.654424949351099,0.911511244740897,0.607537150648697,1.36757521478638,2186.08162391305,TRUE,FALSE,-0.0210553241953431,-0.0228935364154675,125,0.937690795115136,FALSE,FALSE,0.94913287356219,FALSE,FALSE,2186.08162391305,2.54867902833575,0.00357294648432893,0.00391213775527598,"medium",-2.10553241953431,-2.28935364154675
"6a058e68-70af-4a64-859c-c881e5578368","Chrome Mox",-0.00786508612073085,0.197060517807811,-0.0399120341721699,0.968163256866727,0.992165762739817,0.67428412866009,1.45990815875976,2188.8254888122,TRUE,FALSE,NA,NA,-0.0930574814327879,0.205103450266121,-0.453709975683228,0.650037585953717,0.911141125093512,0.609534185440521,1.36198784197261,2186.07617558792,TRUE,FALSE,-0.0211479871994476,-0.0230101445964478,123,0.993104230697017,FALSE,FALSE,0.947443968054762,FALSE,FALSE,2186.07617558792,2.74931322427983,0.0810246376463052,0.0851409072958711,"medium",-2.11479871994476,-2.30101445964478
"b3dd3c7d-4685-4579-b483-14ddaaaddf5b","Scythecat Cub",-0.00225264075089714,0.242802380415804,-0.00927767160700583,0.992597595258623,0.997749894540222,0.619932110355028,1.60582882452227,2188.8269955932,TRUE,FALSE,NA,NA,-0.0984920705596884,0.249901643916346,-0.394123339951531,0.693489979954901,0.906202878267415,0.555270835354189,1.47892452528383,2186.12681230043,TRUE,FALSE,-0.0223851566855797,-0.0243277875811259,78,0.997150795236874,FALSE,FALSE,0.952417704643675,FALSE,FALSE,2186.12681230043,2.70018329277718,0.0915470162728068,0.0961652175203992,"low",-2.23851566855797,-2.43277875811259
"139b90cd-8272-457a-be32-1298145345be","Watery Grave",-0.215224601480096,0.209133734872936,-1.02912426639758,0.30342128444416,0.806360310117906,0.535193603508223,1.21491913481633,2187.7720573084,TRUE,FALSE,NA,NA,-0.101676806260519,0.213535668988714,-0.476158417664135,0.633961521309502,0.903321452334236,0.594397662883347,1.37280089946682,2186.05554814212,TRUE,FALSE,-0.0230974213111173,-0.0251329182614715,113,0.742477834825858,FALSE,FALSE,0.940148313269562,FALSE,FALSE,2186.05554814212,1.71650916627868,0.0969611422163301,0.113425953701772,"medium",-2.30974213111173,-2.51329182614715
"bb9ad57f-cca2-4717-a951-cbe3c7782efe","Recruiter of the Guard",0.0630256915169816,0.226943479586392,0.277715366098409,0.781230863993112,1.06505420173792,0.68264280994416,1.66168959244204,2188.74980410959,TRUE,FALSE,NA,NA,-0.1017039844741,0.238579776520275,-0.426289210080874,0.669897119236528,0.903296902004491,0.565909930715274,1.44182890047469,2186.10067170262,TRUE,FALSE,-0.0230991621090308,-0.0251108458419492,97,0.949312199698855,FALSE,FALSE,0.952417704643675,FALSE,FALSE,2186.10067170262,2.64913240696978,0.161757299733431,0.164358177182804,"low",-2.30991621090308,-2.51108458419492
"62d37423-3445-412a-9abd-0480da404637","Phyrexian Fleshgorger",-0.20607050256231,0.241121377545451,-0.854633897085568,0.392753855870525,0.813775700988327,0.507292051613882,1.30542335408616,2188.09760558482,TRUE,FALSE,NA,NA,-0.101908711150332,0.252165555887799,-0.404134144298743,0.686114077917107,0.903111991960747,0.550926870148883,1.48043472594266,2186.11865465723,TRUE,FALSE,-0.023163319041826,-0.0252012576378542,77,0.820459584162591,FALSE,FALSE,0.952417704643675,FALSE,FALSE,2186.11865465723,1.97895092758199,0.0893362909724202,0.104067716647172,"low",-2.3163319041826,-2.52012576378542
"1571b584-9007-45ee-a3c3-6c72f227fee2","Mystical Tutor",-0.228125489965697,0.193814397691462,-1.17703066791176,0.239183265840185,0.79602436049771,0.544437727554269,1.16387008180403,2187.43672971983,TRUE,FALSE,NA,NA,-0.109277738767835,0.200460073204178,-0.545134684534065,0.585660889312379,0.896481395280162,0.605210176414569,1.32793354012102,2185.98417191293,TRUE,FALSE,-0.0248490284456011,-0.0270243622903946,124,0.70877212682291,FALSE,FALSE,0.917874802534039,FALSE,FALSE,2185.98417191293,1.4525578069024,0.100457034782452,0.118708056902628,"medium",-2.48490284456011,-2.70243622903946
"487116ab-b885-406b-aa54-56cb67eb3ca5","Scavenging Ooze",0.116312350893429,0.247708440895803,0.469553441428163,0.63867409509985,1.12334669568441,0.691289770749597,1.82543971008963,2188.60660198071,TRUE,FALSE,NA,NA,-0.109670140076612,0.275440540788941,-0.398162666114745,0.690510283836715,0.896129683817892,0.522289315688184,1.53755473469993,2186.12327928405,TRUE,FALSE,-0.0249256300893252,-0.027065980912658,72,0.928919406213388,FALSE,FALSE,0.952417704643675,FALSE,FALSE,2186.12327928405,2.48332269666753,0.227217011866513,0.225025669200955,"low",-2.49256300893252,-2.7065980912658
"d6ec3293-b09e-4931-ac4e-dc5eac0ca004","Mana Vault",-0.112340066727946,0.184577415166171,-0.608633871196042,0.542767148289548,0.893740274485255,0.622437659864775,1.28329587000008,2188.45634151472,TRUE,FALSE,NA,NA,-0.110374340994604,0.191703142858879,-0.575756554371441,0.564779743095785,0.895498850614637,0.615012613888588,1.30390527501832,2185.95027305173,TRUE,FALSE,-0.0250916086362459,-0.027277709233701,138,0.89094379935662,FALSE,FALSE,0.907785494010433,FALSE,FALSE,2185.95027305173,2.50606846299388,0.00175857612938246,0.00196572510036553,"medium",-2.50916086362459,-2.7277709233701
"1ea179e9-9c0d-46c1-9ee8-60be68e1f79c","Thirst for Discovery",-0.150999112992249,0.291658626721744,-0.517725515920739,0.604649792920866,0.859848461351117,0.485464059708977,1.52295388649594,2188.55766472339,TRUE,FALSE,NA,NA,-0.111163680936826,0.302873189162835,-0.367030443480624,0.713596309705804,0.894792276503903,0.494209811811579,1.62006742673958,2186.14667137475,TRUE,FALSE,-0.0252780710925808,-0.0274518545657144,54,0.913229687239101,FALSE,FALSE,0.955085509788601,FALSE,FALSE,2186.14667137475,2.41099334864339,0.034943815152786,0.0398301651146017,"low",-2.52780710925808,-2.74518545657144
"ff590af2-2d6c-4f16-a9b8-1a6dab6e9ad5","Echo of Eons",-0.20937978499742,0.270228183290961,-0.774825861786505,0.438442565276573,0.811087138414991,0.477578361702716,1.37749613227185,2188.225859432,TRUE,FALSE,NA,NA,-0.112075746240607,0.28058906076859,-0.399430205631001,0.689576241090565,0.893976539573637,0.51580303300981,1.54941712662022,2186.122233898,TRUE,FALSE,-0.025476503581649,-0.0276874277753049,63,0.849956762559716,FALSE,FALSE,0.952417704643675,FALSE,FALSE,2186.122233898,2.10362553399727,0.0828894011586453,0.0972273378744722,"low",-2.5476503581649,-2.76874277753049
"7c353e83-4b63-4bc6-b029-273d2eca1f75","Upheaval",-0.196938019888912,0.282883311023864,-0.696181118554209,0.486315410691398,0.821241532376684,0.471710745069246,1.42976953896057,2188.34054525805,TRUE,FALSE,NA,NA,-0.115026750976511,0.291051456350549,-0.395211047623038,0.692687140135896,0.891342299310987,0.503844492361175,1.57685775390292,2186.12533245116,TRUE,FALSE,-0.0261497401224503,-0.0283939759101152,55,0.855446385071615,FALSE,FALSE,0.952417704643675,FALSE,FALSE,2186.12533245116,2.21521280688739,0.0701007669343036,0.0818655012820278,"low",-2.61497401224503,-2.83939759101152
"30377bf0-d9b1-4c14-8dde-f74b1e02d604","Gilded Goose",-0.0352150128016553,0.182025017122009,-0.193462488609745,0.846596780814479,0.965397821050337,0.67571489398626,1.37926951319751,2188.78964855295,TRUE,FALSE,NA,NA,-0.118076284993904,0.195133396327847,-0.605105467418415,0.545108921683355,0.888628261027434,0.606204590504435,1.30262983597592,2185.91537479664,TRUE,FALSE,-0.0268346145519746,-0.0291243030084237,143,0.96220727866112,FALSE,FALSE,0.897585367283118,FALSE,FALSE,2185.91537479664,2.87427375630796,0.0767695600229026,0.0828138943297588,"medium",-2.68346145519746,-2.91243030084237
"079e6263-e54c-4899-a336-5315909b9322","Magda, Brazen Outlaw",0.0646563135767662,0.203847518552815,0.317179792208334,0.751107182380907,1.06679231933546,0.715420481744822,1.59073703036511,2188.72627778339,TRUE,FALSE,NA,NA,-0.118630981568209,0.211818207930847,-0.56006035896092,0.575438268055015,0.888135478660193,0.586375641037724,1.34518655491732,2185.96928703995,TRUE,FALSE,-0.0269208952947684,-0.0292692892527526,125,0.949312199698855,FALSE,FALSE,0.910658261550544,FALSE,FALSE,2185.96928703995,2.75699074343265,0.178656840675271,0.18277589674508,"medium",-2.69208952947684,-2.92692892527526
"7832abb5-5107-4603-904e-491b221bd3e3","Smuggler's Copter",-0.0196110653061632,0.212083495891705,-0.0924686064029099,0.926325732793168,0.980579980724692,0.647073935120183,1.48597717572946,2188.81853130839,TRUE,FALSE,NA,NA,-0.119071584981375,0.219073401592493,-0.543523696239786,0.586769280158746,0.887744249331759,0.577841625545303,1.36385095393205,2185.98638034458,TRUE,FALSE,-0.0270570084731608,-0.0293843566184808,104,0.98303758663691,FALSE,FALSE,0.917874802534039,FALSE,FALSE,2185.98638034458,2.83215096381718,0.0928357313929332,0.0993786088083097,"medium",-2.70570084731608,-2.93843566184808
"24da9431-7e52-44f5-bc18-2f2d8a4ca81e","Abrade",-0.0239465356829003,0.216106700583927,-0.110808853303465,0.911767924669731,0.976337907602024,0.639214200434886,1.49126178544246,2188.81480475983,TRUE,FALSE,NA,NA,-0.119175516615657,0.223011470177175,-0.534391870162447,0.593070442525825,0.887651989415546,0.573339066511766,1.37427588722878,2185.99646312514,TRUE,FALSE,-0.0270769854167531,-0.0293936602119552,101,0.980172839281061,FALSE,FALSE,0.91982763400294,FALSE,FALSE,2185.99646312514,2.81834163469284,0.088685918186478,0.0951570803343705,"medium",-2.70769854167531,-2.93936602119552
"af7091c9-5f98-4078-a42b-c9e057346d9b","Hallowed Fountain",-0.222800306569656,0.220429852607665,-1.01075377919074,0.312134290246601,0.800274642927818,0.519523716112276,1.23274353845829,2187.80320314604,TRUE,FALSE,NA,NA,-0.11941862040117,0.225505906507004,-0.529558725316406,0.596417917937979,0.887436224084449,0.570404114154405,1.38067561624228,2186.00113937815,TRUE,FALSE,-0.0271448692780471,-0.0294791174142338,93,0.742477834825858,FALSE,FALSE,0.91982763400294,FALSE,FALSE,2186.00113937815,1.80206376789192,0.0871615811566312,0.103289707805143,"low",-2.71448692780471,-2.94791174142338
"4a706ecf-3277-40e3-871c-4ba4ead16e20","Wrenn and Six",-0.0879941682194146,0.220701422635548,-0.398702315411543,0.690112561589437,0.9157662172554,0.594182387797807,1.41139788369432,2188.66814970411,TRUE,FALSE,NA,NA,-0.12810954400303,0.232942540080748,-0.549961994741803,0.582345441188644,0.879757001762291,0.557285879225312,1.3888246786832,2185.97915868093,TRUE,FALSE,-0.0291054592788358,-0.0315902053764684,95,0.944094612146471,FALSE,FALSE,0.917508285038224,FALSE,FALSE,2185.97915868093,2.68899102317891,0.0360092154931088,0.0401099970322957,"low",-2.91054592788358,-3.15902053764684
"1bd3fa8a-6c50-4f7f-9ae3-0810eec5e3db","Reprieve",0.00445902181294444,0.199660300102427,0.022333041724654,0.982182291965233,1.00446897804356,0.679175873612526,1.48556208642283,2188.82658292329,TRUE,FALSE,NA,NA,-0.129252656768531,0.206213825084974,-0.626789482786959,0.530797238452907,0.878751914876309,0.586588484277309,1.31643383495698,2185.88874528168,TRUE,FALSE,-0.0293790591615125,-0.0318598472918464,122,0.996926484332773,FALSE,FALSE,0.888198453598217,FALSE,FALSE,2185.88874528168,2.93783764160935,0.125717063167249,0.133512816940268,"medium",-2.93790591615125,-3.18598472918464
"985453e7-997e-4d77-a338-cc0290791ebe","Finale of Devastation",0.0715917983072449,0.276858931394651,0.25858583628351,0.795954812652116,1.07421675745523,0.624345294413351,1.84824271492571,2188.76033469552,TRUE,FALSE,NA,NA,-0.129701625757356,0.311666253559267,-0.416155500559164,0.677296219703526,0.878357471070803,0.476843238421608,1.61795698213037,2186.10828924543,TRUE,FALSE,-0.0294813662990597,-0.0319696238327422,60,0.949312199698855,FALSE,FALSE,0.952417704643675,FALSE,FALSE,2186.10828924543,2.65204545009419,0.195859286384424,0.200616482101451,"low",-2.94813662990597,-3.19696238327422
"748e6a61-9c1f-4225-9f04-e54002f63ac3","Savai Triome",-0.139929538963495,0.263356890015798,-0.531330465495323,0.595189797336588,0.869419493439294,0.51886629813163,1.45681124076492,2188.54483429251,TRUE,FALSE,NA,NA,-0.129825947842678,0.270173142799457,-0.48052869540421,0.630851503919642,0.878248278625998,0.517179480163385,1.49139721990876,2186.05136539425,TRUE,FALSE,-0.0294959913553831,-0.0320078527066787,69,0.911591210664896,FALSE,FALSE,0.940148313269562,FALSE,FALSE,2186.05136539425,2.49346889825301,0.00882878518670427,0.0101035051716619,"low",-2.94959913553831,-3.20078527066787
"04fc99dc-bfbe-4567-b791-6b1db96471ec","Reanimate",-0.266719126642245,0.192829691280832,-1.38318494870068,0.16660816359417,0.765888158836641,0.52483816473847,1.11764866058946,2186.90953155049,TRUE,FALSE,NA,NA,-0.13308320028709,0.199758261008873,-0.666221259711399,0.505269686065259,0.875392256191797,0.591786475838818,1.2949123264677,2185.83748509472,TRUE,FALSE,-0.030242942125896,-0.0328754190628133,126,0.679147373525965,FALSE,FALSE,0.888198453598217,FALSE,FALSE,2185.83748509472,1.0720464557694,0.109504097355156,0.133437402106889,"medium",-3.0242942125896,-3.28754190628133
"c3896705-bbd2-4ffb-a590-ee78e0eabdc5","Long Goodbye",-0.196620647216492,0.224957594656143,-0.874034270845732,0.382099590584324,0.821502213360839,0.528592464368808,1.27672248858601,2188.05817827583,TRUE,FALSE,NA,NA,-0.133809595560101,0.229053134345982,-0.584185830690197,0.559095293458113,0.874756606289361,0.5583586735947,1.37044368867872,2185.93927408801,TRUE,FALSE,-0.0304277484394114,-0.0330319456198159,92,0.818708108990727,FALSE,FALSE,0.907785494010433,FALSE,FALSE,2185.93927408801,2.1189041878165,0.0532543929285224,0.0627904094724229,"low",-3.04277484394114,-3.30319456198159
"2da5f3f8-5eef-498f-ba2c-2f3fbc3745aa","Ephemerate",-0.150514929366733,0.27157842216541,-0.5542227109452,0.579426437348362,0.860264886701561,0.505196085571411,1.46488798394904,2188.51796555853,TRUE,FALSE,NA,NA,-0.136642242214868,0.283283455727423,-0.482351649742459,0.629556162028518,0.872282236077577,0.500635085552112,1.51982216455602,2186.04816503936,TRUE,FALSE,-0.0310685505577858,-0.0336648820154439,64,0.906024296439513,FALSE,FALSE,0.940148313269562,FALSE,FALSE,2186.04816503936,2.46980051917444,0.0120173493760167,0.0138724646712523,"low",-3.10685505577858,-3.36648820154439
"6cc73d16-5ed7-4104-91f6-0997a2080e2e","Embereth Shieldbreaker // Battle Display",-0.0171715245295431,0.259261797757314,-0.0662323746810424,0.947192822085726,0.982975065838473,0.59136334819222,1.63391928670236,2188.8226933598,TRUE,FALSE,NA,NA,-0.139276917523521,0.261035608646478,-0.53355524269543,0.593649281099764,0.869987080430617,0.52157264691739,1.45114496434869,2185.99660742231,TRUE,FALSE,-0.0316524132145555,-0.0343210574540913,70,0.987786800175115,FALSE,FALSE,0.91982763400294,FALSE,FALSE,2185.99660742231,2.82608593748364,0.112987985407855,0.121953905680539,"low",-3.16524132145555,-3.43210574540913
"907b3d1d-8c85-4707-80b5-c4d832df9846","Tishana's Tidebinder",-0.128617258981962,0.268377180969688,-0.479240666129842,0.631767427172142,0.879310449324949,0.519630896595987,1.48795399072122,2188.59725540697,TRUE,FALSE,NA,NA,-0.144990952439258,0.280357297480566,-0.517164895446705,0.605041055161383,0.865030119487886,0.499328413961476,1.4985670486578,2186.01413542536,TRUE,FALSE,-0.0329375785466155,-0.0357141549541342,62,0.92423184760138,FALSE,FALSE,0.922484465793244,FALSE,FALSE,2186.01413542536,2.58311998161253,0.0142803298370628,0.016373327654452,"low",-3.29375785466155,-3.57141549541342
"1785cb18-c291-4fd5-b8c7-ace893c32e49","Mesmeric Fiend",-0.175236992667737,0.207066620299689,-0.846283154735974,0.397394802823997,0.839258099182815,0.559289769769175,1.25937250261997,2188.10905420883,TRUE,FALSE,NA,NA,-0.145846222790477,0.216353506594616,-0.674110741656484,0.500240910855293,0.864290601162904,0.565582505518151,1.32075910405712,2185.82629865417,TRUE,FALSE,-0.0331415396072064,-0.0359599471850904,109,0.820459584162591,FALSE,FALSE,0.888198453598217,FALSE,FALSE,2185.82629865417,2.28275555465734,0.0250325019800898,0.0293886543719116,"medium",-3.31415396072064,-3.59599471850904
"80c72839-0fa6-4b5f-83b7-6553ebf09bef","Otharri, Suns' Glory",0.0356027343416908,0.200312180286819,0.17773624295194,0.858930120633768,1.03624410051531,0.69976610252865,1.53451536445183,2188.79548418491,TRUE,FALSE,NA,NA,-0.146859489596053,0.211532136734011,-0.694265617808798,0.487515648699053,0.863415287724292,0.570374293955957,1.30701184638869,2185.80064976917,TRUE,FALSE,-0.033340354930431,-0.0361691231186151,119,0.966881704016332,FALSE,FALSE,0.888198453598217,FALSE,FALSE,2185.80064976917,2.99483441574057,0.172828812791019,0.181957685531381,"medium",-3.3340354930431,-3.61691231186151
"0ce44270-a684-4489-9077-521456e6dfaa","Lórien Revealed",-0.121439647870029,0.195890702845387,-0.619935740216724,0.535300094360672,0.885644502268082,0.603273013841328,1.30018443789362,2188.44283201709,TRUE,FALSE,NA,NA,-0.146873271537585,0.209381590258813,-0.701462202842368,0.483014614761426,0.863403388267278,0.572775642135389,1.30149635569734,2185.79014007752,TRUE,FALSE,-0.0333527538008104,-0.036230762532118,123,0.885870869887462,FALSE,FALSE,0.888198453598217,FALSE,FALSE,2185.79014007752,2.65269193957192,0.0222411140008044,0.0254322527372269,"medium",-3.33527538008104,-3.6230762532118
"0027e5ca-8046-40a0-bd73-79be55f28bff","Remand",-0.169016424854132,0.197139655568012,-0.857343614439979,0.39125501130329,0.844495032564397,0.573836853871445,1.24281292707929,2188.09245915626,TRUE,FALSE,NA,NA,-0.153817899050094,0.202691255760997,-0.75887782367616,0.447925645927487,0.857428145275569,0.576319686858283,1.27565141548164,2185.70620677675,TRUE,FALSE,-0.0349165779541141,-0.0379237002909587,123,0.820459584162591,FALSE,FALSE,0.87153496203809,FALSE,FALSE,2185.70620677675,2.38625237951919,0.0129331127111721,0.0151982332452708,"medium",-3.49165779541141,-3.79237002909587
"6bbf7394-9b17-45f8-a25b-d865e8452b2c","Steamcore Scholar",-0.189227625239991,0.213064066750426,-0.888125473835266,0.374473261395965,0.827598103036014,0.545074282156975,1.25656014706553,2188.03471724816,TRUE,FALSE,NA,NA,-0.154160455815684,0.224131493448233,-0.687812557904943,0.491570826980265,0.857134477765165,0.552413630346924,1.32994457886995,2185.80741517352,TRUE,FALSE,-0.0350402125485149,-0.0379798887298106,103,0.818708108990727,FALSE,FALSE,0.888198453598217,FALSE,FALSE,2185.80741517352,2.22730207463701,0.0295363747291513,0.0350635763393442,"medium",-3.50402125485149,-3.79798887298106
"5ad67b3c-cd5a-497b-8639-9b844e8d517a","Mind Twist",-0.311597970576253,0.231528790806073,-1.34582817752996,0.178357935891323,0.732275865502458,0.465150439200146,1.15280541091061,2187.01609276929,TRUE,FALSE,NA,NA,-0.154527346381952,0.237757733298394,-0.649936152394316,0.515733464491238,0.856820060893069,0.53765805647614,1.36544148814663,2185.85932073588,TRUE,FALSE,-0.0350907733570906,-0.0380831294898408,88,0.697412217356879,FALSE,FALSE,0.888198453598217,FALSE,FALSE,2185.85932073588,1.15677203340965,0.124544195390611,0.156748492425009,"low",-3.50907733570906,-3.80831294898408
"01c6f877-6b00-4d57-8a88-36cd3b16edbc","Llanowar Elves",-0.0849231686964765,0.201398600547799,-0.421667124128409,0.673268004105124,0.918582857608651,0.618991074410799,1.36317711381487,2188.64881753562,TRUE,FALSE,NA,NA,-0.154919101494239,0.233069810182182,-0.664689696933053,0.506248985068529,0.856484462994292,0.542408468505583,1.35242290256217,2185.83892416944,TRUE,FALSE,-0.0352284280814964,-0.0381368726770346,118,0.944094612146471,FALSE,FALSE,0.888198453598217,FALSE,FALSE,2185.83892416944,2.80989336617267,0.062098394614359,0.069967368441289,"medium",-3.52284280814964,-3.81368726770346
"1e0c695d-62f9-4805-9e2f-7032e8464136","No More Lies",-0.200169768012754,0.278797511597568,-0.717975447003598,0.472772426045515,0.818591770582776,0.473969222540671,1.41378902890333,2188.30899270557,TRUE,FALSE,NA,NA,-0.159356752955257,0.284893106050986,-0.559356297399272,0.575918580934933,0.852692104272354,0.487850027618647,1.490383895718,2185.96782224969,TRUE,FALSE,-0.0362039782585372,-0.0392190222925983,56,0.855446385071615,FALSE,FALSE,0.910658261550544,FALSE,FALSE,2185.96782224969,2.34117045587891,0.0341003336895779,0.0408073508069164,"low",-3.62039782585372,-3.92190222925983
"07a3d9e8-8597-498b-869c-cff79e0df516","Karn, Scion of Urza",-0.264840272230595,0.22967740322495,-1.15309677187183,0.248870666492274,0.767328503858288,0.489188206810693,1.20361248418495,2187.48246399573,TRUE,FALSE,NA,NA,-0.159389187332018,0.236311775946602,-0.674486858276731,0.500001837970232,0.852664448183889,0.536568917166506,1.35497349536392,2185.82410875745,TRUE,FALSE,-0.036240509414009,-0.0392780014057817,89,0.721889747838515,FALSE,FALSE,0.888198453598217,FALSE,FALSE,2185.82410875745,1.65835523827445,0.0853359443256013,0.105353476035838,"low",-3.6240509414009,-3.92780014057817
"4216656e-90e8-45fc-a0f6-0d0d79d0a021","Shelldock Isle",-0.220693402945552,0.215469792128528,-1.02424289161568,0.305720564404358,0.801962521948112,0.52570545450186,1.22339207459583,2187.77623114918,TRUE,FALSE,NA,NA,-0.160063209436966,0.219889914477306,-0.727924288012243,0.4666599344117,0.852089927139402,0.553746963138284,1.31117151382213,2185.75141387495,TRUE,FALSE,-0.0363533584125842,-0.0394604349531104,101,0.742477834825858,FALSE,FALSE,0.877240563400534,FALSE,FALSE,2185.75141387495,2.02481727422855,0.0501274051912901,0.0606116271814037,"medium",-3.63533584125842,-3.94604349531104
"4a08ca06-58db-4ce6-b490-be4bea8956a1","Sensei's Divining Top",-0.287919259598455,0.242333692698906,-1.1881107261308,0.234789789043531,0.74982213073498,0.466315284575732,1.2056933288204,2187.41102757222,TRUE,FALSE,NA,NA,-0.160376616155118,0.24746665839969,-0.648073632190441,0.516937327316052,0.851822918275139,0.524446810281731,1.38355743589895,2185.86100669793,TRUE,FALSE,-0.0364266726156712,-0.0395314641425756,78,0.70877212682291,FALSE,FALSE,0.888198453598217,FALSE,FALSE,2185.86100669793,1.55002087428829,0.102000787540158,0.127370028213428,"low",-3.64266726156712,-3.95314641425756
"c7bbb911-9de2-455d-9677-e1004db65dbd","Chandra, Torch of Defiance",0.0775174460025516,0.19577298133907,0.395955792634607,0.692137640890732,1.08060108446339,0.736241125733547,1.58602754305531,2188.6702658026,TRUE,FALSE,NA,NA,-0.160398602310561,0.209335114733874,-0.766228840844377,0.443540150478528,0.851804190169928,0.565132293651142,1.28389473852815,2185.6952752645,TRUE,FALSE,-0.0364077399640165,-0.0394850636884684,125,0.944094612146471,FALSE,FALSE,0.87153496203809,FALSE,FALSE,2185.6952752645,2.97499053810725,0.228796894293462,0.236800113616826,"low",-3.64077399640165,-3.94850636884684
"f6ca59cd-8779-4a84-a54b-e863b79c61f0","Underground Mortuary",-0.275067124472986,0.299630767438717,-0.918020291521782,0.35860824265752,0.759521139057664,0.422171593192821,1.36644049475867,2187.98278009435,TRUE,FALSE,NA,NA,-0.161959420587072,0.304685585494601,-0.531562464053429,0.595029067948761,0.850475715645258,0.468067310216934,1.54530967472837,2185.99902817071,TRUE,FALSE,-0.0367802729435216,-0.0398773034415467,54,0.797311727329918,FALSE,FALSE,0.91982763400294,FALSE,FALSE,2185.99902817071,1.98375192363619,0.0909545765875943,0.112987272393619,"low",-3.67802729435216,-3.98773034415467
"9a9a1df5-a4e8-49a4-aebe-ca93894ccfcf","Dimir Signet",-0.283453653765131,0.282832994492209,-1.00219443730049,0.316249693918306,0.753178028296971,0.432658596390741,1.31114265853393,2187.81884500844,TRUE,FALSE,NA,NA,-0.163029266037639,0.288625605822425,-0.564846856096137,0.57217793347727,0.849566324610726,0.482518771908722,1.49582354497311,2185.96198146038,TRUE,FALSE,-0.0370293334692429,-0.0401607881104512,54,0.742477834825858,FALSE,FALSE,0.910658261550544,FALSE,FALSE,2185.96198146038,1.85686354806239,0.096388296313755,0.120279065265633,"low",-3.70293334692429,-4.01607881104511
"de0e01e4-e143-47fd-8565-7b48219bb546","Goldvein Hydra",-0.081579015055747,0.215639129475824,-0.378312671053948,0.705198333558728,0.921659881969722,0.603969421594317,1.40645686298174,2188.68374911113,TRUE,FALSE,NA,NA,-0.163449016296895,0.234247379022107,-0.697762412451452,0.485325789251541,0.84920979375791,0.536561613980504,1.34403441286904,2185.79363366863,TRUE,FALSE,-0.0371349623715547,-0.0402156287592949,99,0.944094612146471,FALSE,FALSE,0.888198453598217,FALSE,FALSE,2185.79363366863,2.89011544250525,0.072450088211812,0.0818243027195584,"low",-3.71349623715547,-4.02156287592949
"187e887c-c39d-4d25-a506-cdc95fc70316","Gideon, Ally of Zendikar",0.0178538387029592,0.254962436503007,0.0700253690223448,0.944173467636737,1.01801417124361,0.617625781279622,1.67796242363078,2188.82217986152,TRUE,FALSE,NA,NA,-0.164418055714887,0.266856270053083,-0.616129632937539,0.537808965806368,0.848387274584729,0.502853529553103,1.43135311850544,2185.90102025039,TRUE,FALSE,-0.0373475455222696,-0.0404336025532959,72,0.986988016288523,FALSE,FALSE,0.892273965996929,FALSE,FALSE,2185.90102025039,2.9211596111254,0.169626896658879,0.181768929763763,"low",-3.73475455222696,-4.04336025532959
"329a8738-3e17-403a-857a-0ba529ce8cd1","Walking Ballista",-0.228258482038155,0.207359091392882,-1.10078839806293,0.270988762368301,0.795918502607566,0.530103874949836,1.19502288651072,2187.6064931886,TRUE,FALSE,NA,NA,-0.168256371198541,0.21255672355637,-0.791583387170155,0.428603636744703,0.845137138087439,0.557179655722007,1.28191468378198,2185.65220645037,TRUE,FALSE,-0.0382481192465035,-0.0414408702555229,111,0.72626259587276,FALSE,FALSE,0.87153496203809,FALSE,FALSE,2185.65220645037,1.95428673822926,0.0492186354798728,0.0599841154185707,"medium",-3.82481192465035,-4.14408702555229
"8683a978-1bef-4b01-9361-56b1fc157d26","Courser of Kruphix",-0.0921016994261901,0.210694156445685,-0.437134569747468,0.662013757809705,0.912012393691445,0.603468010752083,1.37831101471343,2188.63538930618,TRUE,FALSE,NA,NA,-0.168606544078927,0.227045697455749,-0.742610610851981,0.457717462515744,0.844841245791226,0.541389600190141,1.31837909398221,2185.72663545948,TRUE,FALSE,-0.038326995646454,-0.0414891289526941,107,0.941435149093022,FALSE,FALSE,0.87153496203809,FALSE,FALSE,2185.72663545948,2.90875384669789,0.0671711479002188,0.0764675512981244,"medium",-3.8326995646454,-4.14891289526941
"68c72226-6f52-4322-8b14-18737293dfa0","Bloodstained Mire",-0.176773751042152,0.203510810625028,-0.868620937134687,0.385054498749063,0.837969352770149,0.562336451613626,1.24870552881123,2188.07125190737,TRUE,FALSE,NA,NA,-0.168752300046655,0.207034737528501,-0.815091718719058,0.415019811547856,0.844718114111677,0.562963555509706,1.26748647461263,2185.61662144907,TRUE,FALSE,-0.0383235977785324,-0.0415727099172555,116,0.818708108990727,FALSE,FALSE,0.858022309543125,FALSE,FALSE,2185.61662144907,2.45463045829865,0.00674876134152735,0.00802140798496993,"medium",-3.83235977785324,-4.15727099172555
"45026d57-0324-4312-8b86-2e7d4f581ee9","Marsh Flats",-0.203823257329419,0.185796149872048,-1.09702627029562,0.272629908400858,0.81560651092198,0.566666851698837,1.17390664137853,2187.62288429535,TRUE,FALSE,NA,NA,-0.169981432177596,0.191185907320852,-0.889089758547577,0.373954842555871,0.843680481760301,0.580012391783194,1.22720956549728,2185.49107707174,TRUE,FALSE,-0.0385752295844458,-0.0418002283452633,142,0.72626259587276,FALSE,FALSE,0.843390773167115,FALSE,FALSE,2185.49107707174,2.13180722361267,0.0280739708383207,0.0338385956885475,"medium",-3.85752295844458,-4.18002283452633
"1af92296-455a-425e-9397-a96d09937767","Incinerate",-0.0566890117619994,0.228505318813685,-0.248086180471894,0.804067727835316,0.944887872694103,0.603771516450682,1.47872674950428,2188.76548655219,TRUE,FALSE,NA,NA,-0.174739802606605,0.234999195699351,-0.743576173044271,0.457132922494327,0.83967547371709,0.529756280571206,1.33090427998664,2185.72769500353,TRUE,FALSE,-0.0396826051580922,-0.0429592493064044,90,0.951247021317424,FALSE,FALSE,0.87153496203809,FALSE,FALSE,2185.72769500353,3.03779154866288,0.105212398977013,0.117913885420317,"low",-3.96826051580922,-4.29592493064044
"5da578b8-19e6-4068-9336-e7cd33c585f1","Retrofitter Foundry",-0.298051535205501,0.211430432316765,-1.40969079966199,0.15863100256103,0.742263086081401,0.490438601792664,1.12339136223214,2186.83089807609,TRUE,FALSE,NA,NA,-0.179695039028698,0.217781546059532,-0.825116003995935,0.409305734536987,0.835524975070756,0.545230373858661,1.28037984939547,2185.59920935554,TRUE,FALSE,-0.0408087610319375,-0.044264308070254,101,0.679147373525965,FALSE,FALSE,0.853694817748572,FALSE,FALSE,2185.59920935554,1.23168872055157,0.0932618889893551,0.118218525397197,"medium",-4.08087610319375,-4.4264308070254
"3faa8c5e-9e1b-4cee-b322-a033bf33dcbc","Hymn to Tourach",-0.261906044778184,0.279095108886078,-0.938411446275433,0.348033005870796,0.769583326683066,0.445333224386447,1.32992209939995,2187.9478251732,TRUE,FALSE,NA,NA,-0.180710608758147,0.283472227804829,-0.637489641075407,0.523805955330007,0.83467687192471,0.478874760900508,1.45483858705755,2185.87581904949,TRUE,FALSE,-0.0410111228849786,-0.044452813333106,56,0.785765240058809,FALSE,FALSE,0.888198453598217,FALSE,FALSE,2185.87581904949,2.07200612371571,0.0650935452416441,0.0811508573211929,"low",-4.10111228849786,-4.4452813333106
"a249b1f4-2b22-4b67-a207-e0c4ae95d2e1","Ketria Triome",-0.307982005000484,0.236411253131559,-1.30273834650797,0.192664105708179,0.734928542928851,0.46238931890792,1.16810648759619,2187.12295133164,TRUE,FALSE,NA,NA,-0.185646416780376,0.240072371776406,-0.773293550635139,0.439348671754863,0.830567217699789,0.51882519409884,1.32962298470446,2185.6822675126,TRUE,FALSE,-0.0421462480725357,-0.0456488270308155,82,0.697412217356879,FALSE,FALSE,0.87153496203809,FALSE,FALSE,2185.6822675126,1.44068381903617,0.0956386747709375,0.122183243386789,"low",-4.21462480725357,-4.56488270308155
"32aa6e33-221f-414c-9b51-850d97a7e051","Galvanic Discharge",-0.0227158411927613,0.214825196640527,-0.105741046897643,0.915787812180265,0.977540220973892,0.641610904611829,1.4893526228327,2188.81590340794,TRUE,FALSE,NA,NA,-0.188783801449185,0.223096797081819,-0.846196825407358,0.397442952623398,0.827965492285381,0.534697814844852,1.28208277158246,2185.56712991536,TRUE,FALSE,-0.0428050770860229,-0.0463424658349171,102,0.980721422334856,FALSE,FALSE,0.84504860800509,FALSE,FALSE,2185.56712991536,3.24877349257622,0.149574728688512,0.165687350186781,"medium",-4.28050770860229,-4.63424658349171
"b50e1800-a45c-43bd-8886-8a06145d9346","Recurring Nightmare",-0.313960477031003,0.254874110988062,-1.23182568764589,0.218014205496245,0.730547901010893,0.443297696026728,1.20393189600346,2187.28743459096,TRUE,FALSE,NA,NA,-0.190938948367745,0.267156227401285,-0.714708955973328,0.474788902553588,0.826183026433813,0.489404881250661,1.39471104461203,2185.76734366352,TRUE,FALSE,-0.0433875649326043,-0.0470106193630013,75,0.702121447143028,FALSE,FALSE,0.884925699227538,FALSE,FALSE,2185.76734366352,1.52009092743901,0.0956351254229202,0.12286660942736,"low",-4.33875649326043,-4.70106193630013
"d2507bc2-da17-4e46-b4c5-ba0080ce2c6f","Rishadan Port",-0.033736294917264,0.246239229293917,-0.137006174905606,0.891025914271579,0.966826428066932,0.596685452703389,1.56657638924093,2188.80831205151,TRUE,FALSE,NA,NA,-0.190961644094217,0.254810958735917,-0.749424769804064,0.45360122616605,0.82616427582261,0.501379929380438,1.36133772145393,2185.7202975096,TRUE,FALSE,-0.0433229747555609,-0.0468693580107331,77,0.975673376127379,FALSE,FALSE,0.87153496203809,FALSE,FALSE,2185.7202975096,3.08801454190325,0.140662152244322,0.156902266073308,"low",-4.33229747555609,-4.68693580107331
"a7a8b6b8-b95f-4014-b17a-a6d44d965995","City of Traitors",-0.19750934237027,0.207150226226109,-0.953459457749683,0.340357328322364,0.82077247263156,0.546881144774968,1.23183521367687,2187.91533257466,TRUE,FALSE,NA,NA,-0.193863680237947,0.211713386038571,-0.915689290438294,0.359829883712947,0.823770192771497,0.543991358766073,1.24744137855065,2185.44086418215,TRUE,FALSE,-0.0440070848459758,-0.0476903986708352,108,0.776440155235394,FALSE,FALSE,0.835216377686069,FALSE,FALSE,2185.44086418215,2.47446839251506,0.00299772013993693,0.00364565809449794,"medium",-4.40070848459758,-4.76903986708352
"01e7b0bc-1c6c-48f4-8b72-1a809f536c6c","Birds of Paradise",-0.134592045297743,0.182479626869293,-0.737572997089421,0.460773969452934,0.874072420917508,0.611248242189031,1.24990559363003,2188.28330366244,TRUE,FALSE,NA,NA,-0.199154980204614,0.191029715673822,-1.04253403457222,0.29716415459772,0.819422889164586,0.56350829623321,1.19155986837318,2185.19496631394,TRUE,FALSE,-0.0451376897320325,-0.0488790234361849,144,0.849956762559716,FALSE,FALSE,0.835216377686069,FALSE,FALSE,2185.19496631394,3.08833734849532,0.0546495317529222,0.0645405173874063,"medium",-4.51376897320325,-4.88790234361849
"0c3d7e2c-a104-4757-9984-fb31088f92c4","Cryptic Coat",-0.298382013658479,0.231937483841949,-1.28647603102312,0.198276978695615,0.742017824654051,0.470961239697127,1.1690780592866,2187.16146556373,TRUE,FALSE,NA,NA,-0.201878342436787,0.238073420745233,-0.847966739860559,0.396456494050927,0.817194339767062,0.51247556502949,1.30309937588711,2185.55983046149,TRUE,FALSE,-0.0458302786309302,-0.049594451744699,84,0.702121447143028,FALSE,FALSE,0.84504860800509,FALSE,FALSE,2185.55983046149,1.60163510223947,0.0751765151130112,0.0964288463474397,"low",-4.58302786309303,-4.9594451744699
"02c532e8-21f1-4d6f-a931-1ea48a6aeea2","Coalition Relic",-0.31218212044686,0.222203831811193,-1.40493581007244,0.160040366800465,0.731848231563691,0.473453474073244,1.13126603430529,2186.84299496296,TRUE,FALSE,NA,NA,-0.206516452768927,0.227301040269718,-0.90855920643334,0.363582847929153,0.813412878452736,0.520988926539434,1.26997039117046,2185.45292483605,TRUE,FALSE,-0.0468680675546318,-0.0507504929914115,92,0.679147373525965,FALSE,FALSE,0.835216377686069,FALSE,FALSE,2185.45292483605,1.39007012690945,0.0815646468890446,0.105567462172367,"low",-4.68680675546318,-5.07504929914115
"400382a4-aea2-4827-b06a-1b0b3745908b","Noble Hierarch",-0.0880564291497918,0.179658693878631,-0.490131745081476,0.624040675764938,0.915709202573617,0.643915695438004,1.30222535281988,2188.58694690792,TRUE,FALSE,NA,NA,-0.20692140292316,0.202828439338111,-1.02017943636704,0.307643368341228,0.813083553466754,0.546366575931057,1.21000239407314,2185.23930513125,TRUE,FALSE,-0.046879878082364,-0.0507729261294349,151,0.92423184760138,FALSE,FALSE,0.835216377686069,FALSE,FALSE,2185.23930513125,3.34764177666875,0.102625649106863,0.118725218795939,"medium",-4.6879878082364,-5.07729261294349
"15c34f32-49d9-4a0d-83b2-28172f54fdd1","Crop Rotation",-0.224968779641255,0.268795050855522,-0.836952834232711,0.402619080430694,0.798541149111356,0.471513719713548,1.35238475608192,2188.1225974228,TRUE,FALSE,NA,NA,-0.207364265235135,0.276256620457914,-0.750621885156689,0.452880246312608,0.812723549126498,0.472920849674647,1.39668100435662,2185.71616851323,TRUE,FALSE,-0.0470632930046921,-0.0508925302531767,65,0.820459584162591,FALSE,FALSE,0.87153496203809,FALSE,FALSE,2185.71616851323,2.40642890956724,0.0141824000151419,0.0176040597558581,"low",-4.70632930046921,-5.08925302531767
"2c695df6-6bf2-4e6b-8500-e3116137ca27","Jacked Rabbit",-0.128940001103975,0.196471540927165,-0.656278260431495,0.511645102552242,0.879026704595277,0.59808390750488,1.29193903680702,2188.39547791969,TRUE,FALSE,NA,NA,-0.208359820142969,0.207574728264365,-1.00378221320663,0.315483599539182,0.811914840832003,0.540529379330965,1.21955574288891,2185.27090855918,TRUE,FALSE,-0.0472939709905357,-0.0510744633839827,128,0.880113136943373,FALSE,FALSE,0.835216377686069,FALSE,FALSE,2185.27090855918,3.12456936051422,0.0671118637632738,0.0793781002598946,"medium",-4.72939709905357,-5.10744633839827
"0055ea30-20fb-4324-a632-8fed87628f05","Boseiju, Who Endures",-0.131093365921869,0.1987482680433,-0.65959501037417,0.509513757096137,0.877135875968178,0.594140193611034,1.29492559699495,2188.39174319451,TRUE,FALSE,NA,NA,-0.211714342391666,0.217422137364225,-0.973747866515552,0.330181744184131,0.809195817496245,0.52842112305812,1.23915915257876,2185.33418370334,TRUE,FALSE,-0.0480133229491404,-0.0518800178465196,119,0.880113136943373,FALSE,FALSE,0.835216377686069,FALSE,FALSE,2185.33418370334,3.05755949116428,0.0679400584719331,0.0805773368729803,"medium",-4.80133229491404,-5.18800178465196
"c17816e8-28b1-4295-a637-efb0e5c18873","Lush Portico",-0.260191673709861,0.219874043596028,-1.18336693797249,0.236663754489773,0.770903809648476,0.501002193753141,1.18620774747218,2187.40772862916,TRUE,FALSE,NA,NA,-0.217195027483284,0.236563452219161,-0.918125878895554,0.358552967788896,0.804773001145918,0.506181795876113,1.27949995169704,2185.43355675647,TRUE,FALSE,-0.0493738028099926,-0.0532071865848026,102,0.70877212682291,FALSE,FALSE,0.835216377686069,FALSE,FALSE,2185.43355675647,1.97417187268957,0.0338691914974427,0.0429900234177683,"medium",-4.93738028099926,-5.32071865848026
"0da69523-cece-425a-b08a-fb27fac29374","Figure of Destiny",-0.00659821054973114,0.230961972140983,-0.0285683850400423,0.977208826870931,0.993423509843333,0.631736011167922,1.56218776904127,2188.82626554223,TRUE,FALSE,NA,NA,-0.218399784304533,0.246514539085249,-0.885950926525297,0.37564397178023,0.803804029188219,0.495807128896393,1.30312954308938,2185.49771330174,TRUE,FALSE,-0.0494949677407715,-0.053493289824923,86,0.996787488854049,FALSE,FALSE,0.843390773167115,FALSE,FALSE,2185.49771330174,3.32855224048899,0.189619480655115,0.211013326400832,"low",-4.94949677407715,-5.3493289824923
"3c02b8ee-84cb-44cb-ba14-9e725a9d03ee","Ponder",-0.324969081791103,0.194716126644601,-1.66893768580473,0.0951297299766216,0.722549693239075,0.493312372478239,1.05831130197917,2186.02998275445,TRUE,FALSE,NA,NA,-0.218959642901664,0.201118077367724,-1.08871189386581,0.276280955154596,0.803354138541393,0.541641424691166,1.19152236607377,2185.09308737613,TRUE,FALSE,-0.0496713985261048,-0.0537828602929185,123,0.58685664408113,FALSE,FALSE,0.835216377686069,FALSE,FALSE,2185.09308737613,0.93689537832006,0.0808044453023186,0.105910272481633,"medium",-4.96713985261048,-5.37828602929185
"6151b583-3aa7-4be8-9d05-d5e53f19c6c9","Fastbond",-0.214290303285077,0.192406270733911,-1.11373866593689,0.265391316295232,0.807114043151061,0.553548119457184,1.17683188823847,2187.57747230208,TRUE,FALSE,NA,NA,-0.219577609677007,0.206897094924632,-1.06128899372412,0.288558586068717,0.802857845736966,0.535210090990792,1.20435083588977,2185.14630038736,TRUE,FALSE,-0.0498854137045602,-0.0538882323329911,131,0.724975741393735,FALSE,FALSE,0.835216377686069,FALSE,FALSE,2185.14630038736,2.43117191471629,0.004256197414095,0.00528729407447562,"medium",-4.98854137045602,-5.38882323329911
"71384418-173a-4f77-adab-56e52fa23692","Delighted Halfling",-0.139996630246512,0.218943687023478,-0.639418437451909,0.52255075781251,0.869361164926688,0.566019778630566,1.33526930262269,2188.41754186243,TRUE,FALSE,NA,NA,-0.219818954532714,0.239091981155336,-0.919390744392636,0.357891228742529,0.802664103506319,0.502359521369222,1.28248721414017,2185.43329435003,TRUE,FALSE,-0.0498526220930156,-0.0538718496836004,94,0.883571182297071,FALSE,FALSE,0.835216377686069,FALSE,FALSE,2185.43329435003,2.984247512401,0.0666970614203685,0.0797799682571494,"low",-4.98526220930156,-5.38718496836004
"ff84ea71-e477-44f7-a3f8-77fef708efeb","Thieving Skydiver",-0.184990508547125,0.207200898847899,-0.892807461626515,0.371960289802614,0.831112172276707,0.553715495436131,1.24747717663643,2188.03053496569,TRUE,FALSE,NA,NA,-0.219835575267017,0.222675928524582,-0.98724445306511,0.3235228142589,0.802650762750388,0.518777397084373,1.24185874435659,2185.30739364698,TRUE,FALSE,-0.0498114621309664,-0.0539015494865193,110,0.818686467002738,FALSE,FALSE,0.835216377686069,FALSE,FALSE,2185.30739364698,2.7231413187119,0.0284614095263187,0.0348415414698421,"medium",-4.98114621309664,-5.39015494865193
"1132218d-56cd-441e-9006-df3c50344491","Joraga Treespeaker",-0.136561475453994,0.211965412151966,-0.644263014741706,0.519404894648967,0.872352690333496,0.575789185156613,1.32166292099616,2188.41024174653,TRUE,FALSE,NA,NA,-0.222388606823785,0.224709718104772,-0.989670623502344,0.322335138145787,0.800604183626194,0.515396045069945,1.24363984739692,2185.29690094612,TRUE,FALSE,-0.0504931653689322,-0.0544933473512541,107,0.883571182297071,FALSE,FALSE,0.835216377686069,FALSE,FALSE,2185.29690094612,3.11334080041297,0.0717485067073019,0.0857744844760783,"medium",-5.04931653689322,-5.44933473512541
"985bdb0c-ce6c-4506-8163-76f3b2fdf5fb","Lose Focus",-0.324614365614274,0.184761381142871,-1.75693840133864,0.0789283092339231,0.722806038766094,0.503210517463728,1.03823062425238,2185.73020556971,TRUE,FALSE,NA,NA,-0.224495409821291,0.19690507464762,-1.14011998026483,0.254236318896383,0.798919243873609,0.54311762812308,1.1752002240055,2184.97959651762,TRUE,FALSE,-0.0509077362242295,-0.055084322222307,138,0.573650450907332,FALSE,FALSE,0.835216377686069,FALSE,FALSE,2184.97959651762,0.750609052084656,0.0761132051075152,0.100035408461484,"medium",-5.09077362242295,-5.5084322222307
"247939d9-87e9-4f01-b223-fb4cfa7dbbe1","Mana Leak",-0.261512347755021,0.196493143082352,-1.33089808454751,0.183222547603959,0.769886368997371,0.523803372608253,1.13157923786651,2187.05416593169,TRUE,FALSE,NA,NA,-0.225725797608419,0.202071115549153,-1.11706117420583,0.263968169789757,0.797936867868696,0.536984964419128,1.18570032178246,2185.03261574564,TRUE,FALSE,-0.0511570066399629,-0.0554258325175831,122,0.697412217356879,FALSE,FALSE,0.835216377686069,FALSE,FALSE,2185.03261574564,2.02155018604844,0.0280504988713244,0.0357827313841766,"medium",-5.11570066399629,-5.54258325175831
"5eccf31d-869d-4003-a92b-71b4f4b479ee","Strix Serenade",-0.292301904761712,0.238610654690438,-1.2250161466634,0.220569136887091,0.746543117025689,0.467676347276432,1.19169299201058,2187.33155717266,TRUE,FALSE,NA,NA,-0.226587097238655,0.253651556056974,-0.893300639511002,0.371696195616235,0.797249901024061,0.484933191454997,1.31071128122988,2185.48545950867,TRUE,FALSE,-0.0513330957846004,-0.0554601288177234,81,0.702121447143028,FALSE,FALSE,0.843390773167115,FALSE,FALSE,2185.48545950867,1.84609766398626,0.0507067839983721,0.0656911689656807,"low",-5.13330957846004,-5.54601288177234
"41e108a5-4e2f-42cf-9ea1-87bf3c0a2b7f","Nissa, Who Shakes the World",0.0134629035671435,0.242906273646316,0.0554242727659894,0.955800458684161,1.01355393651725,0.629623414692307,1.63159685338519,2188.82401036707,TRUE,FALSE,NA,NA,-0.227490550007326,0.292081732593697,-0.778859218572833,0.436062649280774,0.796529948664105,0.449342109027997,1.41197529982508,2185.67075270464,TRUE,FALSE,-0.0515828266250514,-0.0556802364909535,77,0.989679026151889,FALSE,FALSE,0.87153496203809,FALSE,FALSE,2185.67075270464,3.15325766243495,0.217023987853141,0.239794398071664,"low",-5.15828266250514,-5.56802364909535
"1f9fb33a-3b39-4aff-93b8-aedafe0ea694","Fanatic of Rhonas",-0.114855554131192,0.239772370774189,-0.479019137027093,0.63192501451852,0.891494907363364,0.557212055836597,1.4263208441561,2188.59651356807,TRUE,FALSE,NA,NA,-0.228041192099627,0.275382747271592,-0.828088158604667,0.407620575105107,0.796091466481046,0.464036819862635,1.36575718968066,2185.58951801487,TRUE,FALSE,-0.0517815645578764,-0.0558155408437169,86,0.92423184760138,FALSE,FALSE,0.853694817748572,FALSE,FALSE,2185.58951801487,3.00699555319989,0.0954034408823189,0.11306495757605,"low",-5.17815645578764,-5.58155408437169
"f231caf8-56c0-4719-a90d-5e5efbee3148","Den of the Bugbear",0.0742412386917535,0.229370309297002,0.323674144745655,0.746184747472342,1.07706660429675,0.687066243204117,1.68844340930121,2188.7224580872,TRUE,FALSE,NA,NA,-0.23367751978577,0.2491061171881,-0.938064156848143,0.348211440458268,0.791617055576169,0.485815911638642,1.28990744779311,2185.39987350656,TRUE,FALSE,-0.0529886411284686,-0.0571708963053618,87,0.949312199698855,FALSE,FALSE,0.835216377686069,FALSE,FALSE,2185.39987350656,3.32258458063825,0.285449548720581,0.305508690261672,"low",-5.29886411284686,-5.71708963053618
"0f7585c8-9e21-4eef-afc1-2852de23db2f","Polluted Delta",-0.30249546706902,0.196508764781286,-1.53934847336554,0.123719246034625,0.73897183795969,0.5027548285795,1.08617430655103,2186.44683386614,TRUE,FALSE,NA,NA,-0.235694572566446,0.201362850501968,-1.17049680206103,0.241801100338035,0.79002193145857,0.532397036090001,1.17231053119541,2184.90722691617,TRUE,FALSE,-0.0534416117411991,-0.0578113623012961,124,0.657696448118396,FALSE,FALSE,0.835216377686069,FALSE,FALSE,2184.90722691617,1.53960694996931,0.0510500934988805,0.0667760647818776,"medium",-5.34416117411991,-5.78113623012961
"4c6cf93a-d073-48ac-88db-c46bf3e10beb","Generous Plunderer",-0.0580929142258432,0.251566136223909,-0.230925016768302,0.817373055363062,0.943562273005629,0.576279472164735,1.54492708146482,2188.77377863706,TRUE,FALSE,NA,NA,-0.237705893867988,0.260920294771407,-0.911028764842699,0.362280217784925,0.788434540430974,0.472787301363135,1.31481751466744,2185.45372073732,TRUE,FALSE,-0.0538376598035508,-0.0581779905396324,72,0.951247021317424,FALSE,FALSE,0.835216377686069,FALSE,FALSE,2185.45372073732,3.32005789974301,0.155127732574655,0.179131660487126,"low",-5.38376598035508,-5.81779905396323
"d5806e68-1054-458e-866d-1f2470f682b2","The One Ring",-0.242816878810766,0.191516637172946,-1.2678631078484,0.204846840757697,0.784415143654277,0.538919274843074,1.14174264368876,2187.21229083458,TRUE,FALSE,NA,NA,-0.238343114990249,0.196006084916591,-1.21599854969642,0.223985474486108,0.787932293326518,0.536593184989236,1.15699810626413,2184.79680583721,TRUE,FALSE,-0.0540521305262743,-0.0584589171948166,132,0.702121447143028,FALSE,FALSE,0.835216377686069,FALSE,FALSE,2184.79680583721,2.41548499736746,0.00351714967224093,0.00447375635882935,"medium",-5.40521305262743,-5.84589171948165
"99ff731b-8399-40c8-b539-ba6ba5783771","Wasteland",-0.07735254641022,0.232810515785454,-0.332255380085597,0.739696429346285,0.925563491994535,0.586453934309735,1.46075885520561,2188.71678182447,TRUE,FALSE,NA,NA,-0.244497886465918,0.242141903695186,-1.00972976066835,0.312624779968825,0.783097643467175,0.487192470322732,1.25872618433042,2185.26425435821,TRUE,FALSE,-0.0553396678591333,-0.0597591132607024,88,0.949312199698855,FALSE,FALSE,0.835216377686069,FALSE,FALSE,2185.26425435821,3.45252746625556,0.14246584852736,0.166757287996561,"low",-5.53396678591333,-5.97591132607024
"aaae15dd-11b6-4421-99e9-365c7fe4a5d6","Embercleave",0.0799153292895022,0.237028417908056,0.337155055055473,0.736000016538226,1.08319534887227,0.680681777032232,1.72373082901403,2188.7135393594,TRUE,FALSE,NA,NA,-0.245389957205665,0.262632051011918,-0.934348859022273,0.350123968802251,0.782399376471157,0.467596854089058,1.30913794425543,2185.40744642195,TRUE,FALSE,-0.0556116593126077,-0.0599764558159799,81,0.949312199698855,FALSE,FALSE,0.835216377686069,FALSE,FALSE,2185.40744642195,3.30609293744737,0.300795972401111,0.322466576813182,"low",-5.56116593126077,-5.99764558159799
"c78da035-6b5b-4136-9ab6-f622b64fdc54","Unstoppable Slasher",-0.286754846496672,0.205427400832882,-1.39589385512379,0.16274646136747,0.750695741971492,0.501880842939042,1.12286433113084,2186.86375148289,TRUE,FALSE,NA,NA,-0.247506524277922,0.207084603764744,-1.19519519934519,0.232010773755304,0.780745126996114,0.520277816456942,1.17161050124963,2184.84445468556,TRUE,FALSE,-0.0561430947561984,-0.0606386364248386,115,0.679147373525965,FALSE,FALSE,0.835216377686069,FALSE,FALSE,2184.84445468556,2.01929679732439,0.0300493850246222,0.0392432847177174,"medium",-5.61430947561984,-6.06386364248386
"9417f14c-a853-42c6-a992-29139484260a","Ignoble Hierarch",-0.203246661895594,0.20540139679848,-0.989509638510392,0.322413856431587,0.816076921517244,0.545619518006391,1.22059699085996,2187.8478943171,TRUE,FALSE,NA,NA,-0.250230246449931,0.210362793766914,-1.18951760417857,0.234236047804649,0.778621487597765,0.515539516286554,1.17595528916154,2184.86645295242,TRUE,FALSE,-0.0566417861071375,-0.0611814135205954,112,0.75115568679274,FALSE,FALSE,0.835216377686069,FALSE,FALSE,2184.86645295242,2.98144136467181,0.037455433919479,0.0469749436073812,"medium",-5.66417861071375,-6.11814135205954
"553fb946-2706-475b-89f9-e4355ec9ea2b","March of Otherworldly Light",-0.182700507427116,0.249012892974197,-0.73369898740965,0.463132215795211,0.833017600966301,0.511316872789621,1.35711993960575,2188.28173971418,TRUE,FALSE,NA,NA,-0.250507210608579,0.258004452388567,-0.97094142480651,0.331577448201172,0.778405867213484,0.469448847495754,1.29069588165909,2185.32449076907,TRUE,FALSE,-0.0569081220328414,-0.0612088431631531,82,0.849956762559716,FALSE,FALSE,0.835216377686069,FALSE,FALSE,2185.32449076907,2.95724894510613,0.0546117337528165,0.0677807352706663,"low",-5.69081220328414,-6.12088431631531
"a2c56479-4bee-4edb-80d7-4af010b7c793","Raffine's Tower",-0.372166599121224,0.210695000144231,-1.76637603581698,0.0773327827918023,0.68923940627928,0.456060957623122,1.04163917394741,2185.66667159258,TRUE,FALSE,NA,NA,-0.251179583663118,0.217702681837878,-1.15377349301636,0.248593044169024,0.777882663996459,0.507693763940633,1.19186305194992,2184.94152912609,TRUE,FALSE,-0.0569991190352863,-0.0615383906587305,109,0.573650450907332,FALSE,FALSE,0.835216377686069,FALSE,FALSE,2184.94152912609,0.72514246648916,0.0886432577171787,0.120839648606089,"medium",-5.69991190352863,-6.15383906587305
"671c008a-8ff8-42d7-9e03-6d8a9ddace67","Faithless Looting",-0.355545059717394,0.267028593094446,-1.33148684789587,0.183028869739797,0.700791365946694,0.415230661554475,1.18273669084768,2187.03844176037,TRUE,FALSE,NA,NA,-0.25179604391577,0.273764080402314,-0.91975559228128,0.357700494365524,0.777403278029256,0.454583510165676,1.32947157821535,2185.43031418187,TRUE,FALSE,-0.0570760006793334,-0.0617326549763128,64,0.697412217356879,FALSE,FALSE,0.835216377686069,FALSE,FALSE,2185.43031418187,1.60812757850181,0.0766119120825618,0.103656054220973,"low",-5.70760006793334,-6.17326549763128
"d40b65c1-b24d-492d-81b9-d8474ebdc08c","Sylvan Caryatid",-0.223948938102589,0.201284759659815,-1.11259758801947,0.265881296825961,0.799355949958807,0.538769702732417,1.18597970801616,2187.58510246458,TRUE,FALSE,NA,NA,-0.253148204898065,0.207877729782402,-1.21777453103346,0.223309665345666,0.776352814007479,0.51654722841456,1.16683172159741,2184.79352545565,TRUE,FALSE,-0.0573616867622413,-0.0618794514947653,119,0.724975741393735,FALSE,FALSE,0.835216377686069,FALSE,FALSE,2184.79352545565,2.7915770089362,0.0230031359513285,0.0291971923712937,"medium",-5.73616867622413,-6.18794514947653
"33ca68a6-474e-4d86-bffa-ee4bddb4a3cf","Fellwar Stone",-0.409904464305229,0.298028500872726,-1.37538679389687,0.169011560991621,0.663713655452738,0.370078428822491,1.19033097345355,2186.89728296873,TRUE,FALSE,NA,NA,-0.256818184933571,0.307092707948643,-0.83628877627573,0.402992465739604,0.773508836541891,0.423704122128167,1.41210785772673,2185.57376386433,TRUE,FALSE,-0.0582375033650231,-0.0629278252159211,51,0.679147373525965,FALSE,FALSE,0.85270869562293,FALSE,FALSE,2185.57376386433,1.32351910439684,0.109795181089153,0.152788008399139,"low",-5.82375033650231,-6.29278252159211
"8e42df9e-95f2-4c79-9274-2d16e3cd91f1","Thalia, Guardian of Thraben",-0.152189768265834,0.216260882234939,-0.703732300973876,0.481599500681456,0.858825287490678,0.562108100778144,1.31216908885033,2188.33017899249,TRUE,FALSE,NA,NA,-0.260927747251234,0.224721486059031,-1.16111615238559,0.245594666874473,0.770336576539502,0.495899566365451,1.19665045384872,2184.92492621077,TRUE,FALSE,-0.0591479351126251,-0.0636915490019538,105,0.855446385071615,FALSE,FALSE,0.835216377686069,FALSE,FALSE,2184.92492621077,3.40525278171572,0.0884887109511754,0.108630962834195,"medium",-5.91479351126251,-6.36915490019538
"33672990-4860-4aa6-ac1b-f9da66f5da59","Wurmcoil Engine",-0.343426146641217,0.235689184454304,-1.45711457840697,0.14508475483664,0.709335866046211,0.446919429342226,1.12583463108792,2186.69125252326,TRUE,FALSE,NA,NA,-0.264911799077553,0.239044238423583,-1.10821244144832,0.267770078938581,0.76727362123264,0.480254788570543,1.22582600704871,2185.04816593197,TRUE,FALSE,-0.0600103487906506,-0.064858419483944,82,0.676033219345193,FALSE,FALSE,0.835216377686069,FALSE,FALSE,2185.04816593197,1.6430865912871,0.0579377551864287,0.0784740389189812,"low",-6.00103487906506,-6.4858419483944
"02138fbb-3962-4348-8d31-faaefba0b8b2","Raugrin Triome",-0.253923203748697,0.226568337203922,-1.1207356106434,0.262400419346178,0.775751374556483,0.49758088898846,1.20943189025941,2187.56582889708,TRUE,FALSE,NA,NA,-0.268243594601221,0.239947175153064,-1.11792770400446,0.263597871732081,0.764721476389288,0.477810982927428,1.22391271307347,2185.0276562634,TRUE,FALSE,-0.0607560485366884,-0.0654329293749742,89,0.724975741393735,FALSE,FALSE,0.835216377686069,FALSE,FALSE,2185.0276562634,2.5381726336841,0.0110298981671952,0.0143201461297074,"low",-6.07560485366884,-6.54329293749742
"064dfdeb-485f-473e-9fa0-8fdb7638cdc6","Dismember",-0.343493612029809,0.202757837290711,-1.69410769329381,0.0902448206926421,0.709288012040629,0.476685195668676,1.05539145875683,2185.96901724867,TRUE,FALSE,NA,NA,-0.269126730438615,0.206273386348204,-1.30470893605397,0.191991977483375,0.764046421574288,0.509960214199115,1.14473034967497,2184.58436129289,TRUE,FALSE,-0.0608088527071097,-0.0659026567579759,121,0.575685425344613,FALSE,FALSE,0.822695631298668,FALSE,FALSE,2184.58436129289,1.38465595578282,0.0547584095336588,0.0743326271134595,"medium",-6.08088527071097,-6.59026567579759
"86ecaedc-08f1-4de7-aae8-056df57940e0","Goblin Cratermaker",-0.0768416394291881,0.288520235453978,-0.266330156386709,0.789984950091915,0.9260364896626,0.526059317905621,1.63012715676387,2188.75594779994,TRUE,FALSE,NA,NA,-0.277045607175572,0.298112125911913,-0.929333573158423,0.352716241304251,0.758019925174336,0.42259315386668,1.35968650155317,2185.41077265022,TRUE,FALSE,-0.0627536187720518,-0.0675899868469957,54,0.949312199698855,FALSE,FALSE,0.835216377686069,FALSE,FALSE,2185.41077265022,3.3451751497214,0.168016564488264,0.199537928786706,"low",-6.27536187720518,-6.75899868469957
"74b4c336-5d4c-4bc5-b82a-35084a6ad808","Spellseeker",-0.362647825389803,0.276120310488406,-1.31336888890334,0.189058675580429,0.695831444520969,0.405009954183376,1.19548024482607,2187.09031642207,TRUE,FALSE,NA,NA,-0.282644676260717,0.282391954998694,-1.00089493081354,0.316877607542831,0.753787578901803,0.433383219866384,1.3110699447058,2185.2739518083,TRUE,FALSE,-0.0639850678915841,-0.0691099604082512,58,0.697412217356879,FALSE,FALSE,0.835216377686069,FALSE,FALSE,2185.2739518083,1.81636461377593,0.0579561343808339,0.0799605047179784,"low",-6.39850678915841,-6.91099604082512
"9814d8e8-c462-41ca-9909-1c659f488543","Lotus Petal",-0.238882038493331,0.20702142445691,-1.15390008121141,0.248541135892853,0.787507772497208,0.524849339251769,1.18161240829155,2187.48907373669,TRUE,FALSE,NA,NA,-0.282661005444916,0.213849234156016,-1.32177702931916,0.186242409569954,0.753775270266075,0.495689525753984,1.14623595727679,2184.5261138586,TRUE,FALSE,-0.0640043237195456,-0.0692376359732975,109,0.721889747838515,FALSE,FALSE,0.822695631298668,FALSE,FALSE,2184.5261138586,2.96295987809162,0.0337325022311327,0.0437719760682704,"medium",-6.40043237195456,-6.92376359732975
"01794178-cf41-454c-ac37-1d8b18e42db2","Green Sun's Zenith",-0.157162225379023,0.187826147864894,-0.836743058224632,0.40273701049077,0.854565415373838,0.591377051978186,1.23488398257969,2188.12539698211,TRUE,FALSE,NA,NA,-0.284886745269462,0.205633057728276,-1.38541316467663,0.16592616784071,0.752099428314204,0.502616644103653,1.12541746618701,2184.35174618351,TRUE,FALSE,-0.0644775559059263,-0.0694624447917295,132,0.820459584162591,FALSE,FALSE,0.822695631298668,FALSE,FALSE,2184.35174618351,3.7736507986001,0.102465987059634,0.127551165959948,"medium",-6.44775559059263,-6.94624447917295
"245cdc59-d560-4c10-b721-f51cc312e370","Mishra's Factory",-0.380024643196435,0.264308608435013,-1.43780653020189,0.150488956000374,0.683844556888963,0.407355294157222,1.14799877329241,2186.7216950182,TRUE,FALSE,NA,NA,-0.285883636246156,0.267550873920891,-1.06852065947909,0.28528571631999,0.751350040771442,0.444732033932826,1.26936411298071,2185.12454642975,TRUE,FALSE,-0.0647900280764262,-0.0697740698281359,67,0.679147373525965,FALSE,FALSE,0.835216377686069,FALSE,FALSE,2185.12454642975,1.59714858845018,0.0675054838824791,0.0940715412286582,"low",-6.47900280764262,-6.97740698281359
"3ee3945e-5089-4751-b7b3-5961c39d2a33","Nethergoyf",-0.307929043387183,0.227940867502043,-1.35091634405762,0.176722232029852,0.734967466960877,0.470154862583427,1.1489345755624,2187.00171978484,TRUE,FALSE,NA,NA,-0.291593200864328,0.230401865717312,-1.2655852414932,0.205661612648436,0.747072382566414,0.475598695190932,1.17350436499705,2184.67987306305,TRUE,FALSE,-0.065920783135545,-0.0711725929043149,90,0.697412217356879,FALSE,FALSE,0.835216377686069,FALSE,FALSE,2184.67987306305,2.32184672179164,0.0121049156055372,0.0163354792509771,"low",-6.5920783135545,-7.11725929043149
"b90331d4-74f0-43bf-8ed2-f8616d782859","Basalt Monolith",-0.445595327626389,0.286398360558152,-1.55585851384758,0.119741740332334,0.640442889173467,0.365336616168357,1.12271006009384,2186.35911683137,TRUE,FALSE,NA,NA,-0.295953716447962,0.295097231323124,-1.00290238278752,0.31590796284744,0.74382185394098,0.417135449975308,1.32635802215551,2185.26345284013,TRUE,FALSE,-0.0670215741722636,-0.0723417208620257,55,0.655586028319529,FALSE,FALSE,0.835216377686069,FALSE,FALSE,2185.26345284013,1.09566399124378,0.103378964767513,0.149362996177916,"low",-6.70215741722636,-7.23417208620257
"175b3d28-5c74-4972-9b5c-5e39762c78f4","Relic of Sauron",-0.428435837906615,0.217080999009496,-1.97362201142198,0.0484247389710985,0.65152739257452,0.425745045777928,0.997047288006187,2184.87245440075,TRUE,FALSE,NA,NA,-0.302112548630001,0.225528104064716,-1.33957827510184,0.180382490700728,0.739254858085715,0.475139120485751,1.15018469673604,2184.46898916682,TRUE,FALSE,-0.0684415469478508,-0.0739911977432141,101,0.436181900978491,TRUE,FALSE,0.822695631298668,FALSE,FALSE,2184.46898916682,0.403465233936913,0.0877274655111948,0.126155572476638,"medium",-6.84415469478508,-7.39911977432141
"74d29b3d-f588-431d-bf4e-f7215683ab39","Tangle Wire",-0.278428615444088,0.227604495041895,-1.22330016106597,0.221216346360132,0.756972301952892,0.484550595064289,1.18255363167563,2187.32043294077,TRUE,FALSE,NA,NA,-0.306537197130605,0.233403759098419,-1.3133344480598,0.18907027558529,0.735991140911593,0.465795508111215,1.16292010134845,2184.54323132991,TRUE,FALSE,-0.0693818802716409,-0.0746554616297153,92,0.702121447143028,FALSE,FALSE,0.822695631298668,FALSE,FALSE,2184.54323132991,2.77720161085199,0.020981161041299,0.0281067311347468,"low",-6.93818802716409,-7.46554616297153
"fd99bce1-ce39-464b-8e61-2631eb3ed6f6","Tolarian Academy",-0.456536695553823,0.228306965662091,-1.99966170208546,0.0455368063192438,0.633473763296438,0.404939199332061,0.990985830581159,2184.74412832942,TRUE,FALSE,NA,NA,-0.309874866111397,0.23659150672507,-1.30974636579615,0.190281652653661,0.733538741036581,0.461351884925416,1.16630949646715,2184.54379795454,TRUE,FALSE,-0.0702060632344308,-0.0757899253843756,90,0.436181900978491,TRUE,FALSE,0.822695631298668,FALSE,FALSE,2184.54379795454,0.20033037487201,0.100064977740143,0.146399506109808,"low",-7.02060632344308,-7.57899253843756
"3b5233ff-03bc-4053-9b49-c4185c2de38d","Restoration Angel",-0.279897421934726,0.233011889066234,-1.20121519574121,0.229667736363823,0.755861272266102,0.478738516831954,1.19339940870535,2187.37248255348,TRUE,FALSE,NA,NA,-0.313925068639228,0.239877676632073,-1.30868813241313,0.190640013329968,0.730573768995152,0.45653709857314,1.16910111710949,2184.55680577336,TRUE,FALSE,-0.0710317318328394,-0.0762670271119877,86,0.70877212682291,FALSE,FALSE,0.822695631298668,FALSE,FALSE,2184.55680577336,2.81567678011561,0.0252875032709504,0.0340243637548988,"low",-7.10317318328394,-7.62670271119877
"febaaeae-5c0d-45fa-8169-b27b4996f18e","Chrome Host Seedshark",-0.271204308853737,0.244912436343633,-1.1073521332874,0.268141712570286,0.76246070301837,0.471784632743544,1.23222818909254,2187.59398521874,TRUE,FALSE,NA,NA,-0.314555817633139,0.26216085639607,-1.19985806408075,0.230194469090379,0.730113105622132,0.436751412363794,1.22052300670565,2184.83327199161,TRUE,FALSE,-0.071134099121217,-0.0765696685959502,74,0.724975741393735,FALSE,FALSE,0.835216377686069,FALSE,FALSE,2184.83327199161,2.76071322712778,0.0323475973962379,0.0433447206549892,"low",-7.1134099121217,-7.65696685959502
"229a0d4a-3777-451d-a2fb-f1a2fdf8019f","Spara's Headquarters",-0.338100907158163,0.231617964912844,-1.45973524672574,0.144362850953064,0.713123325019411,0.452905348795363,1.12285023358493,2186.68639527551,TRUE,FALSE,NA,NA,-0.315495606006815,0.234521207030495,-1.34527538042984,0.178536321025728,0.729427276131768,0.460631377052698,1.15507578873452,2184.4645466678,TRUE,FALSE,-0.071316853417067,-0.0768136614353058,85,0.676033219345193,FALSE,FALSE,0.822695631298668,FALSE,FALSE,2184.4645466678,2.22184860770858,0.0163039511123578,0.0226043385921395,"low",-7.1316853417067,-7.68136614353058
"e2312c49-1627-47ad-8113-78a999a97d8d","Contaminated Landscape",-0.402092913272962,0.307837291641313,-1.30618649588912,0.191489143990174,0.668918591387241,0.365878486468812,1.22295269727927,2187.07228263244,TRUE,FALSE,NA,NA,-0.322262159835838,0.315368705498985,-1.02185839690703,0.306847925499658,0.724508228472566,0.390477541853901,1.34428262028154,2185.21391165625,TRUE,FALSE,-0.0729535665752543,-0.0783713017305444,51,0.697412217356879,FALSE,FALSE,0.835216377686069,FALSE,FALSE,2185.21391165625,1.8583709761906,0.0555896370853257,0.0797883839940997,"low",-7.29535665752543,-7.83713017305444
"4a0bb5dc-75a6-4bd6-81f8-611197fb0fba","Nettlecyst",-0.476925289676488,0.284214580623227,-1.6780465260814,0.0933380165945191,0.620688899429728,0.355586810202961,1.08343363370366,2185.9599144186,TRUE,FALSE,NA,NA,-0.324081929109406,0.289960499731179,-1.11767612971374,0.26370534116066,0.723190989558905,0.409669513655753,1.27665152017797,2185.01704548114,TRUE,FALSE,-0.073300565161855,-0.0789927566809782,57,0.584029303834277,FALSE,FALSE,0.835216377686069,FALSE,FALSE,2185.01704548114,0.942868937459025,0.102502090129177,0.152546505039698,"low",-7.3300565161855,-7.89927566809782
"e419cd0b-2449-4cc5-9ead-b9e45e271700","Phlage, Titan of Fire's Fury",-0.0707850990473618,0.264293344697016,-0.267827777231808,0.788831888430509,0.931662085685679,0.554992846419218,1.56397374759772,2188.75528042301,TRUE,FALSE,NA,NA,-0.324553037415692,0.279240172936298,-1.16227201123289,0.245124991842454,0.722850368517693,0.418171444445893,1.24951778081962,2184.927851328,TRUE,FALSE,-0.0733213068988954,-0.0787719204404526,64,0.949312199698855,FALSE,FALSE,0.835216377686069,FALSE,FALSE,2184.927851328,3.82742909501167,0.208811717167986,0.25241480248455,"low",-7.33213068988954,-7.87719204404526
"187b6719-e5ed-4615-a00b-3313ceca055b","Currency Converter",-0.441747690918014,0.275854307382836,-1.60138043559693,0.109292683303721,0.6429118274864,0.37440314534399,1.1039854313781,2186.21512825622,TRUE,FALSE,NA,NA,-0.327634305312322,0.285618550613287,-1.14710443214847,0.251338462317066,0.720626500808691,0.411705634437916,1.26134429609339,2184.94951011066,TRUE,FALSE,-0.0741112859499743,-0.0799421685808592,62,0.621690847883504,FALSE,FALSE,0.835216377686069,FALSE,FALSE,2184.94951011066,1.26561814555907,0.0777146733222902,0.113989715887871,"low",-7.41112859499743,-7.99421685808592
"ab1d1461-1625-4163-aacd-a939f4871fad","Staff of the Storyteller",-0.344954597774502,0.230559134563038,-1.49616539127053,0.134610560867482,0.708252508977951,0.450746355872561,1.11286893379874,2186.55460317539,TRUE,FALSE,NA,NA,-0.327857930034062,0.238356746460596,-1.37549255434338,0.168978792478216,0.720465368925177,0.451564457592911,1.14949336488399,2184.366230343,TRUE,FALSE,-0.0742201057977618,-0.0795480672790743,89,0.674611845390516,FALSE,FALSE,0.822695631298668,FALSE,FALSE,2184.366230343,2.18837283238554,0.012212859947226,0.0170962513119109,"low",-7.42201057977618,-7.95480672790743
"054f2276-2dd5-43da-bb26-c57c560861fe","Steam Vents",-0.396284834413348,0.199379407179236,-1.98759159744667,0.0468568763629829,0.672815027768111,0.455177205832307,0.994513907529404,2184.86571379908,TRUE,FALSE,NA,NA,-0.339157175415743,0.20994112592963,-1.61548707483557,0.106205257135865,0.712370473164208,0.472063493537135,1.07500727758834,2183.66077169937,TRUE,FALSE,-0.0765175668888163,-0.0828148176575499,122,0.436181900978491,TRUE,FALSE,0.756852318869867,FALSE,FALSE,2183.66077169937,1.2049420997123,0.0395554453960975,0.0571121273930085,"medium",-7.65175668888164,-8.28148176575499
"2616aa0e-8413-4e63-877c-bffd5263f552","Porcelain Legionnaire",-0.287833868559681,0.229613015341976,-1.2535607710695,0.210001697405304,0.74988616155941,0.478128679554851,1.17610442406811,2187.24296077143,TRUE,FALSE,NA,NA,-0.342871728022994,0.236508176031691,-1.44972463014154,0.147135324501648,0.709729244094901,0.446450050883607,1.12826865833384,2184.16307177938,TRUE,FALSE,-0.0774937079242074,-0.0832622330299522,92,0.702121447143028,FALSE,FALSE,0.795620643601502,FALSE,FALSE,2184.16307177938,3.07988899205338,0.0401569174645087,0.0550239704362496,"low",-7.74937079242074,-8.32622330299522
"90107d10-e2aa-4cb7-a000-039f0c581b47","Simic Signet",-0.498946974565379,0.286083031633463,-1.74406350392931,0.0811480170886615,0.607169688321828,0.346570257843506,1.06372379646984,2185.7073005477,TRUE,FALSE,NA,NA,-0.346980655646465,0.29219705635319,-1.18748853933373,0.235034974535634,0.706819001082145,0.398643842473709,1.25323169973135,2184.8472247157,TRUE,FALSE,-0.0784491306031845,-0.0844134900831366,58,0.573650450907332,FALSE,FALSE,0.835216377686069,FALSE,FALSE,2184.8472247157,0.860075831999438,0.0996493127603169,0.151674536567766,"low",-7.84491306031845,-8.44134900831366
"e58e681e-a069-4414-aafe-634c7987fd0d","Swords to Plowshares",-0.26101522315453,0.185338371581213,-1.40831723580865,0.159037154188997,0.770269193598862,0.535647795708295,1.10765812043134,2186.83988839518,TRUE,FALSE,NA,NA,-0.358663053322591,0.191865637226696,-1.8693449150502,0.0615748430291746,0.698609705917592,0.479639882096823,1.01754574508828,2182.77251520002,TRUE,FALSE,-0.0808095986397917,-0.0868508303440095,142,0.679147373525965,FALSE,FALSE,0.709731085441539,FALSE,FALSE,2182.77251520002,4.06737319516014,0.0716594876812701,0.0975703139378745,"medium",-8.08095986397917,-8.68508303440095
"85a89077-b384-4fca-9d26-7297962c1541","Kappa Cannoneer",-0.508389852052121,0.230378184306614,-2.20676212716173,0.0273306822691344,0.601463244369495,0.38291927077202,0.944737081521445,2183.84622109001,TRUE,FALSE,NA,NA,-0.35945765974785,0.237563209771896,-1.51310322879117,0.130253439606457,0.69805480664898,0.438199255463778,1.11200671158152,2183.95732091601,TRUE,FALSE,-0.0812724374670421,-0.0876058370356645,90,0.392796096530991,TRUE,FALSE,0.78550397769639,FALSE,FALSE,2183.84622109001,-0.111099825997826,0.0965915622794857,0.148657515305438,"low",-8.12724374670421,-8.76058370356645
"0a26d900-c652-4f9c-8681-a35c5f8b1937","Sacred Foundry",-0.183550190516305,0.210367450316407,-0.87252181951263,0.382923770100452,0.832310100615871,0.551082698463111,1.2570528988102,2188.06742546873,TRUE,FALSE,NA,NA,-0.361074235656151,0.219258062117105,-1.64680026891464,0.0995991060843518,0.696927259694053,0.453472778128691,1.07108437094944,2183.57553969181,TRUE,FALSE,-0.0812302645041768,-0.087420369852083,109,0.818708108990727,FALSE,FALSE,0.756852318869867,FALSE,FALSE,2183.57553969181,4.49188577691984,0.135382840921818,0.177059290382992,"medium",-8.12302645041768,-8.7420369852083
"3462a3d0-5552-49fa-9eb7-100960c55891","Oko, Thief of Crowns",-0.347398574606133,0.221580009623449,-1.56782453072594,0.116922088342058,0.706523669737122,0.45762949118749,1.09078568036232,2186.34499605805,TRUE,FALSE,NA,NA,-0.363107257457568,0.231163259112464,-1.57078273966068,0.116233122629614,0.695511830667646,0.44211411773041,1.09414444642012,2183.78359032791,TRUE,FALSE,-0.0819829088252041,-0.0879224869538123,93,0.648251578402804,FALSE,FALSE,0.756852318869867,FALSE,FALSE,2183.78359032791,2.56140573014,0.0110118390694762,0.0157083598329673,"low",-8.19829088252041,-8.79224869538123
"1163fe84-c5d5-42c8-b7cd-d206a9b0bd3f","Tireless Provisioner",-0.348857543231306,0.23532243517559,-1.48246614467932,0.138216305415738,0.705493625453891,0.444818246012533,1.11893174351048,2186.62212979829,TRUE,FALSE,NA,NA,-0.364802119966616,0.247157832959849,-1.47598850337014,0.139946978562652,0.694334032126484,0.427743538304135,1.12707663587483,2184.10770853931,TRUE,FALSE,-0.0822381153194191,-0.0882878892683837,86,0.674611845390516,FALSE,FALSE,0.793762890872427,FALSE,FALSE,2184.10770853931,2.51442125898075,0.0111595933274072,0.015944238945381,"low",-8.22381153194191,-8.82878892683837
"4720b4f2-e6af-4223-9250-a0ed21ed5693","Pest Infestation",-0.380815474360008,0.20880390822159,-1.82379476324683,0.0681831058868207,0.683303965088931,0.453812512419644,1.02884846919889,2185.45592268291,TRUE,FALSE,NA,NA,-0.368397179271287,0.213238224672999,-1.72763199391771,0.0840542230129647,0.691842341674853,0.45550704329233,1.05079785874346,2183.26085225599,TRUE,FALSE,-0.083230895680095,-0.0893536472657951,111,0.542985461425954,FALSE,FALSE,0.732970009144163,FALSE,FALSE,2183.26085225599,2.19507042692067,0.0085383765859226,0.0124181355015474,"medium",-8.3230895680095,-8.93536472657951
"05e8a4ea-8c0d-4284-ac23-80e19fdde11d","Myr Battlesphere",-0.488861544400107,0.2768482563005,-1.76581045130182,0.0774276545190411,0.61332423929098,0.356477509972435,1.05523241152281,2185.62762362545,TRUE,FALSE,NA,NA,-0.375136113914885,0.284089152919714,-1.32048728386649,0.186672378850609,0.687195735522992,0.393784744144684,1.19922873077957,2184.50473417731,TRUE,FALSE,-0.0847210253712106,-0.0911297213553426,61,0.573650450907332,FALSE,FALSE,0.822695631298668,FALSE,FALSE,2184.50473417731,1.12288944814554,0.0738714962320115,0.113603016735792,"low",-8.47210253712106,-9.11297213553426
"ebeafbc2-0399-4335-8f63-76a3e085e8c6","Evolved Sleeper",-0.477016425225689,0.220468121679597,-2.16365260243351,0.0304910211919034,0.620632335183542,0.402872983667576,0.956094131626373,2184.07004082826,TRUE,FALSE,NA,NA,-0.388288989187446,0.226370780512138,-1.71527874891356,0.0862941328538987,0.678216317758261,0.435188625956912,1.05696092737294,2183.30612955049,TRUE,FALSE,-0.0876175921522984,-0.0939183577418935,97,0.392796096530991,TRUE,FALSE,0.732970009144163,FALSE,FALSE,2183.30612955049,0.763911277770148,0.057583982574719,0.0886692725042216,"low",-8.76175921522984,-9.39183577418935
"0c3bc412-689f-4385-807b-ed60d6276d76","Grim Monolith",-0.527032121583789,0.241788561193242,-2.17972313902217,0.0292779902933698,0.590354472535243,0.367534641744082,0.948260010508185,2183.9720364664,TRUE,FALSE,NA,NA,-0.390408696818909,0.248461692819174,-1.57130337634398,0.116112197332892,0.676780220045085,0.415865405832419,1.10139352737805,2183.77375396053,TRUE,FALSE,-0.088104142001975,-0.0946272216869264,78,0.392796096530991,TRUE,FALSE,0.756852318869867,FALSE,FALSE,2183.77375396053,0.198282505872612,0.0864257475098417,0.136411303416922,"low",-8.8104142001975,-9.46272216869265
"5bb3cb5c-8d66-4f5e-a9a9-917e6045f024","Flickerwisp",-0.355749049645714,0.240912232627553,-1.47667491088216,0.139762800594573,0.700648426145823,0.436949773359716,1.12348889275309,2186.61398781363,TRUE,FALSE,NA,NA,-0.392935250086267,0.250613145166254,-1.56789560988749,0.116905496514556,0.675072457054384,0.413070493307334,1.10325677979225,2183.79181110533,TRUE,FALSE,-0.0886794833064406,-0.0947223489689725,83,0.674611845390516,FALSE,FALSE,0.756852318869867,FALSE,FALSE,2183.79181110533,2.82217670829732,0.025575969091439,0.0371819159013478,"low",-8.86794833064406,-9.47223489689725
"3b6e5956-f795-451b-bb24-56462d1ced27","Umezawa's Jitte",-0.285152564391666,0.207176529258798,-1.37637485004618,0.168705610225811,0.751899532473605,0.500965239901248,1.12852721487317,2186.9163269027,TRUE,FALSE,NA,NA,-0.397876887025914,0.211931646204248,-1.87738308153593,0.0604656085972518,0.67174472306215,0.443408898335235,1.01766332307722,2182.72226882737,TRUE,FALSE,-0.0897063667634901,-0.0960160375414893,111,0.679147373525965,FALSE,FALSE,0.709731085441539,FALSE,FALSE,2182.72226882737,4.19405807533303,0.0801548094114553,0.112605110581212,"medium",-8.97063667634901,-9.60160375414893
"5a10b543-d5d4-42a8-9ee8-dada59a2ad7e","Saheeli, Sublime Artificer",-0.499632696521403,0.244425976116377,-2.04410637715328,0.0409430392970507,0.606753481452917,0.375796460842477,0.979652087275919,2184.52185424436,TRUE,FALSE,NA,NA,-0.406694432901798,0.251444696632588,-1.61743094345737,0.105785290849064,0.665847620344368,0.406762403860076,1.08995583001513,2183.60636985691,TRUE,FALSE,-0.0918091801558766,-0.0986581284376333,79,0.436181900978491,TRUE,FALSE,0.756852318869867,FALSE,FALSE,2183.60636985691,0.915484387453944,0.0590941388914509,0.0928714250018999,"low",-9.18091801558766,-9.86581284376333
"0845f0b0-9413-4ddd-861d-9607636bebc6","Natural Order",-0.0183979796503053,0.207887343636356,-0.0884997582271659,0.929479476493106,0.981770230024945,0.653209631314443,1.47559487545162,2188.81924998171,TRUE,FALSE,NA,NA,-0.412887308967705,0.279116435212386,-1.47926548522136,0.139069373638246,0.661736850435002,0.382909916669771,1.14359968274545,2184.06276900869,TRUE,FALSE,-0.0927473965681549,-0.0993135502262635,105,0.983362344695605,FALSE,FALSE,0.793762890872427,FALSE,FALSE,2184.06276900869,4.75648097301837,0.320033379589943,0.389451780761881,"low",-9.27473965681549,-9.93135502262635
"068bb15a-fc2d-42a2-859b-837b946d23c0","Underground Sea",-0.553207684593385,0.220369483605485,-2.51036430063866,0.012060666655118,0.57510210237911,0.373389983834069,0.885782807467728,2182.4791309995,TRUE,FALSE,NA,NA,-0.417242702088409,0.226587642519363,-1.84141861157655,0.065560237463307,0.658860993598559,0.422589305132508,1.02723330574957,2182.87129603653,TRUE,FALSE,-0.0938135063003342,-0.101137781536758,100,0.257880963623342,TRUE,FALSE,0.719167269310785,FALSE,FALSE,2182.4791309995,-0.392165037024824,0.0837588912194499,0.135755909544584,"medium",-9.38135063003342,-10.1137781536758
"7b54447f-1daf-4352-b5c3-3c0ec8b8f4d0","Unwanted Remake",-0.340843957483593,0.274423684125176,-1.24203549912303,0.214223464663621,0.711169872285092,0.415316508493341,1.21777626678209,2187.27613633906,TRUE,FALSE,NA,NA,-0.418573219123911,0.277110085661294,-1.51049435145975,0.130917329616065,0.657984950746754,0.382239085830019,1.13265286429064,2183.98576604763,TRUE,FALSE,-0.0941505571814983,-0.100621910514068,62,0.702121447143028,FALSE,FALSE,0.78550397769639,FALSE,FALSE,2183.98576604763,3.2903702914291,0.053184921538338,0.0776901496363511,"low",-9.41505571814983,-10.0621910514068
"9e7fb3c0-5159-4d1f-8490-ce4c9a60f567","Urza, Lord High Artificer",-0.545592332069414,0.219750670801298,-2.48277891521318,0.0130361967901963,0.579498426157162,0.376700948322418,0.891472207368063,2182.46001044964,TRUE,FALSE,NA,NA,-0.451018261943453,0.225895752395157,-1.99657699253455,0.0458711542480682,0.63697920959346,0.409108884688426,0.991771454104008,2182.19633022806,TRUE,FALSE,-0.101682630296794,-0.109021812330724,100,0.257880963623342,TRUE,FALSE,0.709731085441539,TRUE,FALSE,2182.19633022806,0.263680221582035,0.0574807834362977,0.0945036419035019,"medium",-10.1682630296794,-10.9021812330724
"522aa72b-2b8c-484c-872b-f082101cee35","Get Lost",-0.327452118118293,0.190992011967392,-1.71448069867026,0.0864404789038446,0.720757801689122,0.495694008203588,1.04800905417112,2185.86667277534,TRUE,FALSE,NA,NA,-0.455144310095364,0.199877764669193,-2.2771132689454,0.0227794625274655,0.63435641730747,0.428739946639951,0.938583090595718,2181.03454091314,TRUE,FALSE,-0.102200563800269,-0.108957676327169,139,0.573650450907332,FALSE,FALSE,0.709731085441539,TRUE,FALSE,2181.03454091314,4.83213186219837,0.0864013843816526,0.127518969501522,"medium",-10.2200563800269,-10.8957676327169
"aac0c8df-f01d-4178-8d66-ee603f814d24","Mishra's Workshop",-0.599253617355922,0.276548656414431,-2.16690120691779,0.030242387915345,0.549221412480043,0.319407045809514,0.944387933466143,2183.98767267793,TRUE,FALSE,NA,NA,-0.462543922407241,0.285322516658375,-1.62112660376208,0.10499048949308,0.629679749853815,0.359955072094486,1.10151687839499,2183.59577318877,TRUE,FALSE,-0.103995374291881,-0.11167890255617,61,0.392796096530991,TRUE,FALSE,0.756852318869867,FALSE,FALSE,2183.59577318877,0.391899489164643,0.0804583373737721,0.136497172018203,"low",-10.3995374291881,-11.167890255617
"14065271-d942-42a8-aa38-d8a622c0375d","Scrubland",-0.445437416267727,0.227062106164785,-1.96174264297743,0.0497924544495994,0.640544030365703,0.410459036499833,0.999604390089498,2184.92595312167,TRUE,FALSE,NA,NA,-0.463525267371966,0.23219648456291,-1.99626307109908,0.0459052954504871,0.629062119905493,0.399065235838219,0.991615192610807,2182.23731825143,TRUE,FALSE,-0.104106089516186,-0.11126228161695,93,0.436181900978491,TRUE,FALSE,0.709731085441539,TRUE,FALSE,2182.23731825143,2.68863487024555,0.0114819104602101,0.0180873579696467,"low",-10.4106089516186,-11.126228161695
"0324641d-af55-4c53-b4dc-c8262e967da5","Volcanic Island",-0.484152299881649,0.239652011227909,-2.02023048920386,0.0433594851112819,0.616219344631987,0.385247134865398,0.985669318037495,2184.70156844399,TRUE,FALSE,NA,NA,-0.484624259453981,0.246419231719182,-1.9666657349466,0.0492217596604921,0.615928582632984,0.379991667693842,0.998358782987663,2182.37876780738,TRUE,FALSE,-0.108617445763617,-0.116263791876961,82,0.436181900978491,TRUE,FALSE,0.709731085441539,TRUE,FALSE,2182.37876780738,2.32280063661801,0.000290761999003464,0.000471959563571032,"low",-10.8617445763617,-11.6263791876961
"5f608efc-0dbc-4cc3-aadd-ed473bfc29ab","Portal to Phyrexia",-0.578586592677651,0.235779620531208,-2.45392961178793,0.0141304637601831,0.560690290540212,0.353202176189701,0.890067001561227,2182.66431438944,TRUE,FALSE,NA,NA,-0.486816607058147,0.248317988970709,-1.96045646582443,0.0499424615700652,0.614579732195282,0.377751062381269,0.999886657748162,2182.37176960715,TRUE,FALSE,-0.109312723063171,-0.117782045504708,86,0.257880963623342,TRUE,FALSE,0.709731085441539,TRUE,FALSE,2182.37176960715,0.292544782295408,0.0538894416550694,0.0917056346415426,"low",-10.9312723063171,-11.7782045504708
"1a55c370-d396-4c73-8ee2-83dc4c124005","The Goose Mother",-0.386043590115898,0.295729110248038,-1.30539597468815,0.191758048347287,0.679740895050129,0.380727019006145,1.21359310303137,2187.09210848841,TRUE,FALSE,NA,NA,-0.490908363550131,0.313610458719861,-1.56534436241058,0.117502186491212,0.612070159368054,0.331017226007314,1.13175342717831,2183.7778557264,TRUE,FALSE,-0.110116143500923,-0.117048581762104,53,0.697412217356879,FALSE,FALSE,0.756852318869867,FALSE,FALSE,2183.7778557264,3.31425276201799,0.0676707356820747,0.104768782478879,"low",-11.0116143500923,-11.7048581762104
"70719e7b-6f02-4c1a-9f11-79b2b0d9846a","Dust Animus",-0.170457050379985,0.269628207356731,-0.632192944688693,0.527260806981265,0.843279307376657,0.497117761244122,1.43048598478951,2188.42454784659,TRUE,FALSE,NA,NA,-0.504845549463982,0.29160945978351,-1.73123858820896,0.0834092195344478,0.603598794385329,0.340820241867507,1.0689843496005,2183.24334465596,TRUE,FALSE,-0.113145863961526,-0.120166547323538,64,0.884828480681203,FALSE,FALSE,0.732970009144163,FALSE,FALSE,2183.24334465596,5.18120319062382,0.239680512991328,0.33130712628721,"low",-11.3145863961526,-12.0166547323538
"3b214b6f-4734-4200-8467-92d7e3469b5d","Tezzeret the Seeker",-0.63982755543983,0.271394887620834,-2.35755198282782,0.0183958795120184,0.527383360593725,0.309820700233417,0.897723130899861,2183.08984568369,TRUE,FALSE,NA,NA,-0.510450659436894,0.282325572313965,-1.80802133952372,0.0706031794072232,0.600225020782205,0.345138745760219,1.04384129570689,2182.93212296199,TRUE,FALSE,-0.114444814230199,-0.122868640436512,64,0.299953233615213,TRUE,FALSE,0.719167269310785,FALSE,FALSE,2182.93212296199,0.157722721699429,0.07284166018848,0.129196734241364,"low",-11.4444814230199,-12.2868640436512
"6982a82c-dd32-40d2-8dd2-ec92d0fc6c2d","Phyrexian Revoker",-0.413332236652585,0.254996141654085,-1.62093525796673,0.105031524283285,0.661442490879353,0.401268429933375,1.09030797367569,2186.1723436332,TRUE,FALSE,NA,NA,-0.513435188457777,0.26071328223311,-1.96934802883845,0.0489131393964349,0.598436302357383,0.358999881120468,0.997565812170846,2182.34848306349,TRUE,FALSE,-0.114884084225391,-0.122597033082315,73,0.617638070647917,FALSE,FALSE,0.709731085441539,TRUE,FALSE,2182.34848306349,3.82386056971018,0.06300618852197,0.100019444505613,"low",-11.4884084225391,-12.2597033082315
"1e2fee55-227b-4373-a3f7-b463f220033f","Tinker",-0.594585228981999,0.200271910873219,-2.96888977785007,0.00298877781839185,0.551791385485359,0.372649054722648,0.817052208337044,2179.78494321836,TRUE,FALSE,NA,NA,-0.522601235822291,0.218113063891736,-2.39601070425425,0.0165746062706323,0.592976069471009,0.386701252646605,0.909282337615343,2180.43948952776,TRUE,FALSE,-0.117259600058156,-0.126909368837563,123,0.218180780742605,TRUE,FALSE,0.709731085441539,TRUE,FALSE,2179.78494321836,-0.654546309401212,0.0411846839856501,0.0719529259979178,"medium",-11.7259600058156,-12.6909368837563
"9503a1e6-f0bf-44d0-a28b-56fbfcff1ff2","Guardian of Ghirapur",-0.578082113310007,0.298615629673229,-1.93587359758293,0.0528831841375278,0.560973218583108,0.312431901900885,1.00723053584753,2184.84122958686,TRUE,FALSE,NA,NA,-0.536374287965671,0.307450247678993,-1.74458889532493,0.0810564551905388,0.584864964701466,0.320146436622536,1.06847051163201,2183.07700623728,TRUE,FALSE,-0.120481481929625,-0.127208503215088,63,0.454173228475239,FALSE,FALSE,0.732970009144163,FALSE,FALSE,2183.07700623728,1.76422334958079,0.0238917461183576,0.0417017803506449,"low",-12.0481481929625,-12.7208503215088
"d2e27911-87cb-49a0-a34f-6afe4bddd592","Phyrexian Metamorph",-0.647817209046398,0.201581056175251,-3.21368099432516,0.0013104517712549,0.523186538128756,0.352425481474644,0.776686613390768,2178.27672826846,TRUE,FALSE,NA,NA,-0.564579539607896,0.205626183530165,-2.74565976917561,0.00603893549795295,0.56859916993407,0.379991323534236,0.850822100469842,2178.61730005786,TRUE,FALSE,-0.126031686463911,-0.135101178289613,122,0.1541518659194,TRUE,FALSE,0.529010749620679,TRUE,FALSE,2178.27672826846,-0.340571789398382,0.0454126318053144,0.0831896432971096,"medium",-12.6031686463911,-13.5101178289613
"31b770cc-09e7-4c0b-b2a4-462ab4f7200d","Expressive Iteration",-0.635787661539888,0.220459358215976,-2.88392230969406,0.00392755635282578,0.529518242860471,0.343733715696342,0.815717390288648,2180.25481319549,TRUE,FALSE,NA,NA,-0.581684371465649,0.229408737435932,-2.53558071923088,0.011226105318456,0.558956083533202,0.356534062452745,0.876303097576224,2179.67699606331,TRUE,FALSE,-0.129925977249228,-0.139060655102715,100,0.237281502491055,TRUE,FALSE,0.614629266185465,TRUE,FALSE,2179.67699606331,0.57781713218219,0.0294378406727311,0.0540900964936205,"medium",-12.9925977249228,-13.9060655102715
"97d08a15-e61c-4421-a541-c68a4f87cb74","Forensic Gadgeteer",-0.716884344331019,0.291769952909662,-2.45701909049209,0.0140095241714206,0.488271173368744,0.275614135282552,0.865009113188189,2182.42917499843,TRUE,FALSE,NA,NA,-0.614179300947907,0.298551529301452,-2.05719696825857,0.0396672830637238,0.541084780902948,0.301392975777324,0.971398684291495,2181.84553253436,TRUE,FALSE,-0.136973738045356,-0.145879689977448,60,0.257880963623342,TRUE,FALSE,0.709731085441539,TRUE,FALSE,2181.84553253436,0.58364246407109,0.0528136075342039,0.102614857989667,"low",-13.6973738045356,-14.5879689977448
"6be9b1d5-9ab8-4adb-ba54-2c0117e842fa","Mox Opal",-0.741964491234922,0.247095988602329,-3.00273790534506,0.00267562752324613,0.476177549458532,0.29338409356763,0.772860777321128,2179.35244016075,TRUE,FALSE,NA,NA,-0.61576308718113,0.25445794338981,-2.41990121816645,0.0155247237549743,0.54022849654063,0.328079062241476,0.889562492896123,2180.19448443328,TRUE,FALSE,-0.137358318503028,-0.146728838511127,82,0.218180780742605,TRUE,FALSE,0.709731085441539,TRUE,FALSE,2179.35244016075,-0.842044272530529,0.0640509470820976,0.126034171745079,"low",-13.7358318503028,-14.6728838511127
"ab9f6a1b-8467-4584-affd-8c71d3e34d2f","Akal Pakal, First Among Equals",-0.765764806627506,0.300044639074342,-2.55216960046326,0.010705439240338,0.464978176558909,0.258243510715921,0.83721253663517,2181.9466454457,TRUE,FALSE,NA,NA,-0.627679070160898,0.305606631827214,-2.05387908766253,0.0399873958266564,0.533829344780526,0.293268100800888,0.971717580502512,2181.87224666528,TRUE,FALSE,-0.139697591358026,-0.14860861864958,54,0.257880963623342,TRUE,FALSE,0.709731085441539,TRUE,FALSE,2181.87224666528,0.0743987804221433,0.0688511682216174,0.137866739588195,"low",-13.9697591358026,-14.860861864958
"2ae6828e-ff19-45db-8b59-61616353491f","Deceptive Landscape",-0.732466133015117,0.280144615247147,-2.61460007849491,0.00893319853117964,0.480722002655496,0.277606793357631,0.832449527052463,2181.66087979658,TRUE,FALSE,NA,NA,-0.645237426126987,0.296069192283206,-2.17934673023927,0.0293059202030246,0.524537988297995,0.293601156563056,0.937121993620676,2181.3766051931,TRUE,FALSE,-0.143451166346563,-0.150785361646099,64,0.257880963623342,TRUE,FALSE,0.709731085441539,TRUE,FALSE,2181.3766051931,0.284274603477115,0.0438159856424986,0.0871734397803677,"low",-14.3451166346563,-15.0785361646099
"a50d79fe-6d37-42f3-b7b0-0c3018282fa2","End-Raze Forerunners",0.0672649984017728,0.256421408176364,0.262322084884226,0.793073136758323,1.06957887731584,0.647056953295255,1.76800352577032,2188.75821697964,TRUE,FALSE,NA,NA,-0.709104362933123,0.481837505200283,-1.47166701487543,0.14111081908258,0.492084729476879,0.191377784886032,1.26528468875599,2184.03114832916,TRUE,FALSE,-0.155846493339244,-0.164220076295512,69,0.949312199698855,FALSE,FALSE,0.793762890872427,FALSE,FALSE,2184.03114832916,4.72706865048849,0.577494147838962,0.739588404733328,"low",-15.5846493339244,-16.4220076295512
"29148d7e-b398-4e19-a29e-d9a660ad5016","Mirage Mirror",-0.754348214817677,0.303883063525346,-2.48236346595459,0.0130514073408928,0.470317060542325,0.259250884703839,0.853220376431362,2182.40730940887,TRUE,FALSE,NA,NA,-0.713735100250387,0.311581134255229,-2.29068779134021,0.0219814772374361,0.4898112822878,0.265953413331428,0.902094427934413,2180.84574082126,TRUE,FALSE,-0.157547594164638,-0.166641551536499,55,0.257880963623342,TRUE,FALSE,0.709731085441539,TRUE,FALSE,2180.84574082126,1.5615685876096,0.0194942217454755,0.0406075331304424,"low",-15.7547594164638,-16.6641551536499
"44afd414-cc69-4888-ba12-7ea87e60b1f7","Craterhoof Behemoth",0.0551001266998745,0.255417834823196,0.215725447434067,0.829201764045927,1.0566464078968,0.640491883694196,1.7431940353116,2188.78050383809,TRUE,FALSE,NA,NA,-0.717496019238287,0.444521004275771,-1.61408800109965,0.106508339640665,0.487972601467831,0.204179210564562,1.16621696755943,2183.57382234233,TRUE,FALSE,-0.15748797467508,-0.165922467495909,68,0.953255571265396,FALSE,FALSE,0.756852318869867,FALSE,FALSE,2183.57382234233,5.20668149575977,0.568673806428969,0.736328897911064,"low",-15.748797467508,-16.5922467495909
"18adbda4-8d36-47cd-afbc-c785aaa8ed80","Blightsteel Colossus",-0.84591782440308,0.264924599927329,-3.19305124792157,0.00140777959743744,0.42916328085942,0.255337254683159,0.72132490758768,2178.10765977294,TRUE,FALSE,NA,NA,-0.742241084461433,0.276581853041294,-2.68362177886853,0.0072829445878508,0.476045860186756,0.276832813489137,0.818615604648475,2178.77972197458,TRUE,FALSE,-0.163686787311145,-0.17497890101029,72,0.1541518659194,TRUE,FALSE,0.531654954913108,TRUE,FALSE,2178.10765977294,-0.672062201639619,0.0468825793273356,0.103583972369417,"low",-16.3686787311145,-17.497890101029
"1fdcc0c3-4029-4fc3-a486-5d7f45c910bd","Everflowing Chalice",-0.887926511773995,0.251945009890149,-3.52428695516193,0.00042462412501145,0.411508126008186,0.251141505654771,0.674276987108412,2175.46243173199,TRUE,FALSE,NA,NA,-0.752151849172083,0.256566007864338,-2.93161146105447,0.00337208335505019,0.471351184017554,0.285069797671754,0.779359793598942,2177.15662046475,TRUE,FALSE,-0.166182733872616,-0.175981334449692,82,0.1541518659194,TRUE,FALSE,0.492324169837328,TRUE,FALSE,2175.46243173199,-1.69418873276709,0.0598430580093682,0.135566465301529,"low",-16.6182733872616,-17.5981334449692
"bf4b9a8a-b42a-46fb-b0d0-9cf800f63c8a","Emry, Lurker of the Loch",-0.886068596075878,0.262182838276991,-3.37958274423654,0.000725959512100487,0.412273384087769,0.246610044013698,0.689223117034681,2176.48624522696,TRUE,FALSE,NA,NA,-0.763387936118277,0.26889650947878,-2.83896558418703,0.00452600381494246,0.466084683965683,0.275153791807657,0.789503685194519,2177.70131696279,TRUE,FALSE,-0.168527264894472,-0.178743462812744,77,0.1541518659194,TRUE,FALSE,0.495597417736199,TRUE,FALSE,2176.48624522696,-1.21507173583495,0.0538112998779139,0.122527023625266,"low",-16.8527264894472,-17.8743462812744
"c4fffacd-81c7-44b8-9b59-2c7210022c14","Augur of Autumn",-0.729565036837528,0.259157933220942,-2.81513680777638,0.00487564731146004,0.482118648342059,0.290104352085054,0.801223385339031,2180.39922114478,TRUE,FALSE,NA,NA,-0.821047621923811,0.277992493884774,-2.95348845736868,0.00314204358645544,0.439970490253867,0.255147642816337,0.758674586045729,2177.0375042664,TRUE,FALSE,-0.180220219145549,-0.186851932633484,78,0.237281502491055,TRUE,FALSE,0.492324169837328,TRUE,FALSE,2177.0375042664,3.36171687837896,0.042148158088192,0.091418836474685,"low",-18.0220219145549,-18.6851932633484
