"card_id","card_name","v0_coef","v0_se","v0_z","v0_p","v0_or","v0_or_lower","v0_or_upper","v0_aic","v0_converged","v0_separation","v0_win_rate_lift_prob","v0_win_rate_lift_mean_prob","v1_coef","v1_se","v1_z","v1_p","v1_or","v1_or_lower","v1_or_upper","v1_aic","v1_converged","v1_separation","v1_win_rate_lift_prob","v1_win_rate_lift_mean_prob","n_games","v0_p_adj","v0_significant_raw","v0_significant_fdr","v1_p_adj","v1_significant_raw","v1_significant_fdr","best_aic","aic_improvement","or_range","or_cv","confidence","v1_win_rate_lift_pct","v1_win_rate_lift_mean_pct","v1_win_rate_lift_std","v1_win_rate_lift_mean_std","v0_win_rate_lift_pct","v0_win_rate_lift_std"
"3a2d7cf9-dddb-4de3-b4f2-c52e3ec8fb4b","Brain Freeze",0.530358798981342,0.215439988772442,2.46174724573316,0.0138262064263377,1.69954199317081,1.11415516814886,2.59249615235379,2440.74116256413,TRUE,FALSE,0.119470689489074,0.130024344479002,0.707500801432495,0.226628317344232,3.1218552461732,0.00179715279013449,2.02891425746644,1.30122912615352,3.16354205528666,2432.82974912583,TRUE,FALSE,0.155772213128646,0.174822974598254,101,0.294895476283841,TRUE,FALSE,0.386958068178537,TRUE,FALSE,2432.82974912583,7.91141343830895,0.329372264295627,0.176680235547531,"medium",15.5772213128646,17.4822974598254,0.311544426257291,0.349645949196508,11.9470689489074,0.238941378978149
"bd8fa327-dd41-4737-8f19-2cf5eb1f7cdd","Black Lotus",0.466489308861542,0.17757953097225,2.62693175450744,0.00861586119737023,1.59438695617941,1.12573192955694,2.25814840930696,2439.84020023415,TRUE,FALSE,0.105870316467241,0.115016890474755,0.531841639142451,0.179205739683688,2.96777123367361,0.00299967494712044,1.70206401170684,1.19793397964288,2.41834854773151,2433.72058888521,TRUE,FALSE,0.119180429609082,0.132111774665373,155,0.27786152361519,TRUE,FALSE,0.386958068178537,TRUE,FALSE,2433.72058888521,6.11961134894273,0.107677055527426,0.0653290806242271,"medium",11.9180429609082,13.2111774665373,0.238360859218164,0.264223549330747,10.5870316467241,0.211740632934482
"758f95f8-bcb0-43ae-b474-56ebd855951e","Lion's Eye Diamond",0.307364280466227,0.206674546448019,1.48718981484995,0.13696468533266,1.35983623963699,0.90690476845349,2.03897328909558,2444.65628597883,TRUE,FALSE,0.0700485882274711,0.0763399099280244,0.471184074939167,0.218553852745159,2.15591749594359,0.0310901080448395,1.60188982830989,1.0437484619058,2.45849562006279,2438.0461783799,TRUE,FALSE,0.105511673399891,0.117249315692102,109,0.582482478585661,FALSE,FALSE,0.531145576607402,TRUE,FALSE,2438.0461783799,6.61010759893088,0.242053588672894,0.163454406734307,"medium",10.5511673399891,11.7249315692102,0.211023346799782,0.234498631384204,7.00485882274711,0.140097176454942
"0e51d796-7279-4c06-87f0-37adbdaa41df","Underworld Breach",0.337334244935083,0.215161968521833,1.56781538695048,0.116924222884491,1.40120733192974,0.919078985248859,2.13624946121691,2444.4142867028,TRUE,FALSE,0.0767426291832731,0.0836624164431499,0.468390610211713,0.224065796294611,2.0904154849045,0.0365804930848027,1.59742124989119,1.02965279118421,2.47826711242064,2438.33498355128,TRUE,FALSE,0.104855955010593,0.116565279950209,100,0.580366501005905,FALSE,FALSE,0.531145576607402,TRUE,FALSE,2438.33498355128,6.07930315151407,0.196213917961453,0.130869104063766,"medium",10.4855955010593,11.6565279950209,0.209711910021186,0.233130559900418,7.67426291832731,0.153485258366546
"a6539e26-b63b-4725-9407-caaf451de084","Troll of Khazad-dûm",0.244386786544159,0.171769558975559,1.42275958558485,0.154805860759085,1.27683809878751,0.911848383356452,1.78792391396718,2444.83492896832,TRUE,FALSE,0.0559423608710977,0.0608663483712009,0.438225627013274,0.182694234854918,2.3986833922881,0.0164541347207378,1.54995457959279,1.08344407626936,2.2173356718814,2436.88337419521,TRUE,FALSE,0.0986318166293515,0.109063037144896,166,0.6046697045766,FALSE,FALSE,0.531145576607402,TRUE,FALSE,2436.88337419521,7.95155477310846,0.273116480805273,0.193234178717177,"medium",9.86318166293515,10.9063037144896,0.197263633258703,0.218126074289791,5.59423608710977,0.111884721742195
"06cb1bd6-73e0-4104-b344-4bc52d7dcedf","Baleful Strix",0.297127229507214,0.209959415309432,1.41516506449266,0.157020104948052,1.3459865377585,0.891907167168363,2.03124251773741,2444.84107832962,TRUE,FALSE,0.067947025975427,0.0738276572335502,0.436634732617731,0.213850795395394,2.04177277812049,0.0411740757060002,1.54749072592392,1.01764096944043,2.35321456066899,2438.45965710694,TRUE,FALSE,0.0983999504412268,0.108724805470313,112,0.6046697045766,FALSE,FALSE,0.531145576607402,TRUE,FALSE,2438.45965710694,6.381421222678,0.201504188165419,0.139281680692367,"medium",9.83999504412268,10.8724805470313,0.196799900882454,0.217449610940626,6.7947025975427,0.135894051950854
"21c950d7-b4f6-4902-8c9a-98f2933f9fa5","Adanto Vanguard",0.59857483175633,0.188078387924255,3.18258167970577,0.0014596833790669,1.81952382411811,1.25852599563249,2.63059083246791,2436.6939795743,TRUE,FALSE,0.133678934999915,0.14620657522118,0.435383017862049,0.201012850904564,2.16594618653889,0.0303152993623631,1.54555492073871,1.04226666811873,2.29187029201582,2438.00549889983,TRUE,FALSE,0.0976906567218541,0.108353435079679,141,0.167654062048171,TRUE,FALSE,0.531145576607402,TRUE,FALSE,2436.6939795743,-1.31151932553757,0.273968903379403,0.162830604661562,"medium",9.76906567218541,10.8353435079679,0.195381313443708,0.216706870159357,13.3678934999915,0.26735786999983
"4a1f905f-1d55-4d02-9d24-e58070793d3f","Atraxa, Grand Unifier",0.284989552118586,0.191817456346136,1.48573314205731,0.137349720662431,1.32974813499807,0.913042671026601,1.93663468164385,2444.64287355055,TRUE,FALSE,0.065161754619,0.0708607001360999,0.430548913362067,0.203278043390083,2.11802960212412,0.0341725607484775,1.53810157637864,1.0326454920444,2.29096672331838,2438.15709021194,TRUE,FALSE,0.0969818926847481,0.107202666693215,131,0.582482478585661,FALSE,FALSE,0.531145576607402,TRUE,FALSE,2438.15709021194,6.4857833386186,0.208353441380569,0.145302901023045,"medium",9.69818926847481,10.7202666693215,0.193963785369496,0.214405333386431,6.5161754619,0.130323509238
"605c2218-9d12-4ac3-a721-fca590b89847","Karakas",0.426403584212114,0.176245683883673,2.41937036309809,0.0155474013870539,1.53173883601635,1.08432973874936,2.16375497039009,2440.94925817935,TRUE,FALSE,0.0968035115321276,0.105373747147374,0.424753718200847,0.182081519456028,2.33276677100348,0.0196603895732718,1.52921375576749,1.07023038680402,2.18503860445586,2437.20573834896,TRUE,FALSE,0.0956378991577018,0.105753801283551,157,0.294895476283841,TRUE,FALSE,0.531145576607402,TRUE,FALSE,2437.20573834896,3.74351983039423,0.00252508024885878,0.00164986563701546,"medium",9.56378991577018,10.5753801283551,0.191275798315404,0.211507602567101,9.68035115321277,0.193607023064255
"819a513c-3be6-4bdc-8ba6-1f7326a8f3ea","Fiery Confluence",0.469756990195649,0.193510196347228,2.42755678544573,0.0152009069870783,1.59960542618052,1.09469633519871,2.33739479816719,2440.84951195355,TRUE,FALSE,0.106607334691103,0.115727037535962,0.420406149472644,0.197845364992671,2.12492291385355,0.0335930456437042,1.52257982504824,1.03316740496296,2.24382739187076,2438.10662609418,TRUE,FALSE,0.0948733571344244,0.104696186426379,131,0.294895476283841,TRUE,FALSE,0.531145576607402,TRUE,FALSE,2438.10662609418,2.74288585937347,0.0770256011322816,0.0493408269749322,"medium",9.48733571344244,10.4696186426379,0.189746714268849,0.209392372852758,10.6607334691103,0.213214669382207
"09521f23-52d6-482d-9f3b-c4d12fcc08cc","Tidehollow Sculler",0.271869012063331,0.203424414291386,1.33646206140186,0.181398292945221,1.3124150795082,0.880872099624444,1.95537279663512,2445.07310297492,TRUE,FALSE,0.0621346463098445,0.0676220967060627,0.419194830827993,0.213177722772884,1.96641011722691,0.0492512556998051,1.52073661230254,1.00136742827175,2.30948179330017,2438.80080156633,TRUE,FALSE,0.0943653050870213,0.104385467423519,113,0.6046697045766,FALSE,FALSE,0.605086855740463,TRUE,FALSE,2438.80080156633,6.27230140858592,0.208321532794349,0.14705992156827,"medium",9.43653050870213,10.4385467423519,0.188730610174043,0.208770934847037,6.21346463098445,0.124269292619689
"0d16e8e0-31b2-4389-afd6-783c501f6fa0","Ajani, Nacatl Pariah // Ajani, Nacatl Avenger",0.526312379038324,0.174765374068289,3.0115369354153,0.00259928778369257,1.69267882754529,1.20174209019471,2.38417347332476,2437.65284748998,TRUE,FALSE,0.11876802297367,0.129306598344068,0.413623059746047,0.183145477218234,2.25843993544639,0.0239182453212164,1.51228697759765,1.0561792597179,2.16536339032286,2437.55050808763,TRUE,FALSE,0.0932552856018587,0.103012709929318,160,0.167654062048171,TRUE,FALSE,0.531145576607402,TRUE,FALSE,2437.55050808763,0.102339402350481,0.180391849947634,0.112570218164676,"medium",9.32552856018587,10.3012709929318,0.186510571203717,0.206025419858636,11.876802297367,0.237536045947341
"2b5801fb-2026-4f25-98bc-ebb2f99684b9","Undercity Sewers",0.257293305673701,0.212881864744899,1.20862012356957,0.226808821605471,1.29342443985601,0.852182009131545,1.96313318480135,2445.39438441801,TRUE,FALSE,0.0588964992851687,0.0640261258358519,0.410379829154203,0.217579976832247,1.88611027139967,0.059280096468125,1.50739022714592,0.984051618542848,2.30905092179987,2439.08789446488,TRUE,FALSE,0.0925770444404218,0.102236167310194,108,0.636674121410827,FALSE,FALSE,0.665648603098724,FALSE,FALSE,2439.08789446488,6.30648995313368,0.21396578728991,0.15278825108335,"medium",9.25770444404218,10.2236167310194,0.185154088880844,0.204472334620388,5.88964992851687,0.117792998570337
"5ad36fb2-c44e-4085-ba0d-54277841ad3a","Lurrus of the Dream-Den",0.3050008027964,0.21876499194358,1.39419383369648,0.163259079522909,1.35662609210033,0.883575459254861,2.0829396453807,2444.92295204085,TRUE,FALSE,0.0695348273223045,0.0757500324438851,0.409892628294877,0.228994526002432,1.78996692825105,0.0734592281763975,1.50665600420346,0.961811645033878,2.36014226561207,2439.4924437085,TRUE,FALSE,0.0921861285580606,0.102088433123687,100,0.6046697045766,FALSE,FALSE,0.665648603098724,FALSE,FALSE,2439.4924437085,5.43050833234292,0.150029912103127,0.104795760289775,"medium",9.21861285580606,10.2088433123687,0.184372257116121,0.204176866247373,6.95348273223045,0.139069654644609
"24a5cc2c-0fbf-4a5f-b175-6e0ffd0d0787","Misty Rainforest",0.394179240110514,0.189132874217295,2.08413921557413,0.0371475058492004,1.48316636775499,1.02375660367918,2.14873580940424,2442.45719104683,TRUE,FALSE,0.0898003093370182,0.0975371647012984,0.393755084583927,0.191911949096511,2.0517486609753,0.0401940949892075,1.48253740794108,1.01776359311277,2.15955569723461,2438.43168474187,TRUE,FALSE,0.0889491835503548,0.0981215590732445,140,0.371318352496848,TRUE,FALSE,0.531145576607402,TRUE,FALSE,2438.43168474187,4.02550630496035,0.000628959813910202,0.00042415552022729,"medium",8.89491835503548,9.81215590732445,0.17789836710071,0.196243118146489,8.98003093370182,0.179600618674036
"26d40e03-6de4-4373-9fbf-04c1dd79e995","Jetmir's Garden",0.447516012926403,0.21485628880141,2.08286206293006,0.0372637984923222,1.56442135268384,1.02674919196974,2.38365336722395,2442.44638070977,TRUE,FALSE,0.101597820330114,0.110329536518679,0.391157090042318,0.22015086023127,1.77676839250778,0.075606354301942,1.47869078276671,0.960464174750565,2.27653096130011,2439.49569608084,TRUE,FALSE,0.0883215644970666,0.0974571390013577,106,0.371318352496848,TRUE,FALSE,0.665648603098724,FALSE,FALSE,2439.49569608084,2.95068462892641,0.0857305699171356,0.056344009751348,"medium",8.83215644970666,9.74571390013577,0.176643128994133,0.194914278002715,10.1597820330114,0.203195640660227
"bbec97ff-bb84-4496-9e09-d4fc1570c516","Mawloc",0.416002594711169,0.196678039079435,2.11514512071758,0.0344175805995847,1.51588980216167,1.03098395063107,2.22886291381273,2442.31522599322,TRUE,FALSE,0.0946612899219779,0.102796654389872,0.38789801546048,0.208939032918095,1.85651292648864,0.0633804822619003,1.47387946370467,0.978609601158368,2.21980314822072,2439.20037242601,TRUE,FALSE,0.0876488874565715,0.0966516358911402,127,0.371318352496848,TRUE,FALSE,0.665648603098724,FALSE,FALSE,2439.20037242601,3.1148535672105,0.0420103384569956,0.0281027294892754,"medium",8.76488874565715,9.66516358911402,0.175297774913143,0.19330327178228,9.46612899219779,0.189322579843956
"06c0c35d-a26e-473a-9206-8fbda7191700","Entomb",0.204373183672103,0.216001341314596,0.946166271136452,0.344063786544045,1.22675587330569,0.803330197014492,1.87336412633677,2445.97582203472,TRUE,FALSE,0.0467559522040558,0.0509426818834447,0.378160690082295,0.230139369317062,1.64318122190256,0.100345443886761,1.45959746686952,0.929682198034212,2.29156239604958,2439.9994981636,TRUE,FALSE,0.0851717237722214,0.0942301719845356,104,0.74595341956608,FALSE,FALSE,0.665648603098724,FALSE,FALSE,2439.9994981636,5.9763238711198,0.232841593563835,0.173351427812284,"medium",8.51717237722214,9.42301719845356,0.170343447544443,0.188460343969071,4.67559522040558,0.0935119044081116
"0359f212-9564-41a9-870b-d2c57455a695","Brainstorm",0.214467811831118,0.214237974811227,1.00107281176502,0.31679160827293,1.23920223268178,0.81429007513607,1.88584169250363,2445.86446122094,TRUE,FALSE,0.0490962958201307,0.0534436199063813,0.367151098537707,0.219021471531191,1.67632468164392,0.0936746129448785,1.44361603090786,0.939759783670166,2.21761697074877,2439.87384340941,TRUE,FALSE,0.0828528489062165,0.0915275237127031,103,0.72342548197608,FALSE,FALSE,0.665648603098724,FALSE,FALSE,2439.87384340941,5.99061781152886,0.204413798226075,0.152387361455164,"medium",8.28528489062165,9.15275237127031,0.165705697812433,0.183055047425406,4.90962958201307,0.0981925916402614
"2398892d-28e9-4009-81ec-0d544af79d2b","Ancestral Recall",0.269516509142445,0.16934574631496,1.5915162618917,0.111493438640917,1.3093312479838,0.939505924969552,1.82473390681637,2444.32776848845,TRUE,FALSE,0.0615700102049137,0.0670730042062053,0.361826097091251,0.173757163260441,2.0823665068065,0.0373090053215986,1.43594920450247,1.02148970519637,2.01857160911366,2438.34801485318,TRUE,FALSE,0.0816245598169082,0.0902019386946895,166,0.580366501005905,FALSE,FALSE,0.531145576607402,TRUE,FALSE,2438.34801485318,5.97975363526348,0.126617956518666,0.0922440957928321,"medium",8.16245598169082,9.02019386946895,0.163249119633816,0.180403877389379,6.15700102049137,0.123140020409827
"9721f8da-39ed-4ada-a571-61e08a86032b","Broadside Bombardiers",0.513915116706419,0.183792441750583,2.79617111460891,0.00517120131119077,1.67182378390399,1.16611992104259,2.39683304777792,2438.95391695018,TRUE,FALSE,0.115917447907475,0.126299764644601,0.35542211347793,0.196757214217478,1.80639939883006,0.0708559754242712,1.42678279143378,0.97023009294926,2.09817150460002,2439.41762675673,TRUE,FALSE,0.0802894174251306,0.0886197345532043,144,0.21331440680502,TRUE,FALSE,0.665648603098724,FALSE,FALSE,2438.95391695018,-0.46370980654774,0.24504099247021,0.158162055435191,"medium",8.02894174251306,8.86197345532043,0.160578834850261,0.177239469106409,11.5917447907475,0.231834895814951
"8a720448-017f-4f4a-9501-678245eaed17","Mishra's Bauble",0.27865306585938,0.199563668677685,1.39631160173464,0.162620681625877,1.32134884331398,0.893604741881557,1.95384232412522,2444.90516582575,TRUE,FALSE,0.0636928756527116,0.0692949203847779,0.333931752315219,0.202525570191022,1.64883748753431,0.09918093269605,1.39644783599056,0.938926229907223,2.0769113659072,2439.96183210124,TRUE,FALSE,0.0755133061131335,0.0832786606736629,116,0.6046697045766,FALSE,FALSE,0.665648603098724,FALSE,FALSE,2439.96183210124,4.94333372450683,0.0750989926765824,0.0552646143462062,"medium",7.55133061131335,8.32786606736629,0.151026612226267,0.166557321347326,6.36928756527116,0.127385751305423
"0ecbe097-ba51-42e5-957c-382eb66c08f0","Robber of the Rich",0.517249473013354,0.216570982962239,2.38836000067257,0.0169237548913336,1.67740754403151,1.09720972817607,2.564410428124,2441.12918670468,TRUE,FALSE,0.116511623905537,0.126924876625016,0.325662524379599,0.230611280893324,1.4121708318781,0.157899666671623,1.38494790384512,0.881319038669741,2.17637497002237,2440.70461920371,TRUE,FALSE,0.0735830999776981,0.0812359100339239,100,0.294895476283841,TRUE,FALSE,0.717442959867233,FALSE,FALSE,2440.70461920371,0.424567500971079,0.292459640186386,0.191003066211123,"medium",7.35830999776981,8.1235910033924,0.147166199955396,0.162471820067848,11.6511623905537,0.233023247811074
"6989018c-37b1-4282-a4af-9cc97f160b4d","Oliphaunt",0.431829335733124,0.181064250564169,2.38495083589172,0.0170814039613127,1.5400722574288,1.07998095273849,2.19617073068527,2441.08519696038,TRUE,FALSE,0.0981933097108476,0.106665747300775,0.319217736997826,0.18409571689461,1.73397698970134,0.0829221660068933,1.37605090948342,0.95924393922773,1.97396723404328,2439.66195433548,TRUE,FALSE,0.0723449684343035,0.079625596393574,152,0.294895476283841,TRUE,FALSE,0.665648603098724,FALSE,FALSE,2439.66195433548,1.4232426249032,0.164021347945384,0.112492743658054,"medium",7.23449684343035,7.9625596393574,0.144689936868607,0.159251192787148,9.81933097108476,0.196386619421695
"4acf970d-d2d7-413d-aba7-587ee53d8d5c","Stomping Ground",0.427660868783501,0.185315042255202,2.30775043180012,0.0210130213204453,1.53366587878899,1.06656519397434,2.2053326332513,2441.44888411337,TRUE,FALSE,0.0972723626914951,0.105645113701991,0.316694555837345,0.190604018628079,1.66153136810459,0.0966067743766003,1.37258326034595,0.944698622187568,1.99427072542915,2439.91147556912,TRUE,FALSE,0.0717895113084784,0.0790051557404452,143,0.3189035000397,TRUE,FALSE,0.665648603098724,FALSE,FALSE,2439.91147556912,1.53740854424541,0.161082618443039,0.110852587463294,"medium",7.17895113084784,7.90051557404452,0.143579022616957,0.15801031148089,9.72723626914951,0.19454472538299
"02d6d693-f1f3-4317-bcc0-c21fa8490d38","Jace, Vryn's Prodigy // Jace, Telepath Unbound",0.170497922833146,0.173806441720753,0.980964348301183,0.326610322966726,1.18589518862909,0.843527561016992,1.66722163377576,2445.9076537322,TRUE,FALSE,0.0390586274879592,0.0425453198887021,0.308035032403585,0.185579286810963,1.65985675285712,0.0969432733796491,1.36074865839834,0.945822490470625,1.9577002344399,2439.94339414247,TRUE,FALSE,0.0696475763607247,0.0767401782016778,161,0.726047706441712,FALSE,FALSE,0.665648603098724,FALSE,FALSE,2439.94339414247,5.96425958973305,0.174853469769244,0.137320709351126,"medium",6.96475763607247,7.67401782016778,0.139295152721449,0.153480356403356,3.90586274879592,0.0781172549759185
"261ac92e-c61a-4c11-aa6a-9ae1cb703e5c","Dreams of Steel and Oil",0.20121334288369,0.217192461756914,0.92642875934107,0.354223204002432,1.22288563794379,0.798928453597246,1.87181878021218,2446.00820920598,TRUE,FALSE,0.0460918374833037,0.0501595274955603,0.307968039193174,0.224302092408083,1.37300564558655,0.169750591619925,1.36065750053066,0.876635440839844,2.11192560498884,2440.80664634511,TRUE,FALSE,0.0697162710759111,0.0768304788919994,102,0.75224608143923,FALSE,FALSE,0.717442959867233,FALSE,FALSE,2440.80664634511,5.20156286086694,0.137771862586866,0.106653425317464,"medium",6.97162710759111,7.68304788919994,0.139432542151822,0.153660957783999,4.60918374833037,0.0921836749666074
"0cb33b46-4d1b-4f97-bfdc-d815aee111da","Mana Crypt",0.383542340061803,0.172614759370395,2.22195565118971,0.0262863028701817,1.46747368405989,1.04625530332316,2.05827297273269,2441.86899064704,TRUE,FALSE,0.0873781085178994,0.0950011901390293,0.305887855096235,0.178280275380685,1.71576947838491,0.0862042425415207,1.35783002429181,0.957392836160499,1.92575325951072,2439.73701055219,TRUE,FALSE,0.0693363506588679,0.076297552303139,161,0.352514516000903,TRUE,FALSE,0.665648603098724,FALSE,FALSE,2439.73701055219,2.13198009484495,0.109643659768077,0.0776154856867008,"medium",6.93363506588679,7.6297552303139,0.138672701317736,0.152595104606278,8.73781085178994,0.174756217035799
"311a6257-dd77-4bb6-81cb-c8e7862350f3","Necromancy",0.17244613006472,0.202016885810648,0.853622356233901,0.393314267322972,1.18820781021305,0.799709320973779,1.76543872032421,2446.14152313414,TRUE,FALSE,0.0395018732187257,0.043023242307353,0.300679247548099,0.213010677857341,1.41156889679245,0.158076935966048,1.35077600732891,0.889743837203154,2.05069790391683,2440.70375672443,TRUE,FALSE,0.0680100594486528,0.0749435300161613,113,0.80490428823366,FALSE,FALSE,0.717442959867233,FALSE,FALSE,2440.70375672443,5.43776640971146,0.162568197115856,0.128057686695492,"medium",6.80100594486528,7.49435300161613,0.136020118897306,0.149887060032323,3.95018732187257,0.0790037464374514
"416d2d51-8f29-4e95-b037-e8c32b081e6c","Mana Drain",0.161943293712923,0.193872587665215,0.835307846576905,0.40354440059339,1.17579356454311,0.804087666259701,1.71932808377945,2446.16973051094,TRUE,FALSE,0.0371533553825775,0.0404143193258548,0.300673672809189,0.201176227303819,1.49457854359257,0.135024469332902,1.35076847712633,0.910618051344338,2.00366715342901,2440.44728873382,TRUE,FALSE,0.0681708900533051,0.0749901303157913,130,0.805095084092118,FALSE,FALSE,0.717442959867233,FALSE,FALSE,2440.44728873382,5.722441777119,0.174974912583222,0.138508304721943,"medium",6.81708900533051,7.49901303157913,0.13634178010661,0.149980260631583,3.71533553825775,0.074306710765155
"56995b84-2307-4955-9c7c-dc4f04acdc07","Inquisition of Kozilek",0.295240436120834,0.178282216656617,1.6560285240871,0.0977160425062593,1.34344933360361,0.947249545848004,1.9053649799792,2444.11386841708,TRUE,FALSE,0.0673938102378201,0.073395661808937,0.296680324064522,0.18118472294461,1.63744668558629,0.101537170184374,1.34538514344219,0.943233198255098,1.91899647673918,2440.00948533778,TRUE,FALSE,0.067144976102308,0.0739962828839484,149,0.576298635879809,FALSE,FALSE,0.665648603098724,FALSE,FALSE,2440.00948533778,4.10438307929917,0.00193580983857911,0.00143988769491379,"medium",6.7144976102308,7.39962828839484,0.134289952204616,0.147992565767897,6.73938102378201,0.13478762047564
"47a6234f-309f-4e03-9263-66da48b57153","Solitude",0.339996830349135,0.186928004236626,1.81886513868059,0.0689320075692458,1.40494313737731,0.973962908239222,2.02663284460395,2443.52467482038,TRUE,FALSE,0.0775793280867887,0.0843529685314603,0.296126726033561,0.191977495567968,1.54250749629516,0.122950317716367,1.34464054699848,0.92297865974796,1.95893825012823,2440.30623776371,TRUE,FALSE,0.0671107222216045,0.073891012169234,138,0.50201928644842,FALSE,FALSE,0.717442959867233,FALSE,FALSE,2440.30623776371,3.21843705666424,0.0603025903788292,0.043863069686871,"medium",6.71107222216045,7.3891012169234,0.134221444443209,0.147782024338468,7.75793280867887,0.155158656173577
"68841ca8-a043-4f30-9a17-e983ed960bc2","Demonic Tutor",0.111416573390753,0.173464734744793,0.642301004608647,0.52067776212073,1.11786048080574,0.795667171598784,1.57052106603358,2446.45835588944,TRUE,FALSE,0.0255711519315385,0.0278321391309071,0.295008940243493,0.181039525365454,1.62952780420726,0.103201333813756,1.34313836661664,0.941926032291062,1.91524664361348,2440.03272428976,TRUE,FALSE,0.0668710903999625,0.073520842740922,164,0.85814456534642,FALSE,FALSE,0.665648603098724,FALSE,FALSE,2440.03272428976,6.42563159968267,0.225277885810898,0.18307841634859,"medium",6.68710903999625,7.3520842740922,0.133742180799925,0.147041685481844,2.55711519315385,0.051142303863077
"0adcd4e5-d542-4293-8774-ace2305ef820","Walk-In Closet // Forgotten Cellar",0.247029011625311,0.202480922401275,1.22001129141318,0.222460594504926,1.28021625339377,0.860851213350394,1.90387564080308,2445.37976979312,TRUE,FALSE,0.056450308010285,0.0614982849715102,0.292614118179764,0.211338388116077,1.38457627498818,0.16618207014685,1.33992563771412,0.885494420687072,2.0275686358481,2440.78172346136,TRUE,FALSE,0.0661837672557809,0.0729901710798013,113,0.636674121410827,FALSE,FALSE,0.717442959867233,FALSE,FALSE,2440.78172346136,4.59804633176054,0.0597093843203473,0.0455772143661273,"medium",6.61837672557809,7.29901710798013,0.132367534511562,0.145980342159603,5.6450308010285,0.11290061602057
"1daf4348-05c5-4c55-bcf2-c7bec7988bfc","Plateau",0.452553847952897,0.205070668072804,2.2068190063741,0.0273267066667367,1.57232253508647,1.05191818305558,2.35018102563793,2441.89025640287,TRUE,FALSE,0.102801130127835,0.111566806501172,0.28962440573948,0.213483624400948,1.35665865029315,0.174889696743316,1.33592562778518,0.879146702582859,2.03003352879552,2440.84153701687,TRUE,FALSE,0.0657069185906688,0.0722688149905885,117,0.352514516000903,TRUE,FALSE,0.717442959867233,FALSE,FALSE,2440.84153701687,1.04871938600581,0.236396907301288,0.162569969316419,"medium",6.57069185906688,7.22688149905885,0.131413837181338,0.144537629981177,10.2801130127835,0.20560226025567
"5f6927e1-c580-483a-8e2a-6e2deb74800e","Mox Jet",0.206831176932328,0.186135057998714,1.11118872047068,0.266487125347002,1.22977493987682,0.853855300635059,1.77119753384938,2445.63202677873,TRUE,FALSE,0.0473609154539987,0.0515613209834446,0.284973455308633,0.189612736572888,1.50292359289424,0.132858748300697,1.32972673046733,0.916981933766243,1.9282530141647,2440.4361124268,TRUE,FALSE,0.0645361282427057,0.071090879642819,138,0.668859655482709,FALSE,FALSE,0.717442959867233,FALSE,FALSE,2440.4361124268,5.19591435192933,0.0999517905905087,0.0781025398409443,"medium",6.45361282427057,7.1090879642819,0.129072256485411,0.142181759285638,4.73609154539987,0.0947218309079973
"4ced112a-e775-4f97-97b3-74877e9dce12","Dragon's Rage Channeler",0.377455166427179,0.208355461181991,1.81159238296848,0.0700492027602446,1.45856804951155,0.969551643547637,2.19423149784119,2443.55744202787,TRUE,FALSE,0.0858710862288133,0.0934376733926927,0.278406736993667,0.213235108951579,1.30563272794297,0.19167748504267,1.32102339703724,0.869763384162712,2.00641099326084,2440.98850008623,TRUE,FALSE,0.0630727620053911,0.069466081945212,109,0.50201928644842,FALSE,FALSE,0.717442959867233,FALSE,FALSE,2440.98850008623,2.56894194164352,0.137544652474303,0.0989675318256446,"medium",6.30727620053911,6.9466081945212,0.126145524010782,0.138932163890424,8.58710862288133,0.171742172457627
"ea1feac0-d3a7-45eb-9719-1cdaf51ea0b6","Mox Sapphire",0.200195787866962,0.178761133985721,1.11990667883632,0.262753531885176,1.22164191741237,0.860556475250992,1.73423710970705,2445.60956949598,TRUE,FALSE,0.0458930095481824,0.0499192796260087,0.270409029814832,0.181985257000327,1.48588426486848,0.137309736328644,1.31050037484697,0.91733543833248,1.87217364631189,2440.47998519324,TRUE,FALSE,0.0613434370997913,0.0674140013680854,150,0.668859655482709,FALSE,FALSE,0.717442959867233,FALSE,FALSE,2440.47998519324,5.12958430273784,0.0888584574345983,0.0701844108099575,"medium",6.13434370997913,6.74140013680854,0.122686874199583,0.134828002736171,4.58930095481824,0.0917860190963648
"24c0d87b-0049-4beb-b9cb-6f813b7aa7dc","Fable of the Mirror-Breaker // Reflection of Kiki-Jiki",0.388153630580461,0.186508715073871,2.08115545928631,0.0374196789337909,1.4742562577357,1.02285378494379,2.12487018718153,2442.48462119437,TRUE,FALSE,0.0883503215271429,0.0960810571254438,0.2694988008456,0.191802344638438,1.40508606061947,0.159995688631235,1.30930806216268,0.899034567092981,1.90680944247487,2440.71693895705,TRUE,FALSE,0.061121854133999,0.0672433009836197,139,0.371318352496848,TRUE,FALSE,0.717442959867233,FALSE,FALSE,2440.71693895705,1.7676822373196,0.164948195573012,0.118515813982724,"medium",6.1121854133999,6.72433009836197,0.122243708267998,0.134486601967239,8.83503215271429,0.176700643054286
"5427d8a6-ac9e-4e50-bd39-81713b2ade25","Fatal Push",0.236470164479464,0.181784270443396,1.30082852549718,0.193317155580702,1.26676976032112,0.887073882267414,1.80898756883958,2445.16628959884,TRUE,FALSE,0.0541660031872967,0.0589021769622269,0.267421197939006,0.183867122025991,1.45442640855174,0.145828122686395,1.30659066374199,0.911231442060879,1.87348579491146,2440.57298331398,TRUE,FALSE,0.0606809953837723,0.0667025194405267,147,0.608241782192939,FALSE,FALSE,0.717442959867233,FALSE,FALSE,2440.57298331398,4.59330628485168,0.0398209034208759,0.0309485628585227,"medium",6.06809953837723,6.67025194405267,0.121361990767545,0.133405038881053,5.41660031872967,0.108332006374593
"773199f9-c83b-4a77-8342-9f1552ecf595","Intrepid Adversary",0.40044815105385,0.203744521726051,1.96544254373759,0.0493630395358021,1.49249341028262,1.00110950351493,2.2250678591264,2443.00236479441,TRUE,FALSE,0.0908028306742714,0.0990181612470963,0.267322451489058,0.214837992758589,1.24429784535106,0.213389963761973,1.3064616489224,0.857477778710735,1.99053792702518,2441.15724938623,TRUE,FALSE,0.0605048691913967,0.0667131129524771,112,0.442803913104029,TRUE,FALSE,0.717442959867233,FALSE,FALSE,2441.15724938623,1.84511540817721,0.186031761360227,0.132929437897488,"medium",6.05048691913967,6.67131129524771,0.121009738382793,0.133426225904954,9.08028306742714,0.181605661348543
"4cbdacc1-7a1b-4633-85f5-eb50c2bf406d","Snapcaster Mage",0.116970773400359,0.204538952577601,0.571875292829523,0.567406463595275,1.12408657598212,0.7528226724636,1.67844391052702,2446.54465433318,TRUE,FALSE,0.0268184922689205,0.0292149509858491,0.266326381575546,0.211228734733867,1.26084352070327,0.207365230307595,1.30516096967202,0.862705464701401,1.97453850294643,2441.1120054587,TRUE,FALSE,0.0603035290864159,0.0664377078459772,112,0.866218151524148,FALSE,FALSE,0.717442959867233,FALSE,FALSE,2441.1120054587,5.43264887448049,0.1810743936899,0.14907858527126,"medium",6.03035290864159,6.64377078459772,0.120607058172832,0.132875415691954,2.68184922689205,0.053636984537841
"95c14c4d-6c16-4826-8d93-d89ad04aee09","Etali, Primal Conqueror // Etali, Primal Sickness",0.116334624265761,0.20197934857189,0.575972865980179,0.564633522185108,1.12337171668227,0.75612777772096,1.6689824802434,2446.53933708673,TRUE,FALSE,0.0266853103497205,0.0290565418838739,0.263279252266583,0.215720663930844,1.22046375840465,0.222289120161161,1.30119002848657,0.852541620736542,1.98593880820757,2441.2087300309,TRUE,FALSE,0.0596798097551467,0.0656101376370277,113,0.866218151524148,FALSE,FALSE,0.717442959867233,FALSE,FALSE,2441.2087300309,5.33060705583239,0.177818311804302,0.146680786462643,"medium",5.96798097551467,6.56101376370277,0.119359619510293,0.131220275274055,2.66853103497205,0.0533706206994411
"09fd2d9c-1793-4beb-a3fb-7a869f660cd4","Bonecrusher Giant // Stomp",0.448831267563837,0.189228596389546,2.37189978749234,0.0176968898152072,1.56648031885845,1.08106127279835,2.26986263509282,2441.1822777905,TRUE,FALSE,0.101694940883646,0.110723959633795,0.259421422162166,0.201494212659236,1.28748820493865,0.1979241781475,1.29617992869372,0.873272845082292,1.92389173327626,2441.03775627303,TRUE,FALSE,0.0588194897339449,0.0647313919227649,138,0.294895476283841,TRUE,FALSE,0.717442959867233,FALSE,FALSE,2441.03775627303,0.144521517468547,0.270300390164728,0.188845595907414,"medium",5.88194897339449,6.47313919227649,0.11763897946789,0.12946278384553,10.1694940883646,0.203389881767292
"18a3cca1-e50e-49b6-9e1a-f86640e3b177","Snuff Out",0.223890911933033,0.184526746283468,1.21332498644448,0.225005593517079,1.25093454995295,0.871289038210835,1.79600245112612,2445.39232137956,TRUE,FALSE,0.0512475277549192,0.0557879324649534,0.256713317124852,0.186718356806454,1.37486919612811,0.169172000758582,1.29267448599544,0.896502083218432,1.86391906725377,2440.80494618143,TRUE,FALSE,0.0582013564403034,0.0640310967913902,138,0.636674121410827,FALSE,FALSE,0.717442959867233,FALSE,FALSE,2440.80494618143,4.58737519812757,0.0417399360424906,0.0328194588496796,"medium",5.82013564403034,6.40310967913902,0.116402712880607,0.12806219358278,5.12475277549192,0.102495055509838
"b34bf7fd-9fe3-43e2-8cfe-7ce7cff08afe","Stonecoil Serpent",0.170712392151355,0.212876588301018,0.801931266908316,0.42259271838899,1.18614955403748,0.781511260090955,1.80029493673522,2446.2314484897,TRUE,FALSE,0.0390532227894279,0.0425907931739285,0.255198938188533,0.217956293968271,1.1708720750486,0.241650201245786,1.29071836850773,0.841983047974597,1.9786074206728,2441.34278299241,TRUE,FALSE,0.0577053413879615,0.063675137331362,100,0.807621639587847,FALSE,FALSE,0.717442959867233,FALSE,FALSE,2441.34278299241,4.88866549729573,0.104568814470247,0.0844363266352878,"medium",5.77053413879615,6.3675137331362,0.115410682775923,0.127350274662724,3.90532227894279,0.0781064455788558
"cf3eb762-6c3f-4b11-a4f9-968f79370217","Mystic Confluence",0.131086594906299,0.204330007335107,0.641543533502221,0.52116960628492,1.14006650098945,0.763837491829428,1.70160752854033,2446.45874130114,TRUE,FALSE,0.0300701044782326,0.0327327245363957,0.247654445502968,0.208494775663731,1.18782086848255,0.234903990861397,1.2810171944511,0.851296059591855,1.9276549374211,2441.28458544415,TRUE,FALSE,0.0561883905814539,0.0617676809910009,114,0.85814456534642,FALSE,FALSE,0.717442959867233,FALSE,FALSE,2441.28458544415,5.17415585699155,0.140950693461654,0.116436035422564,"medium",5.61883905814539,6.17676809910009,0.112376781162908,0.123535361982002,3.00701044782326,0.0601402089564653
"641b21e1-9188-4bc3-96e8-cda2acbc5ed5","Time Spiral",0.0922347341547868,0.197353032729968,0.467359091871616,0.640242985357066,1.09662220655795,0.744846434531196,1.61453449753428,2446.653425014,TRUE,FALSE,0.0211563221121055,0.0230452801075047,0.247617644597118,0.207026932461772,1.1960648870786,0.231671238671637,1.28097005272537,0.853717323403166,1.92204636241677,2441.27091726312,TRUE,FALSE,0.05611940916489,0.0617187058152149,119,0.897732012076756,FALSE,FALSE,0.717442959867233,FALSE,FALSE,2441.27091726312,5.38250775087818,0.184347846167421,0.15507103494944,"medium",5.611940916489,6.17187058152149,0.11223881832978,0.12343741163043,2.11563221121055,0.042312644224211
"8c2996d9-3287-4480-8c04-7a378e37e3cf","Flooded Strand",0.149874911263683,0.185114239453775,0.80963469750315,0.418150159954821,1.16168891944039,0.808197355793794,1.66979158726041,2446.2129676592,TRUE,FALSE,0.0343879632014783,0.0374132629460889,0.244135813702499,0.190553683379542,1.28119178476458,0.20012631096813,1.27651768731049,0.878666900661295,1.8545109697317,2441.05227994282,TRUE,FALSE,0.0554345922290331,0.0608903493927703,140,0.805095084092118,FALSE,FALSE,0.717442959867233,FALSE,FALSE,2441.05227994282,5.16068771638265,0.114828767870099,0.0941911711273045,"medium",5.54345922290331,6.08903493927703,0.110869184458066,0.121780698785541,3.43879632014783,0.0687759264029567
"9d3a7998-ccac-45ad-a4e9-3a2cb057f63b","Elite Spellbinder",0.344801947143185,0.178600141957698,1.93058047638536,0.0535349541929171,1.41171029872105,0.994759448758519,2.00342501898554,2443.10610854554,TRUE,FALSE,0.0786370066138462,0.0855424405243095,0.24179028015584,0.186378611834797,1.29730701272826,0.194525572448772,1.2735270809069,0.883811213058382,1.83508785794971,2441.01397510478,TRUE,FALSE,0.0548827936709735,0.0603439390360629,150,0.460400606059087,FALSE,FALSE,0.717442959867233,FALSE,FALSE,2441.01397510478,2.09213344076215,0.138183217814154,0.102920672013958,"medium",5.48827936709735,6.03439390360629,0.109765587341947,0.120687878072126,7.86370066138462,0.157274013227692
"8870ef0b-cb1f-463b-8509-fece4743d3d4","Ramunap Excavator",0.251990682590925,0.202215588346563,1.24614865081052,0.212709826615399,1.28658404959909,0.865583121242926,1.91235073334828,2445.31518967333,TRUE,FALSE,0.0575706061324038,0.0627230176867928,0.239253946489589,0.209882956578002,1.13993985214646,0.25431136051761,1.27030108412823,0.841880963370461,1.91673753718942,2441.40499588189,TRUE,FALSE,0.0542200101386004,0.0596866709436941,114,0.636674121410827,FALSE,FALSE,0.717442959867233,FALSE,FALSE,2441.40499588189,3.91019379143972,0.0162829654708638,0.0127365639199655,"medium",5.42200101386004,5.96866709436941,0.108440020277201,0.119373341887388,5.75706061324038,0.115141212264808
"bb41ff5c-9617-4033-a4fa-99323640b9c3","Duress",0.126583958804617,0.183917695478055,0.688264163356272,0.491286444767378,1.13494473577935,0.791445131424561,1.6275285577343,2446.39683569988,TRUE,FALSE,0.0290418355830714,0.0316125958444612,0.23809645420973,0.190220905048849,1.25168395213232,0.210685049957665,1.26883157106934,0.873946148960944,1.8421427426122,2441.12968259855,TRUE,FALSE,0.0540434297070571,0.0593424602868672,144,0.850683911073715,FALSE,FALSE,0.717442959867233,FALSE,FALSE,2441.12968259855,5.26715310133159,0.133886835289989,0.111397083754031,"medium",5.40434297070571,5.93424602868672,0.108086859414114,0.118684920573734,2.90418355830714,0.0580836711661428
"07313dd3-d0dc-40ca-98a3-fa4d39e5bcae","Oust",0.317159694994585,0.194161341316397,1.63348529034807,0.102366971935824,1.37322185107217,0.938571224500907,2.00915839207071,2444.20046214071,TRUE,FALSE,0.0722108371147223,0.0787545410888334,0.235981411988805,0.198727524989812,1.18746213943389,0.235045381966139,1.26615077472337,0.857679719060894,1.86915668950167,2441.29480342924,TRUE,FALSE,0.0534548389398477,0.0588922707571359,128,0.576298635879809,FALSE,FALSE,0.717442959867233,FALSE,FALSE,2441.29480342924,2.90565871147373,0.107071076348805,0.0811337325411056,"medium",5.34548389398477,5.88922707571359,0.106909677879695,0.117784541514272,7.22108371147223,0.144421674229445
"0c9a7cb0-5bff-48ff-b620-2838816ac9b5","Counterspell",0.0995381247055834,0.186051844938055,0.535002083632787,0.592648416470313,1.10466058479672,0.767111212509467,1.59074067449949,2446.58547326572,TRUE,FALSE,0.0228311583353659,0.02486814981484,0.235873720450652,0.199652951290319,1.18141865134597,0.237436452239045,1.26601442834071,0.856033246625916,1.87234846203032,2441.30769383074,TRUE,FALSE,0.0534866038458352,0.0588532208158855,136,0.877101460267703,FALSE,FALSE,0.717442959867233,FALSE,FALSE,2441.30769383074,5.27777943497722,0.161353843543991,0.136124810570682,"medium",5.34866038458352,5.88532208158855,0.10697320769167,0.117706441631771,2.28311583353659,0.0456623166707317
"4e117771-5a8b-4812-b487-32ba34b7f724","Giver of Runes",0.414175403621392,0.175517908571278,2.35973301523926,0.0182880915524862,1.51312251077707,1.07268012112281,2.13441051767023,2441.25390029477,TRUE,FALSE,0.0940013221240463,0.102420800160628,0.233059206641844,0.190540308377938,1.22314909966226,0.221273386532666,1.26245622290801,0.86901073737631,1.83403454780215,2441.20784279511,TRUE,FALSE,0.0528789236366679,0.0581632775211064,158,0.294895476283841,TRUE,FALSE,0.717442959867233,FALSE,FALSE,2441.20784279511,0.0460574996523064,0.250666287869052,0.180622718301525,"medium",5.28789236366679,5.81632775211065,0.105757847273336,0.116326555042213,9.40013221240463,0.188002644248093
"7d48d622-f397-4f31-b1a5-0c23f60aa71c","Mana Tithe",0.31885210666081,0.196989526074375,1.61862467012802,0.10552804374938,1.37554787549348,0.934963895904413,2.02374868811841,2444.23640934472,TRUE,FALSE,0.0726972619107068,0.0791650673482271,0.225996977963056,0.200423597553394,1.12759665389625,0.259490300485181,1.25357187693194,0.846340707217251,1.85674922313678,2441.42858229936,TRUE,FALSE,0.0512643782967475,0.0563928032972077,124,0.5792816018583,FALSE,FALSE,0.719662428753327,FALSE,FALSE,2441.42858229936,2.80782704535932,0.121975998561543,0.0927884691817614,"medium",5.12643782967475,5.63928032972077,0.102528756593495,0.112785606594415,7.26972619107068,0.145394523821414
"6fd672bb-18cf-44e3-8dda-5310b1e0fffe","Godless Shrine",0.179966538963809,0.199273814962482,0.903111826296352,0.366466548005798,1.19717730365851,0.810089828272496,1.76922786384248,2446.05730994023,TRUE,FALSE,0.0411780972558652,0.0448919245797611,0.223037665225644,0.20697103579916,1.07762742919291,0.281200056327825,1.24986764939646,0.833080031715865,1.87517295041905,2441.54606831723,TRUE,FALSE,0.0505295128688481,0.0556595916259803,116,0.768685929963381,FALSE,FALSE,0.72549614532579,FALSE,FALSE,2441.54606831723,4.51124162299584,0.0526903457379471,0.0430644689809778,"medium",5.05295128688481,5.56595916259803,0.101059025737696,0.111319183251961,4.11780972558652,0.0823561945117305
"7c024bae-5631-4e20-ac69-df392ac9e109","Orcish Bowmasters",0.133933264555223,0.188433760280521,0.710771065417563,0.477226113561579,1.14331651736234,0.790257129898269,1.65411055391783,2446.36493853315,TRUE,FALSE,0.0307252353794215,0.0334432822483664,0.220891909112999,0.191942778395818,1.15082167174575,0.249805607127381,1.24718861355445,0.856144647370658,1.81684186493133,2441.37393394354,TRUE,FALSE,0.0501623098710857,0.0550680626558281,135,0.846046347352677,FALSE,FALSE,0.717442959867233,FALSE,FALSE,2441.37393394354,4.99100458960675,0.103872096192119,0.0869038889301886,"medium",5.01623098710857,5.50680626558281,0.100324619742171,0.110136125311656,3.07252353794215,0.061450470758843
"a3bb2881-e8fb-4fba-a9f9-d93e6ca24378","Laelia, the Blade Reforged",0.397210248813398,0.178494619091033,2.22533458339615,0.02605878546464,1.48766867774696,1.04850023490087,2.11078454833027,2441.84896212842,TRUE,FALSE,0.0904428544371607,0.0983017520477296,0.220358565418506,0.193926945081439,1.13629679117549,0.25583237328599,1.24652361072487,0.852366869404302,1.8229487417554,2441.40827078821,TRUE,FALSE,0.050078008588553,0.0549848280549515,154,0.352514516000903,TRUE,FALSE,0.717442959867233,FALSE,FALSE,2441.40827078821,0.440691340217199,0.241145067022097,0.176392178442486,"medium",5.0078008588553,5.49848280549515,0.100156017177106,0.109969656109903,9.04428544371607,0.180885708874321
"68924203-c3d9-41ce-8ca8-c6dd491eb3ca","Psychic Frog",0.0778464103072066,0.177985482254131,0.437375056219787,0.661839370873868,1.08095662212414,0.762612580447367,1.53218980236149,2446.68067280269,TRUE,FALSE,0.0178591189422277,0.0194539465055268,0.217140575554986,0.186860053994675,1.16204919624594,0.24521548206311,1.24251875762526,0.861478542662367,1.79209671117218,2441.35209863786,TRUE,FALSE,0.0492598569326808,0.0541116398991481,151,0.89910899614157,FALSE,FALSE,0.717442959867233,FALSE,FALSE,2441.35209863786,5.32857416483421,0.161562135501121,0.139069375909243,"medium",4.92598569326808,5.41116398991481,0.0985197138653615,0.108223279798296,1.78591189422277,0.0357182378844555
"a9738cda-adb1-47fb-9f4c-ecd930228c4d","Ragavan, Nimble Pilferer",0.362758699556575,0.184900436801796,1.96191369707489,0.0497725328682823,1.43728899892135,1.00035390603502,2.06506882610004,2442.98836570443,TRUE,FALSE,0.0825946430905287,0.0899094960973428,0.217118879773203,0.197494682673261,1.09936569853077,0.271608586223898,1.24249180050187,0.843689537800282,1.82980326903119,2441.49188819581,TRUE,FALSE,0.0492915391150642,0.0541745505821483,138,0.442803913104029,TRUE,FALSE,0.719662428753327,FALSE,FALSE,2441.49188819581,1.49647750861868,0.194797198419483,0.145382934650035,"medium",4.92915391150642,5.41745505821483,0.0985830782301284,0.108349101164297,8.25946430905287,0.165189286181057
"310a1c46-8331-4a09-9fcb-d942f8102364","Thoughtseize",0.147518479903071,0.180251070158328,0.818405570482855,0.413125642001252,1.15895470200241,0.814017334617662,1.65005822870392,2446.19797746587,TRUE,FALSE,0.0338704444364704,0.0368277443810978,0.214411976707427,0.182389299756108,1.17557322164261,0.239765461514355,1.23913304360345,0.866692487500614,1.77162110194114,2441.31276453405,TRUE,FALSE,0.0487645898133296,0.0534715104944791,154,0.805095084092118,FALSE,FALSE,0.717442959867233,FALSE,FALSE,2441.31276453405,4.88521293181657,0.0801783416010367,0.0668685637111915,"medium",4.87645898133296,5.34715104944791,0.0975291796266593,0.106943020988958,3.38704444364704,0.0677408888729407
"045ce37b-86d2-4e56-84af-b6625b53d13c","Path to Exile",0.266007430546899,0.179209223178244,1.48434006815778,0.137718725557075,1.30474475361799,0.918289437296817,1.85383693087545,2444.67309322999,TRUE,FALSE,0.0606257947051967,0.0661985749205973,0.206910050925455,0.186772434810786,1.10781899446281,0.267939995171226,1.22987194096236,0.852856546153393,1.77355148176874,2441.48032438372,TRUE,FALSE,0.0468717248289407,0.0516292271784275,151,0.582482478585661,FALSE,FALSE,0.719662428753327,FALSE,FALSE,2441.48032438372,3.19276884627197,0.0748728126556319,0.0590801858251221,"medium",4.68717248289407,5.16292271784275,0.0937434496578814,0.103258454356855,6.06257947051967,0.121251589410393
"612b2e6e-fe8d-49ad-b845-6fa7fa59ffd1","Concealing Curtains // Revealing Eye",0.140561939735875,0.186345490973385,0.754308242188436,0.450664154318001,1.15092036506055,0.79877560092161,1.65831015016331,2446.30078417134,TRUE,FALSE,0.0322433417499823,0.0350944688859106,0.2044214355848,0.188604316367126,1.08386403621264,0.278425087433399,1.2268150680511,0.84768767018552,1.77550678644157,2441.52491141424,TRUE,FALSE,0.0464371717396407,0.0509789348510099,137,0.830509655814602,FALSE,FALSE,0.72549614532579,FALSE,FALSE,2441.52491141424,4.7758727570972,0.0758947029905548,0.0638378029226189,"medium",4.64371717396407,5.09789348510099,0.0928743434792814,0.10195786970202,3.22433417499823,0.0644866834999647
"ed0216a0-c5c9-4a99-b869-53e4d0256326","Mox Pearl",0.291291816224868,0.178289371425147,1.63381481406571,0.102297740797276,1.33815502232604,0.943503361135211,1.89788286670427,2444.199437281,TRUE,FALSE,0.0663827408607013,0.0724254780724373,0.204118559126526,0.183716537639473,1.11105163285349,0.266546125196146,1.22644355091307,0.855588404240478,1.75804601385586,2441.4712095053,TRUE,FALSE,0.0462798662561952,0.0509265899560399,154,0.576298635879809,FALSE,FALSE,0.719662428753327,FALSE,FALSE,2441.4712095053,2.72822777570082,0.111711471412968,0.0871180952673428,"medium",4.62798662561952,5.09265899560399,0.0925597325123904,0.10185317991208,6.63827408607013,0.132765481721403
"c86b8a75-9e31-4a44-95b8-c83b9a49646f","Ocelot Pride",0.273364973863684,0.164843334964511,1.65833197879997,0.0972504777656723,1.31437987159388,0.951488229617388,1.81567610935749,2444.10924503839,TRUE,FALSE,0.0624475499451392,0.0680275977202546,0.201976988537649,0.169525687375738,1.19142409427301,0.233487138810706,1.22381984590302,0.877837871750425,1.70616359059514,2441.28273146611,TRUE,FALSE,0.0458572282244254,0.0503912438460163,174,0.576298635879809,FALSE,FALSE,0.717442959867233,FALSE,FALSE,2441.28273146611,2.82651357228315,0.0905600256908576,0.0713576832166423,"medium",4.58572282244254,5.03912438460163,0.0917144564488507,0.100782487692033,6.24475499451392,0.124895099890278
"073bfdca-d7b8-4f4b-93f3-6e7c44bc0b0a","Sol Ring",0.155915768478814,0.174997794810035,0.890958475494307,0.372951447582655,1.16872775522705,0.829377458724656,1.64692752554241,2446.07498890413,TRUE,FALSE,0.0357567779420843,0.0389182609727375,0.184383905078841,0.177945819010088,1.03618003561179,0.300118158873064,1.20247737166539,0.848411161717722,1.70430552379789,2441.62788400011,TRUE,FALSE,0.0418994413780872,0.0459580762324837,153,0.775979624809073,FALSE,FALSE,0.74452389412741,FALSE,FALSE,2441.62788400011,4.44710490401394,0.0337496164383404,0.0284662141251109,"medium",4.18994413780872,4.59580762324837,0.0837988827561744,0.0919161524649673,3.57567779420843,0.0715135558841687
"f3537373-ef54-4578-9d05-6216420ee349","Esper Sentinel",0.255193243072392,0.186090527694301,1.37133924135897,0.170269228284161,1.29071101773764,0.89624255744531,1.85879918050087,2444.98319738334,TRUE,FALSE,0.058327004465366,0.0635237796319449,0.184317458693792,0.191856804092535,0.960703268073269,0.3367013875555,1.20239747404542,0.825536436966135,1.7512972424379,2441.78107232109,TRUE,FALSE,0.0418557719189117,0.0459842191982407,134,0.6046697045766,FALSE,FALSE,0.796962917333201,FALSE,FALSE,2441.78107232109,3.20212506224652,0.0883135436922242,0.070846129627566,"medium",4.18557719189117,4.59842191982407,0.0837115438378234,0.0919684383964814,5.8327004465366,0.116654008930732
"d67be074-cdd4-41d9-ac89-0a0456c4e4b2","Sheoldred, the Apocalypse",0.100373167592401,0.192753980615445,0.520732009123336,0.602553472832016,1.10558340900567,0.757732669417838,1.61312125450221,2446.60060623617,TRUE,FALSE,0.0230214257712299,0.0250762026224188,0.183633396386629,0.196275074715339,0.935592034051982,0.34948327755635,1.20157524051674,0.817858655534051,1.76532099874898,2441.82946724657,TRUE,FALSE,0.0416944036956935,0.045783797931174,128,0.878298282433108,FALSE,FALSE,0.813137420630296,FALSE,FALSE,2441.82946724657,4.77113898959942,0.0959918315110677,0.0832121636116685,"medium",4.16944036956935,4.5783797931174,0.0833888073913871,0.0915675958623481,2.30214257712299,0.0460428515424598
"4acaef84-55d1-43dc-b10a-696182e6709b","Repeal",0.100642535578648,0.199789183105827,0.503743666269149,0.614441518989677,1.10588125789586,0.747557343229753,1.63595925803042,2446.61839259297,TRUE,FALSE,0.0230736699110624,0.0251431246191637,0.182459751927278,0.204453920976604,0.892424811692204,0.37216527697921,1.20016584561925,0.803908410816684,1.79174398178978,2441.91030713341,TRUE,FALSE,0.0413987621027894,0.0454991094532853,115,0.88069951055187,FALSE,FALSE,0.831159369483077,FALSE,FALSE,2441.91030713341,4.70808545955788,0.0942845877233902,0.0817716061217239,"medium",4.13987621027894,4.54991094532853,0.0827975242055788,0.0909982189065707,2.30736699110624,0.0461473398221249
"72c6d541-e2cb-4d6e-acac-90a8f53b7006","Elegant Parlor",0.294572185644558,0.201040133331035,1.46524069977367,0.14285525904642,1.34255187284426,0.905320299603338,1.99094788006783,2444.70331377286,TRUE,FALSE,0.0673197064747808,0.0732071550958945,0.181915804704077,0.206010362581737,0.883042010238198,0.377213573917058,1.19951319625964,0.801023890948361,1.79624094145,2441.92212814392,TRUE,FALSE,0.0413444878944332,0.0453726343897128,120,0.594462206999617,FALSE,FALSE,0.831159369483077,FALSE,FALSE,2441.92212814392,2.78118562894178,0.143038676584622,0.11253738413159,"medium",4.13444878944332,4.53726343897128,0.0826889757888665,0.0907452687794256,6.73197064747808,0.134639412949562
"2dc16614-5cf8-444d-a5ae-cac25018af68","Burst Lightning",0.2702450346299,0.186491608933305,1.44910023660393,0.147309591971681,1.31028547671725,0.9091196922056,1.888473041796,2444.75776471965,TRUE,FALSE,0.0617763823010693,0.0672353273633092,0.176423942977331,0.190579150297969,0.925725309938125,0.354588751147757,1.19294369156373,0.821099328882981,1.73318209037838,2441.84639953758,TRUE,FALSE,0.040089080549147,0.0439990449199569,134,0.603267852836409,FALSE,FALSE,0.813137420630296,FALSE,FALSE,2441.84639953758,2.91136518206804,0.117341785153524,0.0937523313010176,"medium",4.0089080549147,4.39990449199569,0.080178161098294,0.0879980898399138,6.17763823010693,0.123552764602139
"94c6fdd8-21e7-48ae-aa05-a3666b928c1a","Timetwister",0.040588229496073,0.190137960982965,0.213467259700494,0.830962523547558,1.04142318989243,0.71742836645164,1.51173596021845,2446.82660088233,TRUE,FALSE,0.00931091171230723,0.0101459332871289,0.174800253977025,0.196056743147699,0.8915799128895,0.372618140768413,1.19100829368108,0.811013188811663,1.74904770376862,2441.91208354569,TRUE,FALSE,0.0396593411442772,0.0435627712813452,130,0.960229948494761,FALSE,FALSE,0.831159369483077,FALSE,FALSE,2441.91208354569,4.91451733664053,0.149585103788647,0.134010924760121,"medium",3.96593411442772,4.35627712813452,0.0793186822885544,0.0871255425626903,0.931091171230722,0.0186218234246145
"377cee38-e769-47b0-abd5-0f528600f36a","Badlands",0.165270122441046,0.178948170020516,0.923564194157994,0.355713263316225,1.17971174229132,0.830715176477663,1.6753272773962,2446.01656737049,TRUE,FALSE,0.0378768003275241,0.0412442232014869,0.169866399411989,0.182274357165792,0.931927025025702,0.351374240029172,1.18514650447311,0.829119204853928,1.69405343506942,2441.83536482012,TRUE,FALSE,0.0385931152866077,0.0423408575919651,147,0.75224608143923,FALSE,FALSE,0.813137420630296,FALSE,FALSE,2441.83536482012,4.18120255037184,0.00543476218178651,0.0045962688793058,"medium",3.85931152866077,4.23408575919651,0.0771862305732154,0.0846817151839302,3.78768003275241,0.0757536006550481
"7c884e1e-fecb-4330-b3de-5fc2a60f7173","Kolaghan's Command",0.162267620221449,0.191937096969643,0.845420832050588,0.397875917371757,1.17617496741083,0.807405636256429,1.71337366478887,2446.15519597669,TRUE,FALSE,0.0371863794736242,0.0404949773204644,0.167803310801735,0.196459381954215,0.854137425927775,0.393028849135409,1.18270396267469,0.804723066252609,1.73822364734766,2441.97469270594,TRUE,FALSE,0.0381229369379092,0.0418500889857129,126,0.80490428823366,FALSE,FALSE,0.831159369483077,FALSE,FALSE,2441.97469270594,4.18050327075025,0.00652899526385586,0.0055356764440803,"medium",3.81229369379092,4.18500889857128,0.0762458738758183,0.0837001779714257,3.71863794736242,0.0743727589472484
"504a69eb-3c2d-4bb1-b117-252b15acf0c2","Mana Confluence",0.0802086002495807,0.18355713542488,0.436968032127554,0.662134532042241,1.08351306519839,0.75611379988451,1.55267707405279,2446.68131489674,TRUE,FALSE,0.0183902772575601,0.0200436355435778,0.166391579785845,0.190105460416653,0.875259339848342,0.381432812311792,1.18103548080887,0.813658021200352,1.71428876823666,2441.94101124321,TRUE,FALSE,0.0377525530717659,0.0414791008543055,140,0.89910899614157,FALSE,FALSE,0.831159369483077,FALSE,FALSE,2441.94101124321,4.74030365353019,0.0975224156104733,0.0861296754113927,"medium",3.77525530717659,4.14791008543055,0.0755051061435318,0.082958201708611,1.83902772575601,0.0367805545151202
"1e3e8085-cfcd-4e88-b441-4d1f8ac63904","Forth Eorlingas!",0.267691382066442,0.171607223779683,1.5599074221381,0.11878176026891,1.3069437314949,0.933645207377069,1.82949786899506,2444.42327944815,TRUE,FALSE,0.0612061365382141,0.0666204653340123,0.164701334020179,0.178491174605892,0.922742171336145,0.356141583454355,1.1790409267065,0.830986800433787,1.67287555725705,2441.85207433338,TRUE,FALSE,0.0374378687285709,0.0410806835477338,164,0.580366501005905,FALSE,FALSE,0.813137420630296,FALSE,FALSE,2441.85207433338,2.57120511477524,0.127902804788395,0.102899110311431,"medium",3.74378687285709,4.10806835477338,0.0748757374571419,0.0821613670954676,6.1206136538214,0.122412273076428
"05cf51d8-9f91-42ff-99e9-4397f2251c20","Dark Confidant",0.0687891298278345,0.200514750590891,0.343062690525868,0.731551298379488,1.07121029903015,0.723091302946023,1.58692477709681,2446.75445636274,TRUE,FALSE,0.0157777764879833,0.0171916794461515,0.162310533895361,0.213826514189299,0.759075807370026,0.447807210201522,1.17622544248287,0.773531076028003,1.78855941851513,2442.13013343846,TRUE,FALSE,0.0368508022734502,0.0404823772706935,116,0.922191576146019,FALSE,FALSE,0.883715901484703,FALSE,FALSE,2442.13013343846,4.62432292427684,0.105015143452723,0.0934533001437672,"medium",3.68508022734502,4.04823772706935,0.0737016045469005,0.080964754541387,1.57777764879833,0.0315555529759666
"4c732dc7-dd6b-4cc1-bbe0-ff3b1d2c7419","Animate Dead",-0.0188079217453876,0.183045994603055,-0.102749703899141,0.918161624364345,0.981367843563169,0.685519680173391,1.40489452343108,2446.86160586122,TRUE,FALSE,-0.00431503666159629,-0.00470187068771233,0.160695674540934,0.198827733125314,0.808215594550147,0.418966481967214,1.17432753666209,0.795323218831642,1.73394304442503,2442.05273265252,TRUE,FALSE,0.0364883304369795,0.0399995958893951,141,0.979568711107354,FALSE,FALSE,0.86474681878033,FALSE,FALSE,2442.05273265252,4.80887320870625,0.19295969309892,0.179023154077323,"medium",3.64883304369795,3.99995958893951,0.0729766608739589,0.0799991917787901,-0.431503666159629,-0.00863007332319257
"b045c28a-39f9-4cd9-8f3a-a626b697f409","Cathartic Pyre",0.221888429278522,0.200966911035978,1.10410429326248,0.269547899128884,1.24843208162567,0.841973518158991,1.85110651204341,2445.65187544196,TRUE,FALSE,0.0507311533115358,0.0552847903622504,0.154257672713482,0.205679823097014,0.749989329972935,0.453261131068552,1.16679149837853,0.779677598067128,1.74610942274527,2442.14371463343,TRUE,FALSE,0.0350325658411093,0.038441424465355,114,0.668859655482709,FALSE,FALSE,0.883715901484703,FALSE,FALSE,2442.14371463343,3.50816080852974,0.0816405832471456,0.067604990215443,"medium",3.50325658411093,3.8441424465355,0.0700651316822186,0.07688284893071,5.07311533115358,0.101462306623072
"e9be371c-c688-44ad-ab71-bd4c9f242d58","Force of Negation",0.00960142771525905,0.213988389764145,0.044868918943881,0.964211790973161,1.00964766929893,0.663772495003766,1.53574970911529,2446.87014937152,TRUE,FALSE,0.00220290840895569,0.00240034129677108,0.152790291962604,0.22179033625356,0.688895172546778,0.490889237556416,1.1650806265507,0.754334958864834,1.79948290929866,2442.23258179284,TRUE,FALSE,0.0346880678568915,0.0380720876624634,101,0.99345962933693,FALSE,FALSE,0.883715901484703,FALSE,FALSE,2442.23258179284,4.63756757868396,0.155432957251772,0.142944714103742,"medium",3.46880678568915,3.80720876624634,0.069376135713783,0.0761441753249268,0.220290840895569,0.00440581681791139
"52eef0d6-24b7-40b7-8403-e8e863d0cd55","Bristly Bill, Spine Sower",0.187198595178379,0.179588224609441,1.04237677935448,0.297237027880893,1.20586674059223,0.848068112513022,1.71462005776594,2445.78609927751,TRUE,FALSE,0.042819302352626,0.046693072948027,0.147157248165982,0.203710486390862,0.722384256074227,0.470058263776575,1.15853612638815,0.777155122906625,1.72707599369158,2442.18430761174,TRUE,FALSE,0.0334111216634654,0.0366891201108159,146,0.703551864158443,FALSE,FALSE,0.883715901484703,FALSE,FALSE,2442.18430761174,3.60179166577154,0.0473306142040777,0.0400359979807709,"medium",3.34111216634654,3.66891201108159,0.0668222433269308,0.0733782402216318,4.2819302352626,0.0856386047052519
"1c0f2873-5849-4cab-855a-2fbbc41dbb6c","Chaos Defiler",0.13738537197883,0.19915004996141,0.689858586555473,0.490283121414512,1.14727018912293,0.776507695500897,1.69506225691829,2446.39544448385,TRUE,FALSE,0.0314898749405474,0.0343019098303717,0.144751850665056,0.204565228523129,0.707607307997064,0.479189153316346,1.1557527354079,0.773990253971111,1.72581551065978,2442.20514360105,TRUE,FALSE,0.0328889956539453,0.0360727438009077,116,0.850683911073715,FALSE,FALSE,0.883715901484703,FALSE,FALSE,2442.20514360105,4.19030088280488,0.00848254628497025,0.00736644537457072,"medium",3.28889956539453,3.60727438009077,0.0657779913078907,0.0721454876018155,3.14898749405474,0.0629797498810948
"17f28b16-da65-41a8-ba4f-f1c5e104aad6","Council's Judgment",0.272371219856413,0.199313227581887,1.36654863884791,0.171766825423007,1.31307435012045,0.888444848237187,1.9406542256002,2445.00030688879,TRUE,FALSE,0.0621744114884966,0.067748458058916,0.142880146187357,0.208532465106847,0.685169794133245,0.493236782224021,1.15359153103682,0.766559095785722,1.7360350008186,2442.23684555751,TRUE,FALSE,0.0324609704970482,0.0356251823116744,119,0.6046697045766,FALSE,FALSE,0.883715901484703,FALSE,FALSE,2442.23684555751,2.76346133128254,0.159482819083628,0.129310435030467,"medium",3.24609704970482,3.56251823116744,0.0649219409940965,0.0712503646233488,6.21744114884966,0.124348822976993
"78cef262-c753-4658-b3ec-fec8db47f944","Palace Jailer",0.226779936103361,0.178311901449753,1.27181603841102,0.203438489085403,1.25455375557222,0.884518906074798,1.77939116372857,2445.25489294685,TRUE,FALSE,0.0518006187875297,0.0565067288522554,0.134227823992918,0.184295323941221,0.728330058095928,0.466411566600551,1.14365334163775,0.796927945897538,1.64123114589251,2442.17611243424,TRUE,FALSE,0.0304833730002657,0.0334620447338045,152,0.624846787905165,FALSE,FALSE,0.883715901484703,FALSE,FALSE,2442.17611243424,3.07878051260832,0.110900413934473,0.0924861026918755,"medium",3.04833730002657,3.34620447338045,0.0609667460005315,0.0669240894676091,5.18006187875296,0.103601237575059
"e5145f31-a4ac-44ef-8f85-e4d95f2c9ff5","Library of Alexandria",0.041037358572774,0.169211379586202,0.242521269391745,0.808376278100368,1.04189102838023,0.747802072173828,1.45163667688645,2446.81332271657,TRUE,FALSE,0.00941604363391877,0.0102582512957645,0.132174483981227,0.178628147623909,0.739942084936762,0.459335136701716,1.14130744176113,0.804176356189899,1.61977241259719,2442.15853355744,TRUE,FALSE,0.0300410819616247,0.0329309565850566,170,0.960229948494761,FALSE,FALSE,0.883715901484703,FALSE,FALSE,2442.15853355744,4.65478915912809,0.099416413380899,0.0910740958649187,"medium",3.00410819616247,3.29309565850566,0.0600821639232494,0.0658619131701131,0.941604363391877,0.0188320872678375
"89af0f45-c11c-4f13-9950-b1489440ee5b","Chain Lightning",0.247642528427484,0.180760000470401,1.37000734555782,0.170684608670616,1.28100192856346,0.898842843380485,1.82564277289203,2444.99261107645,TRUE,FALSE,0.0565588805346273,0.0616635823388842,0.129229284617818,0.186963289242736,0.691201385797393,0.489438993131025,1.13795100891833,0.788818705348364,1.64160977664237,2442.22849632093,TRUE,FALSE,0.0293627669449977,0.0322047118812569,146,0.6046697045766,FALSE,FALSE,0.883715901484703,FALSE,FALSE,2442.22849632093,2.7641147555214,0.143050919645127,0.118275074664369,"medium",2.93627669449977,3.22047118812569,0.0587255338899954,0.0644094237625138,5.65588805346273,0.113117761069255
"4b4956a2-9a39-4152-9c98-70e4b2acfa26","Miscalculation",0.0301029617970819,0.169602535662627,0.177491224877455,0.859122557341165,1.03056063686632,0.73910298677538,1.43695160926347,2446.84064998155,TRUE,FALSE,0.00690728187500529,0.00752531026284708,0.122816394670933,0.176360190163207,0.696395227047986,0.486181351302379,1.13067680360165,0.800235213183705,1.59756783148378,2442.22151356456,TRUE,FALSE,0.0279185195191062,0.0305932774866418,170,0.960229948494761,FALSE,FALSE,0.883715901484703,FALSE,FALSE,2442.22151356456,4.61913641698675,0.10011616673533,0.092647077882985,"medium",2.79185195191062,3.05932774866418,0.0558370390382124,0.0611865549732835,0.690728187500529,0.0138145637500106
"89f5cc05-5d9d-4709-b3c5-a6249c294acc","Hexdrinker",0.18615474773892,0.169558413939462,1.09787974193591,0.272257004996192,1.20460865642094,0.864002390341952,1.67948842658867,2445.66482266039,TRUE,FALSE,0.0426143302911761,0.0464372905351484,0.122077884710977,0.181886010626011,0.671177977299147,0.502107156393089,1.12984209577866,0.791030545132645,1.61377227371094,2442.25560539558,TRUE,FALSE,0.0277470651567414,0.0304223511295264,166,0.668974355133502,FALSE,FALSE,0.887285248968608,FALSE,FALSE,2442.25560539558,3.40921726480656,0.0747665606422789,0.0640549478902747,"medium",2.77470651567414,3.04223511295264,0.0554941303134827,0.0608447022590528,4.26143302911761,0.0852286605823522
"45fd6e91-df76-497f-b642-33dc3d5f6a5a","Mox Ruby",0.17013655735328,0.176303391727413,0.965021464909375,0.334534060712944,1.18546672446592,0.839106125178527,1.67479572922552,2445.9380332829,TRUE,FALSE,0.0389870585522775,0.0424548462193208,0.12173541535675,0.179194420615736,0.679348246103035,0.496917233662794,1.12945522573509,0.79494237673421,1.60473154316042,2442.24436726081,TRUE,FALSE,0.0276791787936366,0.0303257522809786,154,0.731438878507963,FALSE,FALSE,0.884169974379317,FALSE,FALSE,2442.24436726081,3.6936660220872,0.0560114987308356,0.0483916952154451,"medium",2.76791787936366,3.03257522809786,0.0553583575872731,0.0606515045619571,3.89870585522775,0.0779741171045549
"bd3d4b4b-cf31-4f89-8140-9650edb03c7b","Ancient Tomb",0.190041627595921,0.204063122387072,0.931288443364328,0.351704378350721,1.20929993685861,0.810647399198467,1.80399806220585,2446.00024727308,TRUE,FALSE,0.04353603324044,0.0473919383735131,0.115528361069236,0.206212973717659,0.560238082922047,0.57531705416902,1.12246634844268,0.749275104317528,1.68153285238783,2442.39185330612,TRUE,FALSE,0.0262716169413829,0.0287829938874525,110,0.75224608143923,FALSE,FALSE,0.93830072985509,FALSE,FALSE,2442.39185330612,3.60839396696383,0.0868335884159346,0.0744788094444162,"medium",2.62716169413829,2.87829938874525,0.0525432338827657,0.0575659877749051,4.353603324044,0.08707206648088
"0ad38866-fc5f-4f62-89c1-afc0f50765aa","Novice Inspector",0.190491749978687,0.195252551807885,0.975617210709328,0.329254192456125,1.20984439235428,0.825139140625302,1.77391106741327,2445.91729601446,TRUE,FALSE,0.0436225821749155,0.0475057450687837,0.112018400837537,0.199411014370053,0.561746306699292,0.574288879449659,1.11853344240784,0.756670654194761,1.65344995851088,2442.39063911184,TRUE,FALSE,0.0254686867682071,0.0279091434756332,122,0.726047706441712,FALSE,FALSE,0.93830072985509,FALSE,FALSE,2442.39063911184,3.52665690262711,0.0913109499464431,0.0784331035824106,"medium",2.54686867682071,2.79091434756332,0.0509373735364142,0.0558182869512663,4.36225821749155,0.0872451643498311
"005dae9a-dddc-4a11-95bb-cce319edcce4","Skullclamp",0.162567622459456,0.192886665581598,0.842814208899699,0.399332360053909,1.1765278754673,0.806146136528862,1.71708053791812,2446.16049441663,TRUE,FALSE,0.0372421395159603,0.0405693784157579,0.11156665917616,0.196969452025014,0.566416050962011,0.571110985974312,1.11802826836493,0.759956969188995,1.64481314014007,2442.38559484367,TRUE,FALSE,0.0253629967734702,0.0277971886063457,126,0.80490428823366,FALSE,FALSE,0.93830072985509,FALSE,FALSE,2442.38559484367,3.77489957296166,0.0584996071023671,0.0509899112816344,"medium",2.53629967734702,2.77971886063457,0.0507259935469403,0.0555943772126914,3.72421395159603,0.0744842790319206
"9d48aaff-46ab-411b-9456-171d4709f951","Fear of Missing Out",0.190690672054749,0.187398343288968,1.01756861190979,0.308883010275339,1.21008508105087,0.838106514648402,1.74715967217627,2445.83381780401,TRUE,FALSE,0.0436639408693094,0.0475573538723877,0.111415382639383,0.195583661683983,0.56965587861528,0.568911120836639,1.11785914971264,0.7619086637985,1.64010351630119,2442.38175585749,TRUE,FALSE,0.0253314322577535,0.0277522512322732,133,0.71794429415349,FALSE,FALSE,0.93830072985509,FALSE,FALSE,2442.38175585749,3.45206194651155,0.0922259313382359,0.0792337978886959,"medium",2.53314322577535,2.77522512322732,0.0506628645155071,0.0555045024645463,4.36639408693094,0.0873278817386188
"006d2bf1-20f7-4b09-8d98-8233d91682bd","Flame Slash",0.237297966585455,0.191510599700245,1.2390852880043,0.215313914746674,1.2678188291473,0.87104398077693,1.84533114172575,2445.32826631292,TRUE,FALSE,0.0542940622990738,0.0591005309103761,0.110002822283712,0.199085389552465,0.552540909862817,0.58057781380281,1.11628122091673,0.755629168321571,1.64906784493139,2442.4005621519,TRUE,FALSE,0.0250181294515587,0.0274097031927797,130,0.636674121410827,FALSE,FALSE,0.93830072985509,FALSE,FALSE,2442.4005621519,2.92770416101621,0.151537608230568,0.127123530932771,"medium",2.50181294515587,2.74097031927797,0.0500362589031174,0.0548194063855594,5.42940622990738,0.108588124598148
"60d0e6a6-629a-45a7-bfcb-25ba7156788b","Elvish Mystic",0.203652328087463,0.193697656870077,1.05139283240821,0.293078206404804,1.22587187813813,0.838622109869419,1.79194161938313,2445.76435623821,TRUE,FALSE,0.0465998276010496,0.0507704599237835,0.109778161449715,0.221806712932197,0.494927137229035,0.620651554126817,1.1160304644153,0.72255409061309,1.72377959475146,2442.46151217371,TRUE,FALSE,0.0249568272171266,0.0273499110801019,126,0.700131270855921,FALSE,FALSE,0.93830072985509,FALSE,FALSE,2442.46151217371,3.30284406449346,0.109841413722826,0.0938052895946663,"medium",2.49568272171266,2.73499110801019,0.0499136544342532,0.0546998221602037,4.65998276010496,0.0931996552020993
"6920c895-bc98-4871-a53f-219fa27a74e5","Occult Epiphany",-0.0341476173692235,0.193753298021228,-0.17624276705464,0.860103223352435,0.966428832425533,0.661064356532538,1.41284986690612,2446.8410943746,TRUE,FALSE,-0.00783458486276978,-0.00853622895778805,0.107591488845912,0.200704325182764,0.536069607607798,0.591910444018015,1.11359273740054,0.751421157715606,1.65032455109624,2442.4194497776,TRUE,FALSE,0.0244467427585638,0.0267811269069175,124,0.960229948494761,FALSE,FALSE,0.93830072985509,FALSE,FALSE,2442.4194497776,4.42164459700507,0.147163904975004,0.141502287389558,"medium",2.44467427585638,2.67811269069175,0.0488934855171277,0.0535622538138349,-0.783458486276978,-0.0156691697255396
"53d4fd57-74b6-42c7-88b1-110e5a8dfc3c","Spell Pierce",-0.0187818092637389,0.198400496085642,-0.0946661406311782,0.9245800130207,0.981393469847556,0.665213803090947,1.44785501771638,2446.86320319608,TRUE,FALSE,-0.00430887710184224,-0.00469533881901579,0.105999506910165,0.207013724925228,0.51204096225239,0.608622341692408,1.1118213282786,0.741005379488918,1.66820201341558,2442.44416344748,TRUE,FALSE,0.0240992486005543,0.0263830228340509,116,0.979568711107354,FALSE,FALSE,0.93830072985509,FALSE,FALSE,2442.44416344748,4.41903974859679,0.130427858431044,0.124619660197131,"medium",2.40992486005543,2.63830228340509,0.0481984972011086,0.0527660456681018,-0.430887710184224,-0.00861775420368449
"866b7fd4-86e3-4b42-b1ea-33bad0db1f9f","Prismari Command",-0.023852047543687,0.209032807495994,-0.114106717645957,0.909153197097547,0.976430164312671,0.648199765376828,1.47086734168348,2446.85914566635,TRUE,FALSE,-0.00547204165234215,-0.00596277437563625,0.105731689965278,0.215690417903272,0.490201145665611,0.623991570200379,1.11152360355684,0.728315074970526,1.6963602206284,2442.46612092853,TRUE,FALSE,0.0240361104442363,0.0263212159448458,105,0.979568711107354,FALSE,FALSE,0.93830072985509,FALSE,FALSE,2442.46612092853,4.39302473782072,0.135093439244172,0.129402711231502,"medium",2.40361104442363,2.63212159448458,0.0480722208884725,0.0526424318896915,-0.547204165234215,-0.0109440833046843
"93f99e67-901f-4c8d-8a09-e443b7eb928f","Archangel Elspeth",0.227746626313008,0.189401311343826,1.20245538268514,0.229187142741438,1.25576710677808,0.866338175359985,1.82024880273864,2445.42702599384,TRUE,FALSE,0.0520243237726012,0.0567397578007751,0.103949672171443,0.198175668694225,0.524532970451747,0.599907894040828,1.10954461253935,0.752409437477111,1.63619591394684,2442.43155264214,TRUE,FALSE,0.0236219487660993,0.025897163859418,134,0.636674121410827,FALSE,FALSE,0.93830072985509,FALSE,FALSE,2442.43155264214,2.99547335169882,0.146222494238736,0.123639089972405,"medium",2.36219487660993,2.5897163859418,0.0472438975321987,0.051794327718836,5.20243237726012,0.104048647545202
"2b73d294-6ab1-4051-9b0f-d8e335d37674","Unholy Heat",0.249878540852982,0.184571806718717,1.35382832998862,0.175791153103877,1.28386946952668,0.894149581835103,1.8434508590831,2445.02558449789,TRUE,FALSE,0.0571886257653622,0.0622132874887362,0.103461297116159,0.194374931352194,0.532276957714747,0.594534188859543,1.10900287092517,0.757665284277486,1.6232594963,2442.42271277087,TRUE,FALSE,0.023538172748593,0.0257729959268095,141,0.6046697045766,FALSE,FALSE,0.93830072985509,FALSE,FALSE,2442.42271277087,2.60287172702465,0.174866598601509,0.146156228767715,"medium",2.3538172748593,2.57729959268095,0.047076345497186,0.0515459918536191,5.71886257653622,0.114377251530724
"c2089ec9-0665-448f-bfe9-d181de127814","Brazen Borrower // Petty Theft",0.00590177032125168,0.182531165058221,0.0323329460992003,0.974206535745129,1.00591922007898,0.703379071171486,1.43858911758494,2446.87111697892,TRUE,FALSE,0.00135414094285968,0.00147543919882009,0.10340380589366,0.196323163974924,0.526702014169187,0.59840053669036,1.10893911482709,0.754734237133869,1.62937614313549,2442.42880486322,TRUE,FALSE,0.0235144092681314,0.025750749935334,143,0.99345962933693,FALSE,FALSE,0.93830072985509,FALSE,FALSE,2442.42880486322,4.44231211570013,0.103019894748112,0.097424865815126,"medium",2.35144092681314,2.5750749935334,0.0470288185362628,0.051501499870668,0.135414094285968,0.00270828188571935
"17260fff-b239-4af4-9306-3236ae3fa5a5","Thundering Falls",0.0211568961478719,0.20300058067901,0.104220865167503,0.916994076130512,1.02138229001362,0.686105246834173,1.5204981847422,2446.8612990046,TRUE,FALSE,0.00485424518723495,0.00528906013781522,0.100606002033715,0.2094450210392,0.480345636933929,0.630981643077435,1.10584085687124,0.733515728019375,1.66715443720303,2442.47571074912,TRUE,FALSE,0.0228706945567811,0.025053529167071,114,0.979568711107354,FALSE,FALSE,0.93830072985509,FALSE,FALSE,2442.47571074912,4.38558825548353,0.0844585668576221,0.0794073409564999,"medium",2.28706945567811,2.5053529167071,0.0457413891135622,0.050107058334142,0.485424518723495,0.0097084903744699
"2bf2da97-3331-4614-b4ff-f03d061500a7","Fire Covenant",0.0873084013208215,0.192539615405392,0.453456817896897,0.65021983108427,1.09123316557886,0.748211755956164,1.59151445052812,2446.6662325753,TRUE,FALSE,0.0200292205616995,0.0218158603181108,0.0994916989207132,0.194791801191689,0.510759171135783,0.609519701828805,1.1046093012525,0.754047261868786,1.61815017455215,2442.44538677396,TRUE,FALSE,0.0226248642286842,0.0247730775362572,128,0.89910899614157,FALSE,FALSE,0.93830072985509,FALSE,FALSE,2442.44538677396,4.22084580133969,0.0133761356736466,0.0121831469021078,"medium",2.26248642286842,2.47730775362572,0.0452497284573683,0.0495461550725144,2.00292205616995,0.040058441123399
"43aa7e35-55ee-4e02-a8aa-ea2b267055d1","Woodfall Primus",0.0445853335612687,0.212279648505558,0.210031125805738,0.83364337992877,1.04559419718014,0.689710884265905,1.58510942790239,2446.82802004035,TRUE,FALSE,0.0102297411116881,0.0111447736453945,0.0968763846237896,0.219184627689845,0.441985305469841,0.658499839382686,1.10172417515468,0.716966984870562,1.69295962538553,2442.51107285123,TRUE,FALSE,0.0220284804581677,0.0241146607569899,106,0.960229948494761,FALSE,FALSE,0.93830072985509,FALSE,FALSE,2442.51107285123,4.31694718911785,0.0561299779745414,0.0522791391325081,"medium",2.20284804581677,2.41146607569899,0.0440569609163354,0.0482293215139797,1.02297411116881,0.0204594822233762
"825969b9-3c70-4fca-8cab-696e9ca7cdb2","Prismatic Ending",0.133135162676806,0.213126198562286,0.624677602166762,0.532182676183826,1.14240439833257,0.752320998423461,1.73474861404176,2446.47902639799,TRUE,FALSE,0.0305554654098877,0.0332425064675784,0.094138407131014,0.218920540300702,0.430011761352811,0.667187085684597,1.09871180494264,0.715376821629291,1.68745700702317,2442.5208751009,TRUE,FALSE,0.0214236758791206,0.0234481273566925,106,0.85814456534642,FALSE,FALSE,0.93830072985509,FALSE,FALSE,2442.5208751009,3.95815129708672,0.0436925933899361,0.0389918142808328,"medium",2.14236758791206,2.34481273566925,0.0428473517582411,0.0468962547133851,3.05554654098877,0.0611109308197755
"5b8ba842-c662-4686-bca3-93ddb7fa11a6","Mother of Runes",0.177841252201382,0.178704220863388,0.995170966539927,0.319653119942919,1.19463566039984,0.84162644038,1.69570998797827,2445.87751774194,TRUE,FALSE,0.04076181631225,0.0443691618768688,0.0913758303241413,0.185495965912882,0.492602789901403,0.622293276367934,1.09568071792594,0.761704752061776,1.57609130359914,2442.463580395,TRUE,FALSE,0.0207877131488992,0.0227580255794785,149,0.72342548197608,FALSE,FALSE,0.93830072985509,FALSE,FALSE,2442.463580395,3.41393734693929,0.0989549424739005,0.0864115922239848,"medium",2.07877131488992,2.27580255794785,0.0415754262977983,0.045516051158957,4.076181631225,0.0815236326244999
"29632951-3c3d-478c-8c5a-9a34f30a5c28","Dauthi Voidwalker",0.137191346594264,0.190425224987092,0.720447338862606,0.471249612252923,1.14704761117687,0.789747429304363,1.66599874021178,2446.35152214918,TRUE,FALSE,0.0314597766776438,0.0342545215342398,0.0891804945740934,0.191434919585355,0.465852806620948,0.641320863620974,1.09327796926026,0.751238615132554,1.59104802920567,2442.4891813498,TRUE,FALSE,0.0202855991679998,0.0222031142222657,131,0.845690117467612,FALSE,FALSE,0.93830072985509,FALSE,FALSE,2442.4891813498,3.86234079937913,0.0537696419166047,0.0480016318932654,"medium",2.02855991679998,2.22031142222657,0.0405711983359996,0.0444062284445315,3.14597766776438,0.0629195533552876
"fadb218d-29e2-42d1-a7a1-1066741d63ad","Mox Diamond",0.0382303275830319,0.197717474523223,0.193358364885152,0.846678320080993,1.03897050888766,0.70518441946635,1.53074811147298,2446.83477272601,TRUE,FALSE,0.00877069699153789,0.00955662551283087,0.0876262087404152,0.200656694413277,0.436697160773207,0.662330988592225,1.09158002268935,0.736636361433949,1.61755108533468,2442.51595783981,TRUE,FALSE,0.0199207108940532,0.0218148331830906,119,0.960229948494761,FALSE,FALSE,0.93830072985509,FALSE,FALSE,2442.51595783981,4.31881488620365,0.0526095138016864,0.0493858399713669,"medium",1.99207108940532,2.18148331830906,0.0398414217881064,0.0436296663661812,0.877069699153789,0.0175413939830758
"441f8b2f-c8cb-4340-a92f-116c2276e906","Frantic Search",-0.0603050471174534,0.211206099421748,-0.285527014998903,0.77524041044181,0.941477294840862,0.622339819402578,1.42426929639784,2446.79053365974,TRUE,FALSE,-0.0138365497887306,-0.0150724116365413,0.0856537867560919,0.222107913880898,0.385640409022177,0.699763001761134,1.0894290882275,0.704915230059,1.68368576484985,2442.55818361602,TRUE,FALSE,0.0194645510281964,0.021311773053877,106,0.946157989606465,FALSE,FALSE,0.93830072985509,FALSE,FALSE,2442.55818361602,4.23235004371918,0.147951793386636,0.145700259371981,"medium",1.94645510281964,2.1311773053877,0.0389291020563928,0.042623546107754,-1.38365497887306,-0.0276730995774612
"a1febcf1-afa4-4406-9ac1-5bf98b2765d2","Time Walk",-0.0568748133470585,0.185643329878305,-0.306366048186821,0.759325955902857,0.944712327338461,0.6565635820384,1.35932209132649,2446.77832146272,TRUE,FALSE,-0.013044984551224,-0.0142156476068859,0.0815746804394327,0.190801175459323,0.42753761994943,0.66898779022495,1.08499424240528,0.746473155254332,1.57703260695493,2442.52383095257,TRUE,FALSE,0.0185475487718191,0.0202974504391538,135,0.937349744607355,FALSE,FALSE,0.93830072985509,FALSE,FALSE,2442.52383095257,4.25449051014402,0.140281915066821,0.138228763859726,"medium",1.85475487718191,2.02974504391538,0.0370950975436383,0.0405949008783075,-1.3044984551224,-0.026089969102448
"70e33f45-7d47-423b-a123-8541f1d1afb4","Lingering Souls",0.0316633555827419,0.201257255198087,0.15732777211722,0.874986533816834,1.032169972552,0.695724963170556,1.53131612150708,2446.84739491305,TRUE,FALSE,0.00726550045594321,0.0079152920887684,0.0808625388556907,0.21175620311003,0.381866210614259,0.70256060442152,1.08422184794689,0.715925176741424,1.64198306436981,2442.56061277182,TRUE,FALSE,0.0183918696750739,0.0201337548131289,116,0.968869209119069,FALSE,FALSE,0.93830072985509,FALSE,FALSE,2442.56061277182,4.28678214122647,0.0520518753948953,0.0491892615447977,"medium",1.83918696750739,2.01337548131289,0.0367837393501478,0.0402675096262578,0.726550045594321,0.0145310009118864
"995486ce-58bb-4753-a812-0ca73ef1a235","Gitaxian Probe",-0.0325279122978289,0.178594177631296,-0.182133106069013,0.855478268342088,0.967995430477469,0.682104436301626,1.37371215250521,2446.83899650697,TRUE,FALSE,-0.00746196362408389,-0.00813141809150791,0.0778840682820187,0.183853871937325,0.423619407420309,0.671843399281694,1.08099732952787,0.753919620540012,1.54997322607067,2442.52709590524,TRUE,FALSE,0.0177105147474055,0.0193794988083629,149,0.960229948494761,FALSE,FALSE,0.93830072985509,FALSE,FALSE,2442.52709590524,4.31190060173503,0.113001899050398,0.110299949571421,"medium",1.77105147474055,1.93794988083629,0.035421029494811,0.0387589976167259,-0.746196362408389,-0.0149239272481678
"1453f92e-df2d-4789-aa1b-a5b5c51567d4","Preordain",-0.0613643948231894,0.166287639677916,-0.369025592894617,0.712108648636226,0.940480471113255,0.678895430395577,1.30285678315736,2446.73598121013,TRUE,FALSE,-0.0140746306965819,-0.0153375005216124,0.0773955138160354,0.172425449566474,0.448863633591383,0.653530031395676,1.08046933244298,0.77062117595961,1.51489994665156,2442.50517308121,TRUE,FALSE,0.0175965915532171,0.0192497183528317,173,0.922191576146019,FALSE,FALSE,0.93830072985509,FALSE,FALSE,2442.50517308121,4.23080812891703,0.139988861329724,0.138537692607097,"medium",1.75965915532171,1.92497183528317,0.0351931831064343,0.0384994367056635,-1.40746306965819,-0.0281492613931638
"54f449ff-4025-465e-9ec5-a5cf42c4c9d3","Xander's Lounge",-0.0477971035362351,0.174825043734589,-0.273399637232744,0.784546031613358,0.953327194172542,0.676749432363789,1.3429383102317,2446.79745402017,TRUE,FALSE,-0.0109622571247579,-0.0119475228610528,0.0769250403050218,0.179685610330763,0.428109074307169,0.668571710518422,1.07996111980227,0.759375604849984,1.53588818607753,2442.52327596939,TRUE,FALSE,0.0174949692688214,0.0191398522002521,153,0.950295193221814,FALSE,FALSE,0.93830072985509,FALSE,FALSE,2442.52327596939,4.27417805077448,0.126633925629727,0.124560717493305,"medium",1.74949692688214,1.91398522002521,0.0349899385376427,0.0382797044005042,-1.09622571247579,-0.0219245142495158
"7eb39e97-53c2-4df0-9fb3-a3d6a24ec41f","Avacyn's Pilgrim",0.156485490293879,0.196547106443467,0.796172953779349,0.4259315154563,1.16939379463565,0.79552990568939,1.71895718457915,2446.23632475897,TRUE,FALSE,0.0358636329449089,0.0390561498522114,0.0755408699747112,0.221612066928888,0.340869840805875,0.733201570089274,1.07846730374878,0.698500921377436,1.6651255419414,2442.59042004357,TRUE,FALSE,0.0171826607636403,0.0188039940920907,117,0.808017139615628,FALSE,FALSE,0.93830072985509,FALSE,FALSE,2442.59042004357,3.64590471539896,0.0909264908868621,0.0809004532817551,"medium",1.71826607636403,1.88039940920907,0.0343653215272806,0.0376079881841813,3.58636329449089,0.0717272658898179
"071daca8-ccc6-4707-843e-adac40dd1588","Fury",0.239507798113429,0.182682836982692,1.31105801765122,0.189838163064746,1.27062359305418,0.888206904672909,1.81768944457875,2445.1463660906,TRUE,FALSE,0.0547721586311869,0.0596519563549319,0.0685468826236637,0.19327537091437,0.354659169967565,0.722844942608265,1.07095083275889,0.733246866650587,1.56418764041375,2442.58079194951,TRUE,FALSE,0.0155922844293314,0.0170596352390966,141,0.6046697045766,FALSE,FALSE,0.93830072985509,FALSE,FALSE,2442.58079194951,2.56557414108647,0.199672760295289,0.170545730337789,"medium",1.55922844293314,1.70596352390966,0.0311845688586627,0.0341192704781933,5.47721586311869,0.109544317262374
"df3784d4-80cd-4f78-afb3-d61f3bab5b2c","Zealous Conscripts",0.335379359337126,0.19389287632276,1.7297147048293,0.0836812601396714,1.39847080756432,0.956331490876121,2.04502373734228,2443.85422778781,TRUE,FALSE,0.0764615514433242,0.0832126434329711,0.0667831377639954,0.210048477400355,0.317941546592151,0.750529276852866,1.06906361350851,0.708282766053708,1.61361685544838,2442.60541510093,TRUE,FALSE,0.0151932876951545,0.0166212635475675,127,0.53974412790088,FALSE,FALSE,0.93830072985509,FALSE,FALSE,2442.60541510093,1.24881268688614,0.329407194055812,0.266992988014808,"low",1.51932876951545,1.66212635475675,0.030386575390309,0.033242527095135,7.64615514433242,0.152923102886648
"3d8ca18d-9099-4f1e-95c1-f04da58a26bd","Gut, True Soul Zealot",0.279854171240078,0.184090432099801,1.52019943702648,0.128460858871904,1.32293687602586,0.922227743452364,1.89775463856393,2444.52883610197,TRUE,FALSE,0.0641232581570596,0.0696069191629635,0.0661570450676046,0.19581027701755,0.337862986944628,0.735466441162268,1.06839449007662,0.727871252136189,1.568226225553,2442.59221294267,TRUE,FALSE,0.0150608625122009,0.0164624317584359,149,0.581454413841251,FALSE,FALSE,0.93830072985509,FALSE,FALSE,2442.59221294267,1.93662315930032,0.254542385949244,0.21288759019969,"low",1.50608625122009,1.64624317584359,0.0301217250244018,0.0329248635168717,6.41232581570596,0.128246516314119
"ee8e9928-d9b2-4570-adb8-44b34115decd","Tireless Tracker",0.119977384491053,0.197259280290045,0.608221749134646,0.543040411648177,1.12747135295257,0.765940487454871,1.65964806998612,2446.50156438512,TRUE,FALSE,0.0275099240608527,0.0299648665189368,0.0653019413575586,0.200738233841987,0.325308936457824,0.744947268069902,1.06748129247933,0.720258576820308,1.58209335711615,2442.60073912892,TRUE,FALSE,0.0148528717217758,0.016247326379108,119,0.859536357087299,FALSE,FALSE,0.93830072985509,FALSE,FALSE,2442.60073912892,3.90082525620073,0.0599900604732431,0.0546618266212652,"medium",1.48528717217758,1.6247326379108,0.0297057434435517,0.0324946527582161,2.75099240608527,0.0550198481217054
"cb94a02f-4660-45b6-8a39-941b710cf8f3","Collective Brutality",0.0163210077222404,0.181477095334509,0.0899342569493777,0.92833945833464,1.01645492292048,0.712215959872228,1.45065635781966,2446.86407415968,TRUE,FALSE,0.00374463434501521,0.00408018052750458,0.0647793602328497,0.183745718604276,0.352548950391392,0.724426614704077,1.0669235926393,0.744261931059258,1.52946953891655,2442.58236190572,TRUE,FALSE,0.0147306384372883,0.0161142484827016,145,0.979568711107354,FALSE,FALSE,0.93830072985509,FALSE,FALSE,2442.58236190572,4.28171225395909,0.0504686697188186,0.0484488721966669,"medium",1.47306384372883,1.61142484827016,0.0294612768745766,0.0322284969654032,0.374463434501521,0.00748926869003041
"1ee98955-4c47-4d45-9377-608dfa755337","Bone Shards",-0.0579436279531686,0.195961597745324,-0.295688689109759,0.767467835928727,0.943703144415225,0.642731407633856,1.38561086979978,2446.78464441561,TRUE,FALSE,-0.0132947951313962,-0.0144825935999994,0.0640683909586278,0.20301259927553,0.315588250124682,0.752315057285202,1.06616531233593,0.716171007232627,1.58720258394814,2442.60716891598,TRUE,FALSE,0.0145644707051393,0.0159338753726295,124,0.942889055569579,FALSE,FALSE,0.93830072985509,FALSE,FALSE,2442.60716891598,4.1774754996286,0.122462167920703,0.121860878516057,"medium",1.45644707051393,1.59338753726295,0.0291289414102786,0.0318677507452589,-1.32947951313962,-0.0265895902627923
"e41cf82d-3213-47ce-a015-6e51a8b07e4f","Questing Beast",0.246048765099508,0.182045274358687,1.35158007240943,0.176509688724089,1.27896194072736,0.895153584493325,1.82733295622668,2445.04403795733,TRUE,FALSE,0.056182509148333,0.0612690465960043,0.062085998551801,0.2182503247428,0.284471505941478,0.776049067374661,1.06405384788336,0.693721540168098,1.63208221979246,2442.62575579974,TRUE,FALSE,0.014118897566454,0.0154498071468897,145,0.6046697045766,FALSE,FALSE,0.93830072985509,FALSE,FALSE,2442.62575579974,2.41828215758824,0.214908092843997,0.183445706075609,"medium",1.4118897566454,1.54498071468897,0.028237795132908,0.0308996142937794,5.6182509148333,0.112365018296666
"d51269cf-a333-4a64-94cd-245798d840d2","Elder Gargaroth",0.136819308850766,0.197133151753903,0.694045154929439,0.487653891577817,1.1466209455447,0.779142230747339,1.68741924244147,2446.38971770929,TRUE,FALSE,0.0313596785196793,0.0341611309435071,0.0618169584539447,0.204866019854484,0.301743346689964,0.76284772160421,1.06376761323803,0.711969332762301,1.58939645698466,2442.61551402002,TRUE,FALSE,0.0140601319598821,0.0153816212455379,118,0.850683911073715,FALSE,FALSE,0.93830072985509,FALSE,FALSE,2442.61551402002,3.77420368927505,0.0828533323066734,0.0749672106087093,"medium",1.4060131959882,1.53816212455379,0.0281202639197641,0.0307632424910758,3.13596785196793,0.0627193570393586
"98e7bf8f-dba7-4005-8cee-634c9153931d","Phantasmal Image",-0.0207458971071216,0.212273568442705,-0.0977318903117285,0.922145191959843,0.979467818557038,0.646099287457533,1.48484486241124,2446.86260829982,TRUE,FALSE,-0.00476006444857625,-0.00518631709660944,0.061094688730424,0.214206512053105,0.28521396546188,0.775480221637358,1.06299956350105,0.698548914448541,1.61759334046845,2442.6253827899,TRUE,FALSE,0.0138905611316301,0.0151978514993888,102,0.979568711107354,FALSE,FALSE,0.93830072985509,FALSE,FALSE,2442.6253827899,4.2372255099217,0.0835317449440133,0.0817949365339119,"medium",1.38905611316301,1.51978514993888,0.0277811222632603,0.0303957029987776,-0.476006444857625,-0.0095201288971525
"05bdd22c-3e11-4c29-bdfa-d3dfc0e90a9f","Bitter Triumph",-0.0635177856538955,0.193111300190645,-0.328918015627199,0.742217656787476,0.938457428073221,0.64273939394672,1.37023240305512,2446.76387745256,TRUE,FALSE,-0.0145727693057737,-0.015875109736877,0.0606155897979701,0.197943304095236,0.306227028365689,0.759431794618303,1.06249040352372,0.720829039064812,1.56609375649542,2442.61296099757,TRUE,FALSE,0.0137804359692015,0.0150751819216268,127,0.925082876575695,FALSE,FALSE,0.93830072985509,FALSE,FALSE,2442.61296099757,4.15091645498433,0.124032975450498,0.123974222108038,"medium",1.37804359692015,1.50751819216268,0.027560871938403,0.0301503638432536,-1.45727693057737,-0.0291455386115474
"f05e9a3e-8a35-4687-85cb-e31b3927a5e2","Daze",-0.107100710937206,0.177701886125807,-0.602698785433162,0.546709089700042,0.898435186184257,0.634196517702407,1.27276918312047,2446.50911694805,TRUE,FALSE,-0.024543708856168,-0.0267552823045161,0.0571702953654471,0.185789512077108,0.307715407216958,0.758298894968449,1.05883610992527,0.735667411961989,1.5239684257478,2442.61195657722,TRUE,FALSE,0.0130026977519244,0.0142160455002691,151,0.860066738674456,FALSE,FALSE,0.93830072985509,FALSE,FALSE,2442.61195657722,3.89716037083053,0.160400923741009,0.163902596497316,"medium",1.30026977519244,1.42160455002691,0.0260053955038489,0.0284320910005382,-2.4543708856168,-0.049087417712336
"729daf0e-b822-41bd-a908-ca8ec34032f0","Tropical Island",-0.00794954350923185,0.214475734309108,-0.0370650019445778,0.970433177244905,0.99208197054902,0.651601576547562,1.51047307390391,2446.87078872079,TRUE,FALSE,-0.00182392013940163,-0.0019873769974284,0.0559746987338925,0.227122194189011,0.246451910760031,0.805332426137669,1.05757092551469,0.677609035021245,1.65059231014966,2442.64590273339,TRUE,FALSE,0.0127299111835234,0.0139253805289392,102,0.99345962933693,FALSE,FALSE,0.953099843777608,FALSE,FALSE,2442.64590273339,4.22488598740347,0.0654889549656696,0.0639024832852811,"medium",1.27299111835234,1.39253805289392,0.0254598223670468,0.0278507610578784,-0.182392013940163,-0.00364784027880326
"1ac01fff-4de6-4783-9489-4127e25bc641","Prismatic Vista",0.0174894271756612,0.180306752422577,0.0969981819353718,0.922727838247931,1.01764326273043,0.714686132941659,1.44902463115954,2446.86275359005,TRUE,FALSE,0.00401270600605357,0.00437226923931955,0.0532993838102204,0.183484098364194,0.290485029958442,0.771445201659496,1.05474537154345,0.736144057590858,1.51123654034934,2442.62227789563,TRUE,FALSE,0.0121211710343048,0.013254618033491,145,0.979568711107354,FALSE,FALSE,0.93830072985509,FALSE,FALSE,2442.62227789563,4.24047569442018,0.0371021088130259,0.035806130374794,"medium",1.21211710343048,1.3254618033491,0.0242423420686095,0.0265092360669821,0.401270600605357,0.00802541201210713
"327cf118-cc92-4073-85d0-94d2a0a6989a","Scalding Tarn",-0.00239152445123431,0.186309249599345,-0.0128363162665152,0.989758382687751,0.997611332965052,0.692423404910149,1.43731185948206,2446.87199773803,TRUE,FALSE,-0.000548695245010735,-0.000597880886681612,0.0523483764294043,0.189105260614682,0.276821365303361,0.781917274879242,1.05374277772286,0.727386042821894,1.52652618586877,2442.62990667564,TRUE,FALSE,0.0119119567320517,0.0130175909917848,141,0.9969150466522,FALSE,FALSE,0.93830072985509,FALSE,FALSE,2442.62990667564,4.24209106238959,0.0561314447578066,0.0547262361630808,"medium",1.19119567320517,1.30175909917848,0.0238239134641033,0.0260351819835697,-0.0548695245010735,-0.00109739049002147
"3ca1e1de-b916-445f-b3b2-0f4d0cc7ceeb","Stern Scolding",-0.0774974847675557,0.212893488159616,-0.364019986884016,0.71584308444636,0.925429352063641,0.609711904208717,1.40462975997228,2446.73954300327,TRUE,FALSE,-0.0177760220500179,-0.0193661720042135,0.0518277594773676,0.225459697173257,0.229875938481103,0.818188173984,1.05319432414919,0.677007283941521,1.63841410680581,2442.65383457017,TRUE,FALSE,0.0117852625877345,0.0128867717422503,101,0.922191576146019,FALSE,FALSE,0.961856225960235,FALSE,FALSE,2442.65383457017,4.08570843309872,0.127764972085551,0.129145297937704,"medium",1.17852625877346,1.28867717422503,0.0235705251754691,0.0257735434845006,-1.77760220500179,-0.0355520441000358
"df9d9075-2d1e-4848-b661-816d539e05eb","Emperor of Bones",-0.0251894363720452,0.179309910637379,-0.140479889162324,0.888280841041392,0.975125170355927,0.686165201852653,1.38577283618336,2446.85243260977,TRUE,FALSE,-0.00577854028716104,-0.00629709863292954,0.0489740057147001,0.184679195526911,0.265184205372845,0.790867561752121,1.05019305136742,0.731251947261399,1.50824274625303,2442.63630130702,TRUE,FALSE,0.0111401020141393,0.0121787964896018,150,0.97108668215542,FALSE,FALSE,0.944647365426145,FALSE,FALSE,2442.63630130702,4.21613130274682,0.0750678810114919,0.0741294678597386,"medium",1.11401020141393,1.21787964896018,0.0222802040282786,0.0243575929792036,-0.577854028716104,-0.0115570805743221
"fe30c0ff-f74b-456a-a61e-3720d84d713f","Parallax Wave",0.0274412081698324,0.18277142428683,0.150139488582022,0.880654565686165,1.0278211858423,0.718355445180484,1.47060399855512,2446.84960645965,TRUE,FALSE,0.00629716313689418,0.00685996249119497,0.0488896702087185,0.190391830523472,0.256784495817384,0.797345139399922,1.05010448653969,0.723048977104817,1.5250964562127,2442.64066185199,TRUE,FALSE,0.0111228023643903,0.0121601726097312,144,0.970978110884746,FALSE,FALSE,0.947995603526175,FALSE,FALSE,2442.64066185199,4.20894460765385,0.0222833006973895,0.0214476398203845,"medium",1.11228023643903,1.21601726097312,0.0222456047287807,0.0243203452194624,0.629716313689418,0.0125943262737884
"672b9b16-daef-44e6-9a3a-cfd9f3c78bc7","Pentad Prism",-0.096682385675234,0.204684501685193,-0.472348345278884,0.636678167853205,0.907844304702802,0.607827588377111,1.35594582631872,2446.64910855675,TRUE,FALSE,-0.0221655947757222,-0.0241549183141408,0.0467937579042162,0.21029801222931,0.222511651005013,0.823915604407798,1.04790586448969,0.693925726827321,1.58245566979121,2442.65715079391,TRUE,FALSE,0.0106423996757687,0.0116342025379726,107,0.897611843202879,FALSE,FALSE,0.961856225960235,FALSE,FALSE,2442.65715079391,3.99195776283568,0.140061559786887,0.143230522991305,"medium",1.06423996757687,1.16342025379726,0.0212847993515374,0.0232684050759452,-2.21655947757222,-0.0443311895514444
"cea3b218-0e6e-443a-84f7-380f1021e8e1","Barrowgoyf",-0.0603177609777764,0.174048963788068,-0.346556277411814,0.728924698000128,0.941465325106129,0.669346289634451,1.32421285081188,2446.75206016541,TRUE,FALSE,-0.0138349870556781,-0.0150759221791318,0.0404887792446988,0.178621149445054,0.226674049352445,0.820677207513437,1.04131962524426,0.733734029497675,1.47784690136452,2442.65527932343,TRUE,FALSE,0.0092087160669715,0.0100640752753781,158,0.922191576146019,FALSE,FALSE,0.961856225960235,FALSE,FALSE,2442.65527932343,4.09678084198549,0.0998543001381295,0.10072126089164,"medium",0.92087160669715,1.00640752753781,0.018417432133943,0.0201281505507562,-1.38349870556781,-0.0276699741113563
"5ab21006-7f61-49e0-8b6a-0397c5d4c3bd","Imperial Seal",-0.0364648304179269,0.192393308250104,-0.189532737648671,0.849675299129759,0.964192003529829,0.661294689592786,1.40582743866178,2446.83626355469,TRUE,FALSE,-0.00836389458569549,-0.00911538937291551,0.038075401700879,0.204793821650401,0.185920656170364,0.852506983333083,1.0388095579331,0.695363541602779,1.55188650697134,2442.67207821715,TRUE,FALSE,0.00866170308169579,0.00946261810108556,128,0.960229948494761,FALSE,FALSE,0.974000965271876,FALSE,FALSE,2442.67207821715,4.16418533754177,0.0746175544032679,0.0745057376278526,"medium",0.866170308169579,0.946261810108556,0.0173234061633916,0.0189252362021711,-0.836389458569549,-0.016727789171391
"3028075c-5fc5-4942-a984-1ffcf7a8933d","Knight of Autumn",0.0394747787840456,0.211752339176634,0.186419564183031,0.852115751339584,1.0402642618245,0.686904637799699,1.57540024463311,2446.83741258659,TRUE,FALSE,0.00905590880561363,0.00986761258678243,0.0362795989997627,0.215951437830058,0.167998876804483,0.866584162701197,1.03694573495307,0.679101132546365,1.58335247241538,2442.6784303981,TRUE,FALSE,0.00825157607450577,0.00901991676921193,104,0.960229948494761,FALSE,FALSE,0.976027396722822,FALSE,FALSE,2442.6784303981,4.15898218848861,0.00331852687142264,0.00319517706594014,"medium",0.825157607450577,0.901991676921193,0.0165031521490115,0.0180398335384239,0.905590880561363,0.0181118176112273
"aced2c55-7543-4076-bcdd-36c4d649b8ae","Mox Emerald",0.116276913081964,0.171653107242255,0.677394746591225,0.498155530607123,1.12330688744136,0.802387855945675,1.57257908880742,2446.41309927001,TRUE,FALSE,0.0266523139483839,0.0290442658897954,0.03461911720114,0.173533636057867,0.19949514104341,0.841875443852609,1.0352253341764,0.736749887934479,1.45462050292969,2442.66685841709,TRUE,FALSE,0.00787426189948988,0.00860566268186774,161,0.853258409643077,FALSE,FALSE,0.974000965271876,FALSE,FALSE,2442.66685841709,3.74624085292407,0.0880815532649524,0.0816124516306156,"medium",0.787426189948988,0.860566268186774,0.0157485237989798,0.0172113253637355,2.66523139483839,0.0533046278967678
"a8069994-b103-40dc-9e14-062004914ec8","Cathar Commando",0.142243803588797,0.194919710054123,0.729755875120582,0.465539420406902,1.15285768511775,0.786786124392892,1.68925302687642,2446.33919654907,TRUE,FALSE,0.0325917307924349,0.0355120984963563,0.0342163111501059,0.203624477433397,0.168036336207653,0.866554693330171,1.0348084231204,0.69427463810328,1.54237014257985,2442.678426009,TRUE,FALSE,0.00778269065252046,0.00850670343510845,124,0.845690117467612,FALSE,FALSE,0.976027396722822,FALSE,FALSE,2442.678426009,3.6607705400711,0.118049261997354,0.107922558705657,"medium",0.778269065252046,0.850670343510845,0.0155653813050409,0.0170134068702169,3.25917307924349,0.0651834615848697
"928036c9-11b8-493e-b9f2-8fbd3487cd19","Minsc & Boo, Timeless Heroes",0.160571023265656,0.18718782414753,0.857806986094905,0.390999051506161,1.17418116435999,0.813575040911981,1.6946210704698,2446.13433739748,TRUE,FALSE,0.0367957465441541,0.0400738824005218,0.0315073767372098,0.192671495533996,0.163528998671474,0.870101942814918,1.03200898842667,0.707421397547536,1.50552776023696,2442.67990753899,TRUE,FALSE,0.00716745601866607,0.00783172379157582,133,0.80490428823366,FALSE,FALSE,0.976027396722822,FALSE,FALSE,2442.67990753899,3.4544298584824,0.142172175933314,0.128884788787345,"medium",0.716745601866607,0.783172379157582,0.0143349120373321,0.0156634475831516,3.67957465441541,0.0735914930883082
"493a5ca7-5f90-4af4-b6db-43ae09a2f2c9","Dark Ritual",-0.143470463059587,0.186525694623683,-0.769172651248073,0.441790823589304,0.866346389031005,0.601059814451194,1.24872108855317,2446.28026668964,TRUE,FALSE,-0.0328675953269048,-0.0358185358685361,0.0265884122276687,0.197304168724848,0.134758491923948,0.892802825045304,1.02694503774661,0.697587197702514,1.5118054259392,2442.68850354364,TRUE,FALSE,0.00604747366042953,0.0066057709173869,134,0.820014622201729,FALSE,FALSE,0.986691440953241,FALSE,FALSE,2442.68850354364,3.59176314600109,0.160598648715604,0.169650214905313,"medium",0.604747366042953,0.66057709173869,0.0120949473208591,0.0132115418347738,-3.28675953269048,-0.0657351906538096
"63c59228-c742-4abd-b4d7-9f7880190e95","Windswept Heath",0.0587548392927571,0.172063980015851,0.34147088360588,0.732749120581139,1.06051521220761,0.756925411927693,1.48586967434406,2446.75555136306,TRUE,FALSE,0.0134771472294045,0.0146854804424353,0.0230966293509661,0.181484382047587,0.127265107280196,0.898730576062061,1.02336542190619,0.717047810379747,1.46053969009207,2442.6904646461,TRUE,FALSE,0.00525351742850078,0.00573965702581591,159,0.922191576146019,FALSE,FALSE,0.986691440953241,FALSE,FALSE,2442.6904646461,4.06508671696292,0.0371497903014137,0.0356544321140662,"medium",0.525351742850078,0.573965702581591,0.0105070348570016,0.0114793140516318,1.34771472294045,0.0269542944588089
"25b0b816-0583-44aa-9dc5-f3ff48993a51","Gaea's Cradle",0.159313047075565,0.196523519994548,0.810656389016362,0.417563024464884,1.17270500109616,0.797819376720696,1.72374482210325,2446.21385214611,TRUE,FALSE,0.0364975463165703,0.0397594175604328,0.0206977326635843,0.225120555147502,0.0919406610827823,0.926745185384239,1.02091341621564,0.656693058953891,1.58714058142996,2442.69821001472,TRUE,FALSE,0.00470820300700907,0.00514322286223756,121,0.805095084092118,FALSE,FALSE,0.992539756014726,FALSE,FALSE,2442.69821001472,3.51564213139636,0.151791584880513,0.138393791447583,"medium",0.470820300700907,0.514322286223756,0.00941640601401814,0.0102864457244751,3.64975463165703,0.0729950926331406
"2a717b98-cdac-416d-bf6c-f6b6638e65d1","Tamiyo, Inquisitive Student // Tamiyo, Seasoned Scholar",-0.108224832015222,0.177573759284,-0.609464103545468,0.542216859124079,0.897425803694594,0.633643110514475,1.27102001074861,2446.50060586173,TRUE,FALSE,-0.0248093508078259,-0.0270356667794256,0.0194347232090845,0.186567945269629,0.104169680279199,0.917034694672354,1.01962480685294,0.707343801206324,1.46977289541079,2442.69581274612,TRUE,FALSE,0.0044205443790808,0.00482832852416287,150,0.859536357087299,FALSE,FALSE,0.992539756014726,FALSE,FALSE,2442.69581274612,3.80479311560885,0.122199003158347,0.127486465392215,"medium",0.44205443790808,0.482832852416287,0.00884108875816159,0.00965665704832575,-2.48093508078259,-0.0496187016156519
"564caf57-4ba5-4993-a35e-945699c94eb7","Toxic Deluge",-0.149586060346006,0.207987352278294,-0.71920748404862,0.472013088819132,0.861064331336636,0.572787050584262,1.29442832540282,2446.35418967966,TRUE,FALSE,-0.0342732230401479,-0.0373381588596239,0.017988265620367,0.217305084880878,0.0827788527370529,0.934027384477899,1.018151028949,0.665025627984602,1.55878431466089,2442.69981109762,TRUE,FALSE,0.00409145282504039,0.00446849556533463,107,0.845690117467612,FALSE,FALSE,0.992539756014726,FALSE,FALSE,2442.69981109762,3.65437858204041,0.157086697612363,0.167183283972824,"medium",0.409145282504039,0.446849556533463,0.00818290565008079,0.00893699113066926,-3.42732230401479,-0.0685464460802959
"139b90cd-8272-457a-be32-1298145345be","Watery Grave",-0.0742294862855403,0.18870155289984,-0.393369769060354,0.694046394470943,0.928458600875673,0.641411200066709,1.34396682416889,2446.71771714797,TRUE,FALSE,-0.0170139026843949,-0.0185505509272001,0.0177586162903346,0.191428150508699,0.0927690950528594,0.926087003677813,1.01791723809331,0.699464274768155,1.48135586188582,2442.69805307434,TRUE,FALSE,0.00403992234166936,0.00441180032375649,132,0.922191576146019,FALSE,FALSE,0.992539756014726,FALSE,FALSE,2442.69805307434,4.01966407362988,0.0894586372176399,0.0919232919219004,"medium",0.403992234166936,0.441180032375649,0.00807984468333873,0.00882360064751297,-1.70139026843949,-0.0340278053687898
"b256ddc8-8b12-434c-a610-1a872e948f2f","White Plume Adventurer",0.070444476734276,0.192469730706952,0.366002885105774,0.714362922723536,1.07298499214593,0.735800545125073,1.56468597502153,2446.73807140832,TRUE,FALSE,0.016161162123023,0.0176052127656536,0.0156681923949472,0.197344179687294,0.0793952596918472,0.936718238958954,1.01579158211038,0.689956725660155,1.49550326841011,2442.70035754245,TRUE,FALSE,0.00356415378048763,0.00389267735798249,127,0.922191576146019,FALSE,FALSE,0.992539756014726,FALSE,FALSE,2442.70035754245,4.03771386587096,0.0571934100355524,0.05476259236191,"medium",0.356415378048763,0.389267735798249,0.00712830756097526,0.00778535471596498,1.6161162123023,0.0323223242460461
"8683a978-1bef-4b01-9361-56b1fc157d26","Courser of Kruphix",0.0500807044150992,0.199414106309031,0.251139226517352,0.801706469126669,1.05135594201863,0.711221799205685,1.55415556448406,2446.80916855598,TRUE,FALSE,0.0114846154934211,0.0125180237674474,0.0126837886161422,0.213491738593186,0.0594111448982645,0.952624636395652,1.01276456903559,0.666470088375741,1.53899190703903,2442.70313409877,TRUE,FALSE,0.00288487352007145,0.00315070969989512,117,0.960229948494761,FALSE,FALSE,0.992539756014726,FALSE,FALSE,2442.70313409877,4.10603445721426,0.0385913729830378,0.0373925580181632,"medium",0.288487352007145,0.315070969989512,0.00576974704014291,0.00630141939979023,1.14846154934211,0.0229692309868422
"69c68c95-b788-43b1-9f22-1b22c5a00b25","Deep-Cavern Bat",-0.0590936535610361,0.172414736091711,-0.342741316087989,0.731793077520281,0.942618485445262,0.672316184611441,1.32159485289892,2446.75468960401,TRUE,FALSE,-0.013554278176028,-0.0147701240882551,0.0125795793766739,0.17561243433119,0.0716326234220403,0.942894277018598,1.01265903510899,0.717759451443398,1.42872144605782,2442.70153139487,TRUE,FALSE,0.00286139565298843,0.00312471258650177,159,0.922191576146019,FALSE,FALSE,0.992539756014726,FALSE,FALSE,2442.70153139487,4.05315820913484,0.0700405496637321,0.0716425662622848,"medium",0.286139565298843,0.312471258650177,0.00572279130597686,0.00624942517300353,-1.3554278176028,-0.0271085563520559
"17db2b6a-eaa8-4a08-9e86-370bbd058574","Bayou",-0.103089751865909,0.196191134089345,-0.525455711056556,0.599266433768451,0.902046009535747,0.614083495035075,1.32504294594807,2446.59607875602,TRUE,FALSE,-0.0236321940999977,-0.0257537712723572,0.011842380951101,0.206037872758346,0.0574767191708997,0.954165450854622,1.01191277956567,0.675709621204542,1.51539572815756,2442.70335882336,TRUE,FALSE,0.00269372408273414,0.00294155962345416,121,0.878298282433108,FALSE,FALSE,0.992539756014726,FALSE,FALSE,2442.70335882336,3.89271993265766,0.109866770029925,0.11480578438317,"medium",0.269372408273414,0.294155962345416,0.00538744816546827,0.00588311924690832,-2.36321940999977,-0.0472643881999953
"15faa763-b897-4e86-b094-73f3236291a9","Verdant Catacombs",-0.0980812387751353,0.182028566578248,-0.53882333206735,0.590008762673566,0.906575251699244,0.634538555015146,1.2952383751905,2446.58185362624,TRUE,FALSE,-0.0224844555600296,-0.0245048105891858,0.0113059106799349,0.185692714848604,0.0608850524327389,0.951450753790191,1.01137006403081,0.702821866026543,1.45537504716602,2442.70295554469,TRUE,FALSE,0.00257171117537545,0.00280815937910345,144,0.877101460267703,FALSE,FALSE,0.992539756014726,FALSE,FALSE,2442.70295554469,3.87889808155387,0.104794812331569,0.109278206705992,"medium",0.257171117537545,0.280815937910345,0.0051434223507509,0.0056163187582069,-2.24844555600296,-0.0449689111200592
"16c8d2fa-54a7-46e8-980c-905258497c90","Arid Mesa",0.0631824835431128,0.171911130505563,0.367529917099046,0.713223780271237,1.06522120683634,0.760512042639464,1.49201611003523,2446.73697992641,TRUE,FALSE,0.0144964725661196,0.0157916101921597,0.00789939445969473,0.175182931276667,0.0450922609989852,0.964033769977906,1.00793067699288,0.715009713659556,1.42085377333356,2442.70462901683,TRUE,FALSE,0.00179690823010772,0.0019618837670658,163,0.922191576146019,FALSE,FALSE,0.992539756014726,FALSE,FALSE,2442.70462901683,4.03235090958196,0.0572905298434629,0.0552690136119156,"medium",0.179690823010772,0.19618837670658,0.00359381646021544,0.00392376753413159,1.44964725661196,0.0289929451322393
"fa7a55aa-ae61-4933-b7a4-dcc55dac6fcd","Inti, Seneschal of the Sun",0.204875366315857,0.177112567583547,1.15675227970039,0.247373583523241,1.22737208352547,0.86739113646025,1.736750778392,2445.52689462195,TRUE,FALSE,0.0469454051798515,0.0510804144731136,0.00687181095385551,0.187365639380155,0.0366759400314214,0.970743392806553,1.00689547602299,0.697421830711688,1.45369481566268,2442.70531723216,TRUE,FALSE,0.00156320975663191,0.00170667080964831,156,0.651248821928533,FALSE,FALSE,0.992539756014726,FALSE,FALSE,2442.70531723216,2.82157738978685,0.220476607502486,0.197359180694584,"medium",0.156320975663191,0.170667080964831,0.00312641951326383,0.00341334161929663,4.69454051798515,0.093890810359703
"7832abb5-5107-4603-904e-491b221bd3e3","Smuggler's Copter",0.0684440637983014,0.194630398848639,0.351661735284884,0.72509196056393,1.07084072451294,0.731226865437535,1.56818616967699,2446.74839211941,TRUE,FALSE,0.0157016385682174,0.0171055696277527,0.00550288572610781,0.200660078417491,0.0274239189454445,0.978121620861372,1.00551805441285,0.678554235849777,1.49003057431955,2442.70591047011,TRUE,FALSE,0.00125174015942139,0.00136657322857342,123,0.922191576146019,FALSE,FALSE,0.992539756014726,FALSE,FALSE,2442.70591047011,4.04248164929459,0.0653226701000891,0.062920407362242,"medium",0.125174015942139,0.136657322857342,0.00250348031884278,0.00273314645714684,1.57016385682174,0.0314032771364349
"fa87bf1e-2062-4983-b1c4-98bffea69a4c","Pyrogoyf",0.12793035815018,0.180620761251935,0.708281579943845,0.478770413618182,1.1364738537996,0.797649234520803,1.61922404544906,2446.36883661874,TRUE,FALSE,0.0293516131890057,0.0319484561852905,0.00527646000928995,0.186285221509025,0.0283246301909909,0.977403236426739,1.00529040504042,0.697786167006479,1.44830729849785,2442.705860189,TRUE,FALSE,0.00120027633151945,0.00131034628278998,151,0.846046347352677,FALSE,FALSE,0.992539756014726,FALSE,FALSE,2442.705860189,3.66297642974041,0.131183448759188,0.122500362229629,"medium",0.120027633151945,0.131034628278998,0.0024005526630389,0.00262069256557995,2.93516131890057,0.0587032263780115
"345a4aee-5846-4ae9-9af1-4c8fe8d692ec","Winds of Abandon",-0.0458121141914746,0.206317157379564,-0.222047040456231,0.824277264250925,0.955221417880017,0.637504627816809,1.43128052309435,2446.82279943783,TRUE,FALSE,-0.0105124783511122,-0.0114513566803155,0.00366050081636651,0.21312429294241,0.0171754273800952,0.986296665408106,1.00366720863164,0.660959234597477,1.52406958395232,2442.70636760236,TRUE,FALSE,0.000832619237095593,0.000908994650176742,110,0.960229948494761,FALSE,FALSE,0.992539756014726,FALSE,FALSE,2442.70636760236,4.11643183546994,0.0484457907516197,0.0494625269614137,"medium",0.0832619237095593,0.0908994650176742,0.00166523847419119,0.00181798930035348,-1.05124783511122,-0.0210249567022243
"1066a94a-8e4f-4d77-820b-7a77a18116f0","Wooded Foothills",0.0995614270224095,0.187250811509002,0.53170091077348,0.594933161034294,1.10468632624757,0.765328470937805,1.59452042585454,2446.58905327581,TRUE,FALSE,0.0228365585724947,0.0248739099947008,0.00362033035219258,0.190360800964096,0.0190182555119392,0.984826542250679,1.00362689166377,0.691088879148333,1.45750708492371,2442.70630085695,TRUE,FALSE,0.00082351705849577,0.000899014587492031,136,0.877101460267703,FALSE,FALSE,0.992539756014726,FALSE,FALSE,2442.70630085695,3.88275241885276,0.101059434583797,0.0958675719767244,"medium",0.082351705849577,0.0899014587492031,0.00164703411699154,0.00179802917498406,2.28365585724947,0.0456731171449894
"2b5315a4-6a78-456f-8d5a-fea9d62f3f0e","Strip Mine",0.048547081019427,0.17177114957175,0.282626512894987,0.777463154250274,1.04974479371193,0.749668348583,1.46993551749676,2446.79225743323,TRUE,FALSE,0.0111379194824807,0.0121349504016963,0.00118902364219767,0.1787038793822,0.00665359725993784,0.994691236642665,1.00118973081106,0.705343345417193,1.42112473817789,2442.70661829991,TRUE,FALSE,0.000270463534215744,0.000295231964098919,156,0.946157989606465,FALSE,FALSE,0.994691236642665,FALSE,FALSE,2442.70661829991,4.08563913331955,0.0485550629008646,0.0473492081978168,"medium",0.0270463534215744,0.0295231964098919,0.000540927068431489,0.000590463928197837,1.11379194824807,0.0222758389649614
"54a3ea87-005e-4985-b2a5-21711d0b71c0","Springheart Nantuko",0.0162778814179954,0.185863262889602,0.0875798754682578,0.930210597756983,1.01641108792145,0.706088910514177,1.4631181488141,2446.86449086248,TRUE,FALSE,0.00373495295334414,0.00406939867855,-0.00269013663039584,0.189819598616155,-0.0141720699548823,0.98869270269684,0.997313478544651,0.687470369060862,1.44680297398938,2442.70646172945,TRUE,FALSE,-0.000611908477627978,-0.00066786270263397,137,0.979568711107354,FALSE,FALSE,0.992539756014726,FALSE,FALSE,2442.70646172945,4.15802913302423,0.0190976093767988,0.0189674493670337,"medium",-0.0611908477627978,-0.066786270263397,-0.00122381695525596,-0.00133572540526794,0.373495295334414,0.00746990590668829
"24da9431-7e52-44f5-bc18-2f2d8a4ca81e","Abrade",0.0964319154756478,0.200462830578604,0.481046362546675,0.630483548139474,1.1012346015573,0.743434040069586,1.63123771888836,2446.64055468293,TRUE,FALSE,0.0221142564464326,0.0240925537903015,-0.00315014410709747,0.20787306970495,-0.0151541713006341,0.987909183463035,0.996854812390923,0.663264542071857,1.49822499765001,2442.70643292757,TRUE,FALSE,-0.000716546679964358,-0.000782040542041007,117,0.893762392417496,FALSE,FALSE,0.992539756014726,FALSE,FALSE,2442.70643292757,3.93412175536696,0.104379789166378,0.0994998482642872,"medium",-0.0716546679964358,-0.0782040542041007,-0.00143309335992872,-0.00156408108408201,2.21142564464326,0.0442285128928652
"207d5f12-fbc6-4c75-9d84-fd2f0023fbd0","Sneak Attack",-0.0731507788759646,0.21746459674972,-0.336380173919316,0.73658419823379,0.929460676423912,0.606905982628115,1.42344477356677,2446.75927702985,TRUE,FALSE,-0.0167682021935074,-0.0182807655250193,-0.00963647337162635,0.225573663511532,-0.0427198513408624,0.965924854932502,0.99040980865342,0.6365063695704,1.54108683898789,2442.70483801031,TRUE,FALSE,-0.0021918137410325,-0.00239193151205813,101,0.922518073516106,FALSE,FALSE,0.992539756014726,FALSE,FALSE,2442.70483801031,4.05443901953686,0.0609491322295077,0.0634929623672533,"medium",-0.21918137410325,-0.239193151205813,-0.00438362748206501,-0.00478386302411626,-1.67682021935074,-0.0335364043870147
"01006833-6007-4c16-9ebb-20d31c60a57a","Taiga",0.000285672146065456,0.20370452571117,0.00140238487617357,0.998881059125765,1.00028571295424,0.671007343304905,1.4911483719571,2446.87216052915,TRUE,FALSE,6.55446433428055e-05,7.14180361128247e-05,-0.0107343896741023,0.208347966432268,-0.0515214516268965,0.958910008623362,0.989323018289966,0.657640793086772,1.48828972412791,2442.70400875831,TRUE,FALSE,-0.00244155768171685,-0.00266415712633922,111,0.998881059125765,FALSE,FALSE,0.992539756014726,FALSE,FALSE,2442.70400875831,4.1681517708339,0.0109626946642728,0.011019950296878,"medium",-0.244155768171685,-0.266415712633922,-0.00488311536343371,-0.00532831425267843,0.00655446433428055,0.000131089286685611
"c1e0f201-42cb-46a1-901a-65bb4fc18f6c","Urza's Saga",-0.0885999903880631,0.198734489531082,-0.445820907066088,0.655726618373807,0.915211593798243,0.61994805304221,1.35110072095942,2446.67333998793,TRUE,FALSE,-0.0203175505343531,-0.0221380751509089,-0.0113296206066546,0.201095314985791,-0.0563395552375505,0.955071308337111,0.988734317850931,0.666659113462362,1.46640994108504,2442.70348840992,TRUE,FALSE,-0.00257710718934727,-0.00281182072367292,118,0.89910899614157,FALSE,FALSE,0.992539756014726,FALSE,FALSE,2442.70348840992,3.96985157800464,0.0735227240526879,0.0772319461417929,"medium",-0.257710718934727,-0.281182072367292,-0.00515421437869454,-0.00562364144734584,-2.03175505343531,-0.0406351010687062
"be77b98a-dd79-477c-8ab2-7ebf5637a89e","Headliner Scarlett",0.125144140428589,0.200121796057781,0.625339882480649,0.531748009465174,1.13331179734248,0.765600657649711,1.67763130446957,2446.48030369384,TRUE,FALSE,0.028692879133692,0.03125237929571,-0.0183348119155688,0.208801215109813,-0.087809890885578,0.930027776344661,0.981832248185161,0.652081846474814,1.47833369198626,2442.69895420649,TRUE,FALSE,-0.00417011410969378,-0.00454900961738741,113,0.85814456534642,FALSE,FALSE,0.992539756014726,FALSE,FALSE,2442.69895420649,3.78134948735305,0.15147954915732,0.143233317350292,"medium",-0.417011410969378,-0.454900961738741,-0.00834022821938756,-0.00909801923477482,2.8692879133692,0.0573857582673841
"e6befbc4-1320-4f26-bd9f-b1814fedda10","Grief",-0.0365794333492635,0.183202656312134,-0.199666500942764,0.841741414555193,0.964081510631379,0.673237819381276,1.3805718163538,2446.83229583275,TRUE,FALSE,-0.00839185062495923,-0.00914405053833328,-0.0218523212860918,0.186830504999023,-0.11696334753367,0.906889098501051,0.978384710978763,0.678385131955237,1.4110519196051,2442.69298255567,TRUE,FALSE,-0.00497046043393771,-0.00542188210458833,140,0.960229948494761,FALSE,FALSE,0.991429607683353,FALSE,FALSE,2442.69298255567,4.13931327708269,0.0143032003473835,0.0147268458913302,"medium",-0.497046043393771,-0.542188210458833,-0.00994092086787541,-0.0108437642091767,-0.839185062495923,-0.0167837012499185
"2be39749-ad6f-4160-99eb-c677eee7f1b2","Thraben Inspector",-0.0566684500955103,0.184813990343601,-0.306624244139493,0.759129397852243,0.944907301363153,0.65776742264221,1.35739438809979,2446.77822615732,TRUE,FALSE,-0.0129943327675435,-0.0141641034298634,-0.0244380221626433,0.191867918657249,-0.127368985569178,0.898648362214695,0.975858168623046,0.669985544146355,1.42137270511063,2442.69044423859,TRUE,FALSE,-0.00555786574561484,-0.00606149285310476,142,0.937349744607355,FALSE,FALSE,0.986691440953241,FALSE,FALSE,2442.69044423859,4.08778191873535,0.0309508672598923,0.0322276381406572,"medium",-0.555786574561484,-0.606149285310476,-0.0111157314912297,-0.0121229857062095,-1.29943327675435,-0.025988665535087
"1bd3fa8a-6c50-4f7f-9ae3-0810eec5e3db","Reprieve",0.0864589851358233,0.18827427969172,0.459218249446451,0.646077446714794,1.09030664802162,0.753852462603753,1.57692472425469,2446.66139832771,TRUE,FALSE,0.0198203580938935,0.0216039490840825,-0.0251671768392674,0.194060300041173,-0.129687405584387,0.896813747298937,0.975146876428201,0.666626496669069,1.42645309683773,2442.68984220587,TRUE,FALSE,-0.00572487412143141,-0.00624191498211507,138,0.89910899614157,FALSE,FALSE,0.986691440953241,FALSE,FALSE,2442.68984220587,3.97155612184588,0.115159771593419,0.111510397334255,"medium",-0.572487412143141,-0.624191498211507,-0.0114497482428628,-0.0124838299642301,1.98203580938935,0.039640716187787
"4df8aabc-7fcb-4b7b-980b-18f499e6c170","Hullbreacher",-0.147818366403746,0.189065690925702,-0.781836015196613,0.434310952223144,0.862587775633966,0.595480211606927,1.24950864221883,2446.25989510786,TRUE,FALSE,-0.0338725482622241,-0.0369005564785677,-0.0276128097912322,0.195233828808472,-0.141434555475122,0.88752665731324,0.972764938953813,0.663470349480535,1.42624553938047,2442.68665332805,TRUE,FALSE,-0.00628119851636996,-0.00685016585127657,129,0.817899457471323,FALSE,FALSE,0.986691440953241,FALSE,FALSE,2442.68665332805,3.57324177981536,0.110177163319847,0.120061024177135,"medium",-0.628119851636996,-0.685016585127657,-0.0125623970327399,-0.0137003317025531,-3.38725482622241,-0.0677450965244482
"fe964e7e-e2c5-4263-889d-0a531eb51442","Luminarch Aspirant",0.110508234862912,0.17928480544203,0.616383717462567,0.537641297193625,1.11684554608422,0.785928086451074,1.58709682897406,2446.49155484163,TRUE,FALSE,0.0253477245582465,0.0276050894460609,-0.0345576003611503,0.188288839186791,-0.183535043874096,0.854378224709754,0.966032694251836,0.667908744259667,1.39722555571252,2442.67299108887,TRUE,FALSE,-0.00785827535838528,-0.00856707906804344,151,0.859536357087299,FALSE,FALSE,0.974000965271876,FALSE,FALSE,2442.67299108887,3.81856375275629,0.150812851832379,0.144811971157802,"medium",-0.785827535838528,-0.856707906804344,-0.0157165507167706,-0.0171341581360869,2.53477245582465,0.050695449116493
"5d10b752-d9cb-419d-a5c4-d4ee1acb655e","Teferi, Hero of Dominaria",-0.154075867493934,0.20988873045861,-0.73408356493117,0.462897809520415,0.857206984398717,0.56810002285253,1.29344091628858,2446.3321064261,TRUE,FALSE,-0.0353051608579389,-0.0384549933504624,-0.0397524758933505,0.217346835230947,-0.182898802511252,0.854877422506391,0.961027287135268,0.627662753834418,1.47144854617615,2442.67319691927,TRUE,FALSE,-0.00904252576495069,-0.00985392230400067,104,0.845690117467612,FALSE,FALSE,0.974000965271876,FALSE,FALSE,2442.67319691927,3.65890950682615,0.103820302736551,0.114199038442897,"medium",-0.904252576495069,-0.985392230400067,-0.0180850515299014,-0.0197078446080013,-3.53051608579389,-0.0706103217158779
"35f1a6ba-e46f-44fb-93f4-fb883d677b36","Baleful Mastery",-0.106763709854337,0.207460277982982,-0.514622417806145,0.606816896620115,0.898738010838141,0.598465826196635,1.34966772832891,2446.60672150319,TRUE,FALSE,-0.024487459469953,-0.0266697223436697,-0.0413394203719146,0.211266750306332,-0.195674048623237,0.844865297928873,0.959503399670411,0.634180128228642,1.45171179764112,2442.66834355231,TRUE,FALSE,-0.00940404546992899,-0.0102479154471036,107,0.879543591730279,FALSE,FALSE,0.974000965271876,FALSE,FALSE,2442.66834355231,3.93837795087211,0.06076538883227,0.0654009629627618,"medium",-0.940404546992899,-1.02479154471036,-0.018808090939858,-0.0204958308942073,-2.4487459469953,-0.048974918939906
"1be9d9a4-d7ee-4854-abc2-85cabf993ec9","Archon of Cruelty",-0.20988275132678,0.210203669323561,-0.998473299739183,0.318049905387838,0.810679291469431,0.536933008742191,1.22399052194039,2445.87108777944,TRUE,FALSE,-0.0480385796435383,-0.0523092649638395,-0.0414040225258012,0.22972528828802,-0.180232759024294,0.856969841537659,0.959441415686301,0.611606860573965,1.50509729284309,2442.67415824965,TRUE,FALSE,-0.0094186563626027,-0.01026902694163,104,0.72342548197608,FALSE,FALSE,0.974000965271876,FALSE,FALSE,2442.67415824965,3.19692952978767,0.148762124216871,0.168081333228292,"medium",-0.94186563626027,-1.026902694163,-0.0188373127252054,-0.0205380538832599,-4.80385796435383,-0.0960771592870765
"cc520518-2063-4b57-a0d4-10cf62a7175e","Zagoth Triome",-0.183342725152465,0.185605464504425,-0.987808875358265,0.323246260035292,0.832482794047056,0.57860836132741,1.19774902802042,2445.89124798972,TRUE,FALSE,-0.0420242504784659,-0.0457338445480873,-0.053267432897231,0.190582767488317,-0.27949763559025,0.779862952277533,0.948126418379098,0.652587755804331,1.37750623917301,2442.62843462797,TRUE,FALSE,-0.0121198232798241,-0.0132032479084785,138,0.725195957296568,FALSE,FALSE,0.93830072985509,FALSE,FALSE,2442.62843462797,3.26281336174588,0.115643624332043,0.129892200405358,"medium",-1.21198232798241,-1.32032479084785,-0.0242396465596482,-0.026406495816957,-4.20242504784659,-0.0840485009569318
"1716b4dd-9045-462b-b053-72de450a8cde","Blood Crypt",-0.0379377952123474,0.1914359326006,-0.198174891709063,0.842908231400832,0.962772828107875,0.661561570203291,1.40112660754765,2446.83290622864,TRUE,FALSE,-0.00870231615271694,-0.00948352848349782,-0.0569303092652078,0.194130950596272,-0.293257252850958,0.769325525208727,0.944659901115203,0.645695678290005,1.38204785749578,2442.62071437028,TRUE,FALSE,-0.0129440173613863,-0.0141052199726911,127,0.960229948494761,FALSE,FALSE,0.93830072985509,FALSE,FALSE,2442.62071437028,4.21219185835434,0.0181129269926719,0.0189919431654604,"medium",-1.29440173613863,-1.41052199726911,-0.0258880347227726,-0.0282104399453822,-0.870231615271694,-0.0174046323054339
"6a058e68-70af-4a64-859c-c881e5578368","Chrome Mox",0.00758705871347919,0.181508714309775,0.0417999694523238,0.966658159366652,1.00761591337127,0.705978834546852,1.4381306906045,2446.87041518012,TRUE,FALSE,0.0017407941522149,0.00189675750623558,-0.0593757667512597,0.18733922043265,-0.316942531383096,0.75128720901723,0.942352597844132,0.652750282382091,1.36044126311656,2442.60623221839,TRUE,FALSE,-0.0135004923031256,-0.0147111453482144,143,0.99345962933693,FALSE,FALSE,0.93830072985509,FALSE,FALSE,2442.60623221839,4.26418296173097,0.0652633155271405,0.0669378147921601,"medium",-1.35004923031256,-1.47111453482144,-0.0270009846062512,-0.0294222906964289,0.17407941522149,0.0034815883044298
"52d3005f-a1c7-4ef5-911f-ccc0752f4181","Faerie Mastermind",-0.150623891872107,0.18434233927162,-0.81708788370191,0.413878206577187,0.860171155190923,0.599334817149174,1.23452600291421,2446.20336547066,TRUE,FALSE,-0.0345168200404296,-0.0375995268301377,-0.0608286563810501,0.195383293011851,-0.311329875975427,0.755549857298163,0.940984457646137,0.641606616050059,1.38005395733405,2442.60966343804,TRUE,FALSE,-0.0138358286157957,-0.01506676523511,140,0.805095084092118,FALSE,FALSE,0.93830072985509,FALSE,FALSE,2442.60966343804,3.59370203262552,0.0808133024552139,0.0897349478071161,"medium",-1.38358286157957,-1.506676523511,-0.0276716572315914,-0.03013353047022,-3.45168200404296,-0.0690336400808593
"400382a4-aea2-4827-b06a-1b0b3745908b","Noble Hierarch",-0.00147773928839034,0.169672811825157,-0.00870934637373201,0.993051034843471,0.998523352030684,0.716027682209064,1.39247253887522,2446.87208664398,TRUE,FALSE,-0.000339050374387649,-0.000369434771177901,-0.0620865433139092,0.186833764834008,-0.332309009397042,0.739655937578345,0.93980154973102,0.651628462422091,1.35541493935653,2442.59622713313,TRUE,FALSE,-0.0141150556068627,-0.015373644166269,167,0.9969150466522,FALSE,FALSE,0.93830072985509,FALSE,FALSE,2442.59622713313,4.27585951084984,0.0587218022996644,0.060590257336418,"medium",-1.41150556068627,-1.5373644166269,-0.0282301112137253,-0.030747288332538,-0.0339050374387649,-0.000678100748775298
"97b9bab9-12ee-4da5-9d53-d0b82d9279cd","Pyrite Spellbomb",-0.112303341193184,0.210747563143433,-0.532880852893901,0.59411606022233,0.893773098177503,0.591337377964516,1.35088763334312,2446.58755382867,TRUE,FALSE,-0.025755218853784,-0.0280510068400928,-0.0634299000281995,0.218648751546963,-0.29009952985977,0.771740095458091,0.93853990861585,0.611413705580412,1.44068926166523,2442.62241826325,TRUE,FALSE,-0.0144281407877778,-0.0157043680626002,104,0.877101460267703,FALSE,FALSE,0.93830072985509,FALSE,FALSE,2442.62241826325,3.96513556541368,0.0447668104383466,0.0488637151757067,"medium",-1.44281407877778,-1.57043680626002,-0.0288562815755556,-0.0314087361252005,-2.5755218853784,-0.0515104377075681
"8db735ea-f9cf-4e3c-9200-4f180df55baa","Fractured Identity",-0.163854532005908,0.212239350693695,-0.772027107463142,0.440098372579675,0.848865495660155,0.559985908274243,1.28676921878804,2446.27536743673,TRUE,FALSE,-0.0375305701152055,-0.0408863797020843,-0.0646286246169313,0.217037194876864,-0.297776722803658,0.765873581571798,0.937415531793597,0.612613206577979,1.43442529447986,2442.6179601179,TRUE,FALSE,-0.014698351299268,-0.0160020157826628,104,0.820014622201729,FALSE,FALSE,0.93830072985509,FALSE,FALSE,2442.6179601179,3.65740731882215,0.088550036133442,0.0991445744230575,"medium",-1.4698351299268,-1.60020157826628,-0.029396702598536,-0.0320040315653256,-3.75305701152055,-0.075061140230411
"3c02b8ee-84cb-44cb-ba14-9e725a9d03ee","Ponder",-0.186140457103832,0.181230748066896,-1.02709092739121,0.304377650356471,0.830156985346911,0.581960488159892,1.18420517258712,2445.81778336759,TRUE,FALSE,-0.0425816014745841,-0.0464297767513944,-0.0658115897579475,0.186979787135878,-0.351971679752327,0.72485950146519,0.936307257550979,0.64901985304087,1.35076188568831,2442.58278012811,TRUE,FALSE,-0.0149643079993966,-0.0163017012354898,141,0.71390394356336,FALSE,FALSE,0.93830072985509,FALSE,FALSE,2442.58278012811,3.23500323948019,0.106150272204069,0.120183890085348,"medium",-1.49643079993966,-1.63017012354898,-0.0299286159987933,-0.0326034024709796,-4.25816014745841,-0.0851632029491682
"7054012b-4f9d-44a0-aaf9-7fd3bddc7b2d","Slickshot Show-Off",0.120018132507212,0.20677992380908,0.580414821208779,0.561634912670765,1.12751729610952,0.751810848321823,1.69097753226611,2446.53534125003,TRUE,FALSE,0.0275048709959506,0.0299744387250442,-0.0659941957517071,0.216087825593519,-0.305404506572472,0.76005808990169,0.936136297843359,0.612916643265261,1.42980481566169,2442.61341741697,TRUE,FALSE,-0.0150069637866009,-0.0163372782565458,109,0.866218151524148,FALSE,FALSE,0.93830072985509,FALSE,FALSE,2442.61341741697,3.92192383306929,0.191380998266164,0.185477832933752,"medium",-1.50069637866009,-1.63372782565458,-0.0300139275732018,-0.0326745565130916,2.75048709959506,0.0550097419919012
"80c72839-0fa6-4b5f-83b7-6553ebf09bef","Otharri, Suns' Glory",0.121898149924899,0.194906348235601,0.625419084747047,0.53169603961155,1.12963904209972,0.770960381488238,1.65518799159649,2446.48082560398,TRUE,FALSE,0.0279393021247542,0.0304437756208392,-0.0681401102888722,0.205161031026433,-0.332129888156455,0.739791182404542,0.934129583242134,0.624842456200035,1.396508943382,2442.59641886118,TRUE,FALSE,-0.0154928281347848,-0.0168663837187682,125,0.85814456534642,FALSE,FALSE,0.93830072985509,FALSE,FALSE,2442.59641886118,3.88440674280446,0.19550945885759,0.189468389485962,"medium",-1.54928281347848,-1.68663837187682,-0.0309856562695697,-0.0337327674375364,2.79393021247542,0.0558786042495083
"e4e6794a-feeb-4fc8-a2ee-38c75c18aaae","Heartless Act",-0.133668030514241,0.199428447959202,-0.670255582300808,0.502694876999022,0.874880450014211,0.591822932991265,1.29331892893776,2446.42082142161,TRUE,FALSE,-0.0306678456453705,-0.033376196613184,-0.0702630607109077,0.204106349874132,-0.344247304183517,0.730660310173732,0.932148575983272,0.624807606356785,1.39066963792927,2442.58789854267,TRUE,FALSE,-0.0159876032485235,-0.0173955059861232,123,0.853258409643077,FALSE,FALSE,0.93830072985509,FALSE,FALSE,2442.58789854267,3.83292287894437,0.0572681259690615,0.063383736669586,"medium",-1.59876032485235,-1.73955059861232,-0.031975206497047,-0.0347910119722464,-3.06678456453705,-0.061335691290741
"01c6f877-6b00-4d57-8a88-36cd3b16edbc","Llanowar Elves",0.00936930792003219,0.185177194124038,0.0505964460923645,0.959647094807469,1.00941333728628,0.702171226318751,1.45109233659895,2446.86960310864,TRUE,FALSE,0.00214951708637422,0.00234231337438701,-0.0744382964764997,0.220539714816674,-0.337527853150519,0.735719018977996,0.928264749497702,0.602482814595436,1.43020750847249,2442.5926410299,TRUE,FALSE,-0.0169350003841105,-0.0184198248274153,136,0.99345962933693,FALSE,FALSE,0.93830072985509,FALSE,FALSE,2442.5926410299,4.27696207874487,0.0811485877885803,0.0837585854348642,"medium",-1.69350003841105,-1.84198248274153,-0.0338700007682211,-0.0368396496548306,0.214951708637422,0.00429903417274843
"2c695df6-6bf2-4e6b-8500-e3116137ca27","Jacked Rabbit",0.00854623970898865,0.183888110089181,0.0464752163956873,0.962931487187405,1.0085828630719,0.703368420072223,1.44623978366539,2446.87000280253,TRUE,FALSE,0.00196074574033002,0.00213654961995408,-0.0759364695992727,0.193414709264347,-0.392609589457272,0.694607855804028,0.926875089434792,0.634429379049016,1.35412617981611,2442.5523629301,TRUE,FALSE,-0.0172723147943061,-0.0187864155902951,145,0.99345962933693,FALSE,FALSE,0.93830072985509,FALSE,FALSE,2442.5523629301,4.31763987242994,0.0817077736371127,0.084432496744545,"medium",-1.72723147943061,-1.87864155902951,-0.0345446295886123,-0.0375728311805903,0.196074574033002,0.00392149148066004
"c8090bcf-e17a-4110-a518-77ccd045b18f","Charming Scoundrel",0.0747674964979495,0.204095670863869,0.366335533632259,0.714114717689444,1.07763356817655,0.722339507661829,1.60768460667474,2446.73785814572,TRUE,FALSE,0.0171505851585952,0.0186846289878331,-0.0794750254743379,0.210327799978997,-0.377862676651751,0.705532610106822,0.9236010861796,0.611575103184526,1.39482291210072,2442.56401066941,TRUE,FALSE,-0.0180648890252447,-0.0196627870132066,112,0.922191576146019,FALSE,FALSE,0.93830072985509,FALSE,FALSE,2442.56401066941,4.17384747631604,0.154032481996954,0.153937452223972,"medium",-1.80648890252447,-1.96627870132066,-0.0361297780504895,-0.0393255740264131,1.71505851585952,0.0343011703171905
"30377bf0-d9b1-4c14-8dde-f74b1e02d604","Gilded Goose",-0.0346692687489821,0.175155018931623,-0.197934772069057,0.84309609817921,0.965924824961184,0.685248929602153,1.36156472074752,2446.83298499742,TRUE,FALSE,-0.00795361962508594,-0.00866664640888598,-0.0825891150957244,0.18411628004675,-0.448570409280232,0.653741583864025,0.920729383313579,0.641813815740252,1.32085439189127,2442.50541791838,TRUE,FALSE,-0.0187752710921671,-0.020427927964654,153,0.960229948494761,FALSE,FALSE,0.93830072985509,FALSE,FALSE,2442.50541791838,4.32756707903445,0.0451954416476043,0.0479106785434019,"medium",-1.87752710921671,-2.0427927964654,-0.0375505421843342,-0.040855855929308,-0.795361962508594,-0.0159072392501719
"079e6263-e54c-4899-a336-5315909b9322","Magda, Brazen Outlaw",0.117614497578162,0.185794048894915,0.633036947511085,0.526709515522159,1.12481041063896,0.781498664311931,1.61893873612149,2446.46975383096,TRUE,FALSE,0.0269971293315499,0.0293767831384624,-0.0844618435192343,0.195296130723016,-0.432480885343421,0.665391941807799,0.919006720770106,0.626728241001196,1.34759102521281,2442.52010285489,TRUE,FALSE,-0.0191808209302015,-0.0208881345433871,145,0.85814456534642,FALSE,FALSE,0.93830072985509,FALSE,FALSE,2442.52010285489,3.94965097607201,0.205803689868857,0.201391491152606,"low",-1.91808209302015,-2.08881345433871,-0.0383616418604029,-0.0417762690867741,2.69971293315499,0.0539942586630998
"dcb94950-3f3e-4876-84f8-d5e4d9cfecee","Charming Prince",-0.0300381150261316,0.213437979682446,-0.140734629660675,0.888079586834986,0.970408545696539,0.638664146439143,1.47447253898823,2446.85234198633,TRUE,FALSE,-0.00689261170777163,-0.00750905119681672,-0.0867670978857597,0.219566625154029,-0.395174347762969,0.692714222776522,0.91689061653057,0.596236616479395,1.40999123409399,2442.5502085925,TRUE,FALSE,-0.0197347880245302,-0.0214557701092485,104,0.97108668215542,FALSE,FALSE,0.93830072985509,FALSE,FALSE,2442.5502085925,4.30213339383272,0.0535179291659688,0.0567137740927251,"medium",-1.97347880245302,-2.14557701092485,-0.0394695760490605,-0.0429115402184971,-0.689261170777163,-0.0137852234155433
"19adde22-e5eb-4815-beb6-c520b3274cc9","Lotus Cobra",0.020395888979027,0.183233941673111,0.111310649068573,0.911370011148904,1.02060530645131,0.71266583952126,1.46160392962894,2446.85977440333,TRUE,FALSE,0.00467920532482936,0.00509883225720592,-0.0868997816994584,0.193839322073939,-0.448308324491101,0.653930693661656,0.916768968057394,0.626989896217703,1.34047669007603,2442.50561720475,TRUE,FALSE,-0.0197598373718597,-0.0214897357817666,140,0.979568711107354,FALSE,FALSE,0.93830072985509,FALSE,FALSE,2442.50561720475,4.35415719857701,0.103836338393918,0.107192853502971,"medium",-1.97598373718597,-2.14897357817666,-0.0395196747437194,-0.0429794715635332,0.467920532482936,0.00935841064965873
"71384418-173a-4f77-adab-56e52fa23692","Delighted Halfling",-0.00526737374568594,0.200331356634414,-0.0262933064208136,0.979023393769587,0.994746474542031,0.671717890269297,1.473119240902,2446.87147112655,TRUE,FALSE,-0.00120855517384621,-0.00131684092100609,-0.0880805279037048,0.224180299914599,-0.392900392841203,0.694393051417246,0.915687135388786,0.590093714986178,1.42093180900285,2442.55215180872,TRUE,FALSE,-0.0200267751584538,-0.021779858691001,112,0.994441085010053,FALSE,FALSE,0.93830072985509,FALSE,FALSE,2442.55215180872,4.31931931782856,0.0790593391532453,0.0827658587477513,"medium",-2.00267751584538,-2.1779858691001,-0.0400535503169076,-0.043559717382002,-0.120855517384621,-0.00241711034769241
"b841bfa8-7c17-4df2-8466-780ab9a4a53a","Fabled Passage",-0.0458671569963546,0.190649997758473,-0.240583045033453,0.809878292367949,0.955168841260891,0.657348373216266,1.38792085367421,2446.81429136848,TRUE,FALSE,-0.0105214647079694,-0.0114651650651648,-0.0894751808413741,0.194887631486912,-0.459111643764746,0.646153995575003,0.914410959753332,0.624093589581296,1.33977886854755,2442.49591273721,TRUE,FALSE,-0.0203377639281511,-0.0221352990973139,130,0.960229948494761,FALSE,FALSE,0.93830072985509,FALSE,FALSE,2442.49591273721,4.31837863127066,0.0407578815075593,0.0436011145236472,"medium",-2.03377639281511,-2.21352990973139,-0.0406755278563022,-0.0442705981946279,-1.05214647079694,-0.0210429294159388
"a2c56479-4bee-4edb-80d7-4af010b7c793","Raffine's Tower",-0.227533350367559,0.194147895714398,-1.17195887975151,0.241213565741753,0.796495857624926,0.544404236666334,1.1653209297166,2445.49278414547,TRUE,FALSE,-0.0520558770104421,-0.0566844772090372,-0.0938909281813293,0.201926844817317,-0.464974967871521,0.641949382772308,0.910382053852009,0.612830099350289,1.35240662110832,2442.49016983329,TRUE,FALSE,-0.0213533585063485,-0.0232223137856298,126,0.64157835011724,FALSE,FALSE,0.93830072985509,FALSE,FALSE,2442.49016983329,3.00261431217814,0.113886196227083,0.133443869021117,"medium",-2.13533585063485,-2.32223137856298,-0.0427067170126971,-0.0464446275712597,-5.20558770104421,-0.104111754020884
"1f9fb33a-3b39-4aff-93b8-aedafe0ea694","Fanatic of Rhonas",-0.00296616915774742,0.216040250604112,-0.0137297061517617,0.989045623597043,0.997038225575741,0.652851844164329,1.52268119044939,2446.87197397288,TRUE,FALSE,-0.000680571439542084,-0.000741541828145176,-0.0955686715190726,0.244982587552225,-0.390103935442756,0.696459692864723,0.908855946992143,0.562291689583732,1.46902248011969,2442.55416610232,TRUE,FALSE,-0.0217389554563094,-0.0236177718611757,102,0.9969150466522,FALSE,FALSE,0.93830072985509,FALSE,FALSE,2442.55416610232,4.31780787056596,0.0881822785835978,0.0925363851286523,"medium",-2.17389554563094,-2.36177718611757,-0.0434779109126187,-0.0472355437223514,-0.0680571439542084,-0.00136114287908417
"18bd50f2-c3ba-4217-a2d5-bb771e199706","Vampiric Tutor",-0.258198586565303,0.183739219373527,-1.40524482168615,0.159948490040417,0.77244182030668,0.538844925889994,1.10730627141603,2444.88368701525,TRUE,FALSE,-0.0590603656232878,-0.0642674511931893,-0.09588065063049,0.194386748240042,-0.49324684680712,0.621838180415535,0.908572447146708,0.620717831962574,1.32991811932339,2442.46283406317,TRUE,FALSE,-0.0218128352888799,-0.0237412702202861,142,0.6046697045766,FALSE,FALSE,0.93830072985509,FALSE,FALSE,2442.46283406317,2.42085295207971,0.136130626840029,0.161962488333019,"medium",-2.18128352888799,-2.37412702202861,-0.0436256705777598,-0.0474825404405722,-5.90603656232878,-0.118120731246576
"c7bbb911-9de2-455d-9677-e1004db65dbd","Chandra, Torch of Defiance",0.151613434834985,0.182348253009896,0.831449889606332,0.405719525410651,1.16371029960877,0.814004698352521,1.66365337221807,2446.17953208185,TRUE,FALSE,0.0347442085520946,0.0378461252925409,-0.0988659267795565,0.19671451664619,-0.502585820635579,0.615255500434768,0.905864152006317,0.616050474670017,1.33201725447849,2442.45432675511,TRUE,FALSE,-0.022462297023224,-0.0244365788072369,144,0.805095084092118,FALSE,FALSE,0.93830072985509,FALSE,FALSE,2442.45432675511,3.72520532673707,0.257846147602449,0.249177938393304,"low",-2.2462297023224,-2.44365788072369,-0.0449245940464481,-0.0488731576144738,3.47442085520946,0.0694884171041891
"32a180dd-9641-4546-8940-9b21084f0c71","Lightning Bolt",0.00864689383356601,0.185576889526476,0.0465946694959146,0.962836280543914,1.00868438620633,0.701114680578364,1.45118083982655,2446.86999137364,TRUE,FALSE,0.00198394595514413,0.0021617127156569,-0.098903261483893,0.193238871964793,-0.511818665045367,0.608777926012442,0.905830332467358,0.620238343053721,1.32292464728653,2442.44479423767,TRUE,FALSE,-0.0224779210758005,-0.0244413425465329,134,0.99345962933693,FALSE,FALSE,0.93830072985509,FALSE,FALSE,2442.44479423767,4.4251971359663,0.102854053738968,0.107446605383344,"medium",-2.24779210758005,-2.44413425465329,-0.0449558421516009,-0.0488826850930657,0.198394595514413,0.00396789191028826
"45026d57-0324-4312-8b86-2e7d4f581ee9","Marsh Flats",-0.0967987780991471,0.174667984363087,-0.554187296842727,0.579450671119693,0.907738644652776,0.644585356240229,1.27832480061643,2446.56500466059,TRUE,FALSE,-0.0221925208070082,-0.0241851343682961,-0.10289222560964,0.178075282883678,-0.577801837197423,0.563397914775822,0.902224204905545,0.636405220064951,1.27907265725188,2442.37277122943,TRUE,FALSE,-0.0233852762820717,-0.0254209805978938,159,0.877101460267703,FALSE,FALSE,0.93830072985509,FALSE,FALSE,2442.37277122943,4.19223343115755,0.00551443974723098,0.006093428656369,"medium",-2.33852762820717,-2.54209805978938,-0.0467705525641435,-0.0508419611957875,-2.21925208070082,-0.0443850416140164
"0da69523-cece-425a-b08a-fb27fac29374","Figure of Destiny",0.137527350044937,0.212377046007632,0.647562213667833,0.517268143502117,1.14743308788944,0.756742940274561,1.73982817825271,2446.45264424102,TRUE,FALSE,0.0315120512281368,0.0343361122362064,-0.107414945072433,0.226622113248665,-0.473982629199873,0.635512294446534,0.898152911532957,0.576030719617094,1.40040908413939,2442.48211046687,TRUE,FALSE,-0.0244099211086478,-0.0265263207038965,102,0.85814456534642,FALSE,FALSE,0.93830072985509,FALSE,FALSE,2442.48211046687,3.97053377415159,0.249280176356481,0.243724953560368,"low",-2.44099211086478,-2.65263207038965,-0.0488198422172957,-0.053052641407793,3.15120512281368,0.0630241024562736
"c17816e8-28b1-4295-a637-efb0e5c18873","Lush Portico",-0.135007277201319,0.199950290679495,-0.675204205717933,0.499546034974539,0.873709553504585,0.590426662335539,1.29290974236417,2446.41372291143,TRUE,FALSE,-0.0309780994498765,-0.033709759232165,-0.118076774515587,0.21811758868275,-0.541344580364534,0.588270098234453,0.888627826024739,0.579501372181452,1.36265322412075,2442.41298887498,TRUE,FALSE,-0.0268645478703005,-0.0291419719857001,120,0.853258409643077,FALSE,FALSE,0.93830072985509,FALSE,FALSE,2442.41298887498,4.00073403644819,0.0149182725201542,0.0169300982813387,"medium",-2.68645478703005,-2.91419719857001,-0.053729095740601,-0.0582839439714001,-3.09780994498765,-0.061956198899753
"b83cfbaa-7890-4f6f-878b-4edb45677371","Skyclave Apparition",0.0142499561427862,0.18223901275857,0.0781937738088195,0.937673914635765,1.01435197075979,0.709681849361634,1.44981856519198,2446.86604649086,TRUE,FALSE,0.00326976999739621,0.00356244151185181,-0.121458588822695,0.189542418983671,-0.640798980375778,0.521653295484839,0.885627727476352,0.610814644476292,1.2840826243572,2442.29685065552,TRUE,FALSE,-0.0275738006454406,-0.0299677886591345,142,0.983414105593608,FALSE,FALSE,0.915554763504003,FALSE,FALSE,2442.29685065552,4.56919583534363,0.128724243283441,0.13550065129953,"medium",-2.75738006454406,-2.99677886591345,-0.0551476012908812,-0.059935577318269,0.326976999739621,0.00653953999479242
"55707746-da6e-46e5-a5ca-7ac843fdc38e","Phelia, Exuberant Shepherd",-0.0312063961352858,0.177426351902211,-0.175883659900111,0.860385342739325,0.96927549771259,0.684571594496876,1.37238383540653,2446.84122869416,TRUE,FALSE,-0.00715926573545075,-0.00780110618563129,-0.126776332757056,0.184670065986055,-0.686501800278932,0.49239672946115,0.880930685901365,0.613405131242663,1.26513267306799,2442.23530410255,TRUE,FALSE,-0.028799533539212,-0.031270432480316,155,0.960229948494761,FALSE,FALSE,0.883715901484703,FALSE,FALSE,2442.23530410255,4.60592459160762,0.0883448118112257,0.0954972614334952,"medium",-2.8799533539212,-3.1270432480316,-0.057599067078424,-0.0625408649606319,-0.715926573545075,-0.0143185314709015
"1af92296-455a-425e-9397-a96d09937767","Incinerate",0.0423953860131726,0.206474079430041,0.205330306497564,0.83731406730613,1.04330690616952,0.696077823399292,1.56374655802908,2446.83000395347,TRUE,FALSE,0.00972575193049175,0.0105975188171553,-0.129069225077568,0.215455544342836,-0.599052697721213,0.549137743708793,0.87891312061066,0.576164486628422,1.3407426030403,2442.34763308904,TRUE,FALSE,-0.0293233484176298,-0.0318409522839624,110,0.960229948494761,FALSE,FALSE,0.93830072985509,FALSE,FALSE,2442.34763308904,4.48237086442623,0.16439378555886,0.171045752586636,"medium",-2.93233484176298,-3.18409522839624,-0.0586466968352596,-0.0636819045679248,0.972575193049175,0.0194515038609835
"0ce44270-a684-4489-9077-521456e6dfaa","Lórien Revealed",-0.19509284375483,0.181464576107778,-1.07510153187671,0.282329273714233,0.822758266543052,0.576509527517743,1.17418903392554,2445.7167663641,TRUE,FALSE,-0.0446147222660593,-0.04865192961147,-0.135118525236519,0.191797494282506,-0.704485351813293,0.481130569155785,0.87361236043979,0.599870419835986,1.27227236262433,2442.21065748627,TRUE,FALSE,-0.0306872377965027,-0.0333744114313998,144,0.680756566525907,FALSE,FALSE,0.883715901484703,FALSE,FALSE,2442.21065748627,3.50610887782204,0.0508540938967378,0.0599563480855438,"medium",-3.06872377965027,-3.33744114313998,-0.0613744755930055,-0.0667488228627996,-4.46147222660593,-0.0892294445321187
"ebc01ab4-d89a-4d25-bf54-6aed33772f4b","Force of Will",-0.224901768566683,0.190310079294894,-1.1817648828688,0.237299005458765,0.798594662004806,0.54996011367038,1.15963579599667,2445.46837078632,TRUE,FALSE,-0.0514784666762093,-0.056035238184764,-0.14474312121303,0.203462518086373,-0.711399438945233,0.476836746578463,0.86524452753053,0.580694976932936,1.28922777389203,2442.1991463721,TRUE,FALSE,-0.0329057502584038,-0.0357336931765175,133,0.63774107717043,FALSE,FALSE,0.883715901484703,FALSE,FALSE,2442.1991463721,3.26922441421857,0.0666498655257237,0.0801157539080891,"medium",-3.29057502584038,-3.57336931765175,-0.0658115005168076,-0.071467386353035,-5.14784666762093,-0.102956933352419
"9417f14c-a853-42c6-a992-29139484260a","Ignoble Hierarch",-0.0939717409866682,0.190549136651082,-0.49316277490536,0.621897578118823,0.910308486296947,0.626599280438825,1.32247445232287,2446.62902707327,TRUE,FALSE,-0.0215436010581232,-0.0234789837308662,-0.1454931386412,0.19376654829465,-0.750868196402802,0.452731982151899,0.864595822355756,0.591392369963169,1.26401011240909,2442.14312159833,TRUE,FALSE,-0.033034610697537,-0.0358689449255579,128,0.886461741185946,FALSE,FALSE,0.883715901484703,FALSE,FALSE,2442.14312159833,4.48590547494405,0.0457126639411914,0.0515100039121445,"medium",-3.3034610697537,-3.58689449255579,-0.066069221395074,-0.0717378898511158,-2.15436010581232,-0.0430872021162465
"01e7b0bc-1c6c-48f4-8b72-1a809f536c6c","Birds of Paradise",-0.0659544541716868,0.170440801870938,-0.386963998336673,0.698782860807146,0.936173502118223,0.670307694940367,1.30749032523977,2446.72247744252,TRUE,FALSE,-0.0151242318562009,-0.0164840777286365,-0.150174080086185,0.177393132991214,-0.84656084231639,0.397239947665777,0.860558157346979,0.607827216526085,1.21837311992864,2441.99044786676,TRUE,FALSE,-0.0340822260882953,-0.036997999641161,164,0.922191576146019,FALSE,FALSE,0.833235012176995,FALSE,FALSE,2441.99044786676,4.73202957576632,0.0756153447712439,0.0841698807642215,"medium",-3.40822260882953,-3.6997999641161,-0.0681644521765906,-0.0739959992823219,-1.51242318562009,-0.0302484637124018
"6bbf7394-9b17-45f8-a25b-d865e8452b2c","Steamcore Scholar",-0.255532110013214,0.213871075838316,-1.19479508396167,0.232167101529592,0.774504266818997,0.50929930044396,1.1778081352123,2445.4361215794,TRUE,FALSE,-0.0584190963496207,-0.063590530152589,-0.155461902403321,0.222790567444391,-0.697793915544136,0.485306084748592,0.856019688600557,0.553147041710207,1.32472860201193,2442.21861551627,TRUE,FALSE,-0.0353296114311145,-0.0383165178822963,103,0.636674121410827,FALSE,FALSE,0.883715901484703,FALSE,FALSE,2442.21861551627,3.21750606312889,0.0815154217815606,0.0999867821758996,"medium",-3.53296114311145,-3.83165178822963,-0.070659222862229,-0.0766330357645926,-5.84190963496207,-0.116838192699241
"4a706ecf-3277-40e3-871c-4ba4ead16e20","Wrenn and Six",-0.091708580255703,0.213801761550993,-0.428942117176289,0.667965348841273,0.912370993728783,0.600039355812882,1.38727705463578,2446.68812674659,TRUE,FALSE,-0.0210290812473095,-0.022913538458867,-0.158018299224258,0.225893942709284,-0.699524287057226,0.484224440380257,0.853834157322799,0.548388979661494,1.32940813044994,2442.21661758576,TRUE,FALSE,-0.0358808226391793,-0.0389130335450155,101,0.902277801052609,FALSE,FALSE,0.883715901484703,FALSE,FALSE,2442.21661758576,4.47150916083183,0.0585368364059843,0.0662854327778763,"medium",-3.58808226391793,-3.89130335450155,-0.0717616452783585,-0.077826067090031,-2.10290812473095,-0.042058162494619
"1571b584-9007-45ee-a3c3-6c72f227fee2","Mystical Tutor",-0.287927752478982,0.188309758189833,-1.52901132286902,0.126261636953953,0.749815762612249,0.518396503617899,1.08454373040331,2444.51672411811,TRUE,FALSE,-0.06577740291802,-0.0715862494762022,-0.158490001787008,0.195788809981501,-0.809494688700456,0.4182306566756,0.853431496538154,0.58144664265479,1.25264343424161,2442.04875106127,TRUE,FALSE,-0.0360267113876782,-0.0391389753938748,132,0.581454413841251,FALSE,FALSE,0.86474681878033,FALSE,FALSE,2442.04875106127,2.46797305684004,0.103615733925905,0.129257334867753,"medium",-3.60267113876782,-3.91389753938748,-0.0720534227753563,-0.0782779507877497,-6.577740291802,-0.13155480583604
"0055ea30-20fb-4324-a632-8fed87628f05","Boseiju, Who Endures",-0.0650916079617098,0.18425357098828,-0.353271893796024,0.723884614333123,0.936981624468923,0.652967052153588,1.34453118529772,2446.74734961651,TRUE,FALSE,-0.0149298943148719,-0.0162683382837445,-0.158683356037515,0.20026313833046,-0.792374259988211,0.428142483420711,0.853266497882892,0.576258400349096,1.26343271693441,2442.07913019539,TRUE,FALSE,-0.0360291078748408,-0.0390754975062901,137,0.922191576146019,FALSE,FALSE,0.869769769468847,FALSE,FALSE,2442.07913019539,4.66821942112165,0.0837151265860309,0.093523490448973,"medium",-3.60291078748408,-3.90754975062901,-0.0720582157496816,-0.0781509950125803,-1.49298943148719,-0.0298597886297438
"04fc99dc-bfbe-4567-b791-6b1db96471ec","Reanimate",-0.29723674289516,0.180243537855971,-1.64908404723322,0.0991304173589088,0.742868122792346,0.521777473955829,1.05764061387545,2444.1495015954,TRUE,FALSE,-0.0677338240037687,-0.0738842075022904,-0.159773790052102,0.185298885021322,-0.862249063364396,0.388550475944272,0.852336574172459,0.592763603378996,1.22557733222961,2441.96255460916,TRUE,FALSE,-0.0362769952251203,-0.0394353805947336,145,0.576298635879809,FALSE,FALSE,0.831159369483077,FALSE,FALSE,2441.96255460916,2.18694698624358,0.109468451380112,0.137246902028809,"medium",-3.62769952251203,-3.94353805947336,-0.0725539904502407,-0.0788707611894672,-6.77338240037687,-0.135467648007537
"de0e01e4-e143-47fd-8565-7b48219bb546","Goldvein Hydra",-0.0354281930705993,0.206016047267158,-0.171968123554262,0.863462589344127,0.9651920392183,0.644539193809438,1.44536698701648,2446.84256492879,TRUE,FALSE,-0.00812937093120882,-0.0088562750289149,-0.162663598701747,0.228517407854626,-0.711821476660666,0.476575331729533,0.849877040071095,0.543047916950691,1.3300686011205,2442.19807964691,TRUE,FALSE,-0.0369583109727678,-0.0400463992070815,107,0.960229948494761,FALSE,FALSE,0.883715901484703,FALSE,FALSE,2442.19807964691,4.64448528188177,0.115314999147204,0.127064033499321,"medium",-3.69583109727678,-4.00463992070815,-0.0739166219455357,-0.0800927984141629,-0.812937093120882,-0.0162587418624176
"3f3c77ad-fce8-4506-90e1-7ef71552a71c","Wheel of Fortune",-0.212707080208743,0.192679397283516,-1.10394304325002,0.269617845620937,0.808392896817599,0.554128483812828,1.17932770957482,2445.65036752776,TRUE,FALSE,-0.0486628435830171,-0.0530147274844502,-0.171372040264984,0.198219231204654,-0.864558091682076,0.387281382888161,0.842508068231994,0.571276622782677,1.24251512617213,2441.95731116258,TRUE,FALSE,-0.0389151160746296,-0.0422805338678994,127,0.668859655482709,FALSE,FALSE,0.831159369483077,FALSE,FALSE,2441.95731116258,3.69305636518493,0.0341151714143955,0.0413291555782338,"medium",-3.89151160746296,-4.22805338678994,-0.0778302321492592,-0.0845610677357987,-4.86628435830171,-0.0973256871660342
"5eccf31d-869d-4003-a92b-71b4f4b479ee","Strix Serenade",-0.272201549565384,0.212901028695563,-1.27853562396176,0.20106063222392,0.761700725167698,0.501833159658768,1.15613722121413,2445.24201678922,TRUE,FALSE,-0.0620679493369997,-0.0676979206336193,-0.175318059663636,0.220699879059992,-0.794373156933085,0.426978226361848,0.839190065807598,0.544498646368096,1.29337321818441,2442.07608417297,TRUE,FALSE,-0.0397758651516607,-0.0431429486475928,102,0.624846787905165,FALSE,FALSE,0.869769769468847,FALSE,FALSE,2442.07608417297,3.16593261625303,0.0774893406398998,0.0968077786151692,"medium",-3.97758651516607,-4.31429486475928,-0.0795517303033213,-0.0862858972951855,-6.20679493369997,-0.124135898673999
"985bdb0c-ce6c-4506-8163-76f3b2fdf5fb","Lose Focus",-0.302501372224096,0.17424767730184,-1.73604249369757,0.0825563212271462,0.738967474229274,0.525173381867257,1.03979551672483,2443.85483033491,TRUE,FALSE,-0.0689060810419653,-0.0751864441355182,-0.178107308341175,0.18215527158599,-0.9777774027094,0.328184429667951,0.836852617404202,0.585592197333305,1.19592150722879,2441.7496792633,TRUE,FALSE,-0.0404193943962178,-0.0438491546934806,157,0.53974412790088,FALSE,FALSE,0.79682495626042,FALSE,FALSE,2441.7496792633,2.10515107161928,0.0978851431749275,0.124233906769726,"medium",-4.04193943962178,-4.38491546934806,-0.0808387887924356,-0.0876983093869612,-6.89060810419653,-0.137812162083931
"0027e5ca-8046-40a0-bd73-79be55f28bff","Remand",-0.245342425798441,0.18195824542488,-1.34834464481429,0.177547559120738,0.782436565898358,0.547725742702813,1.11772540876719,2445.05092704749,TRUE,FALSE,-0.0560466747812346,-0.0610944349298405,-0.1804146763938,0.187467599725054,-0.962377907747268,0.335859806957039,0.834923916377306,0.578190909347974,1.20565359099979,2441.77904130067,TRUE,FALSE,-0.0409486970883672,-0.0444571968677147,143,0.6046697045766,FALSE,FALSE,0.796962917333201,FALSE,FALSE,2441.77904130067,3.27188574682077,0.0524873504789479,0.0649049498292391,"medium",-4.09486970883672,-4.44571968677147,-0.0818973941767343,-0.0889143937354293,-5.60466747812346,-0.112093349562469
"6151b583-3aa7-4be8-9d05-d5e53f19c6c9","Fastbond",-0.196011116525833,0.179603510205173,-1.09135459714521,0.275116882428652,0.822003096808736,0.57808521144639,1.16883995263009,2445.67599307423,TRUE,FALSE,-0.0449027404268373,-0.0488804224572944,-0.186302958639342,0.19143822362841,-0.973175341414391,0.330466164030484,0.830022094522357,0.570340415096241,1.20793943259137,2441.75537407513,TRUE,FALSE,-0.0423249458175331,-0.0458609408469006,150,0.66962411006219,FALSE,FALSE,0.79682495626042,FALSE,FALSE,2441.75537407513,3.92061899910505,0.00801899771362169,0.00970808163907054,"medium",-4.23249458175331,-4.58609408469006,-0.0846498916350662,-0.0917218816938012,-4.49027404268373,-0.0898054808536746
"f231caf8-56c0-4719-a90d-5e5efbee3148","Den of the Bugbear",0.119169228452295,0.207391602319031,0.574609709938866,0.5655552836465,1.12656054825589,0.750272869895698,1.69156945400817,2446.54204279873,TRUE,FALSE,0.0273115701283388,0.0297628102200053,-0.194322887003497,0.227231575084101,-0.855175549135618,0.392453970164402,0.823391998766986,0.5274523369705,1.28537563702445,2441.97540317765,TRUE,FALSE,-0.0440801216430948,-0.0477142298330445,106,0.866218151524148,FALSE,FALSE,0.831159369483077,FALSE,FALSE,2441.97540317765,4.56663962108451,0.303168549488902,0.310949668956581,"low",-4.40801216430948,-4.77142298330445,-0.0881602432861895,-0.0954284596660889,2.73115701283388,0.0546231402566776
"1132218d-56cd-441e-9006-df3c50344491","Joraga Treespeaker",-0.13805411232144,0.211313858598745,-0.65331310135974,0.513554447887835,0.871051555848713,0.575665063050724,1.31800739986823,2446.44341720153,TRUE,FALSE,-0.0316626103468099,-0.0344674545085374,-0.196056585706685,0.22309687152133,-0.878795764233478,0.379512023349397,0.821965721850976,0.530823102317706,1.27279247068946,2441.93055125859,TRUE,FALSE,-0.0445337909176644,-0.0481601249614262,107,0.85814456534642,FALSE,FALSE,0.831159369483077,FALSE,FALSE,2441.93055125859,4.5128659429347,0.0490858339977364,0.0579862174406507,"medium",-4.45337909176644,-4.81601249614262,-0.0890675818353288,-0.0963202499228524,-3.16626103468099,-0.0633252206936198
"175b3d28-5c74-4972-9b5c-5e39762c78f4","Relic of Sauron",-0.30395427047488,0.198525513300306,-1.53105898290812,0.125754815858218,0.737894609249134,0.500041453726549,1.0888866319005,2444.5083230781,TRUE,FALSE,-0.0693941976989147,-0.075512063009578,-0.201290564922811,0.20389954062408,-0.987204602358184,0.323542346034515,0.81767480941532,0.548299469260182,1.21939219611959,2441.72701388838,TRUE,FALSE,-0.0457140660310227,-0.0495817835816785,119,0.581454413841251,FALSE,FALSE,0.79498976454195,FALSE,FALSE,2441.72701388838,2.78130918971692,0.079780200166186,0.102573628934775,"medium",-4.57140660310227,-4.95817835816785,-0.0914281320620454,-0.0991635671633569,-6.93941976989147,-0.138788395397829
"d6ec3293-b09e-4931-ac4e-dc5eac0ca004","Mana Vault",-0.202122350090851,0.176233446677529,-1.14690119214824,0.251422459937494,0.816994962419089,0.57837090869161,1.15407043920681,2445.55274572369,TRUE,FALSE,-0.0462701015947501,-0.0503977943162066,-0.213961217286596,0.181802383423916,-1.17688895633284,0.23923983055093,0.807379696790889,0.565359261528419,1.15300485752701,2441.31813881656,TRUE,FALSE,-0.048546630016115,-0.0526196622113739,152,0.655222168321955,FALSE,FALSE,0.717442959867233,FALSE,FALSE,2441.31813881656,4.23460690713227,0.00961526562819992,0.0118387289209207,"medium",-4.8546630016115,-5.26196622113739,-0.0970932600322301,-0.105239324422748,-4.62701015947501,-0.0925402031895003
"c78da035-6b5b-4136-9ab6-f622b64fdc54","Unstoppable Slasher",-0.257046914022561,0.194321837926478,-1.32278963993648,0.185905343449072,0.77333193280267,0.528391540370779,1.13181652732869,2445.11273236058,TRUE,FALSE,-0.058765763499989,-0.0639753585528756,-0.216682832656585,0.196105740548119,-1.1049285556402,0.269190547845006,0.805185307295296,0.548235640179124,1.18256335701268,2441.48031556326,TRUE,FALSE,-0.0491764070846299,-0.0532516909807635,125,0.6046697045766,FALSE,FALSE,0.719662428753327,FALSE,FALSE,2441.48031556326,3.63241679732437,0.031853374492626,0.0403586019632565,"medium",-4.91764070846299,-5.32516909807635,-0.0983528141692599,-0.106503381961527,-5.8765763499989,-0.117531526999978
"064dfdeb-485f-473e-9fa0-8fdb7638cdc6","Dismember",-0.227487739586353,0.18533667074361,-1.22742972922533,0.219661118266434,0.796532187251724,0.553913016636358,1.14542086261269,2445.36914864095,TRUE,FALSE,-0.0519341451025937,-0.0566781769580249,-0.217221406072216,0.187839744714938,-1.15641876750774,0.247509908699886,0.804751772649727,0.556890133308011,1.16293210607968,2441.37198291108,TRUE,FALSE,-0.0491928143363256,-0.0533833285348944,138,0.636674121410827,FALSE,FALSE,0.717442959867233,FALSE,FALSE,2441.37198291108,3.99716572986927,0.0082195853980026,0.0102662433445077,"medium",-4.91928143363256,-5.33833285348944,-0.0983856286726513,-0.106766657069789,-5.19341451025937,-0.103868290205187
"329a8738-3e17-403a-857a-0ba529ce8cd1","Walking Ballista",-0.27103324474859,0.201774941522492,-1.34324531432649,0.179192553088033,0.762591143832794,0.513496466865571,1.13252045569469,2445.0513448528,TRUE,FALSE,-0.0619827762647894,-0.0674177692938089,-0.219313023399026,0.205309710518497,-1.06820579915662,0.28542768944409,0.803070299010989,0.53701993835208,1.20092730100977,2441.55789804525,TRUE,FALSE,-0.0497998503327071,-0.0538776115895732,117,0.6046697045766,FALSE,FALSE,0.727846106028826,FALSE,FALSE,2441.55789804525,3.49344680754302,0.0404791551781951,0.0517086952140444,"medium",-4.97998503327071,-5.38776115895732,-0.0995997006654142,-0.107755223179146,-6.19827762647894,-0.123965552529579
"af7091c9-5f98-4078-a42b-c9e057346d9b","Hallowed Fountain",-0.323256123704787,0.205848017738957,-1.57036306327088,0.116330670472363,0.723788451246246,0.483493098384423,1.08351023811495,2444.39965647827,TRUE,FALSE,-0.073628420511012,-0.080232561556283,-0.224802451458112,0.211466606669036,-1.06306359665547,0.287753111685815,0.798673980056311,0.52767379403501,1.20885314683008,2441.57450003666,TRUE,FALSE,-0.0509688477118942,-0.0551672282222194,108,0.580366501005905,FALSE,FALSE,0.727846106028826,FALSE,FALSE,2441.57450003666,2.82515644160458,0.0748855288100646,0.0983742222735777,"medium",-5.09688477118942,-5.51672282222194,-0.101937695423788,-0.110334456444439,-7.3628420511012,-0.147256841022024
"ff84ea71-e477-44f7-a3f8-77fef708efeb","Thieving Skydiver",-0.270169448802154,0.205553346601958,-1.31435198340663,0.188727781175246,0.763250151554748,0.510148199540389,1.14192462969229,2445.14741140295,TRUE,FALSE,-0.061618881418954,-0.0672022417759887,-0.229829777200332,0.219095076550303,-1.04899562700837,0.294180131078369,0.794668861749359,0.517235949155402,1.22091011049251,2441.60684431405,TRUE,FALSE,-0.0520596615998538,-0.0563425571045332,110,0.6046697045766,FALSE,FALSE,0.736878386584653,FALSE,FALSE,2441.60684431405,3.54056708890676,0.0314187101946108,0.0403342021328523,"medium",-5.20596615998538,-5.63425571045332,-0.104119323199708,-0.112685114209066,-6.1618881418954,-0.123237762837908
"01794178-cf41-454c-ac37-1d8b18e42db2","Green Sun's Zenith",-0.080526390731164,0.182024003453838,-0.442394350213189,0.658203866668929,0.922630554367537,0.645781906976424,1.31816505023828,2446.6761801076,TRUE,FALSE,-0.0184745996924139,-0.0201230215067753,-0.230403220771594,0.202692892665181,-1.13671090161107,0.255659160495089,0.794213294632808,0.53382815955554,1.18160637666,2441.40799154875,TRUE,FALSE,-0.0522570877935977,-0.0564556258406321,140,0.89910899614157,FALSE,FALSE,0.717442959867233,FALSE,FALSE,2441.40799154875,5.26818855885494,0.128417259734729,0.149596901092084,"medium",-5.22570877935977,-5.64556258406321,-0.104514175587195,-0.112911251681264,-1.84745996924139,-0.0369491993848277
"1785cb18-c291-4fd5-b8c7-ace893c32e49","Mesmeric Fiend",-0.27639487046471,0.193842955049053,-1.42587008330928,0.153905846397411,0.758513357096932,0.518753187768164,1.109087185314,2444.82632170826,TRUE,FALSE,-0.0631464664558841,-0.0687435079710121,-0.230459222052026,0.201758079578904,-1.14225523227136,0.253347943779268,0.794168818916733,0.534777205024972,1.17937733136952,2441.39439986049,TRUE,FALSE,-0.0522879708629997,-0.0565878838515156,126,0.6046697045766,FALSE,FALSE,0.717442959867233,FALSE,FALSE,2441.39439986049,3.43192184776581,0.0356554618198014,0.0459275727777628,"medium",-5.22879708629997,-5.65878838515156,-0.104575941725999,-0.113175767703031,-6.31464664558841,-0.126292932911768
"8e42df9e-95f2-4c79-9274-2d16e3cd91f1","Thalia, Guardian of Thraben",-0.0769941475366127,0.202641721288349,-0.379952099928394,0.70398097207006,0.925895272358821,0.622400239534531,1.37738066427729,2446.72757377258,TRUE,FALSE,-0.0176652909157608,-0.0192406561719632,-0.230852572896805,0.21075550384917,-1.095357267927,0.273360147355915,0.793856493371701,0.525222466494701,1.19988799465183,2441.50093408008,TRUE,FALSE,-0.0523724785332844,-0.0565297373573302,119,0.922191576146019,FALSE,FALSE,0.719662428753327,FALSE,FALSE,2441.50093408008,5.22663969250107,0.13203877898712,0.153555625431827,"medium",-5.23724785332844,-5.65297373573302,-0.104744957066569,-0.11305947471466,-1.76652909157608,-0.0353305818315216
"4216656e-90e8-45fc-a0f6-0d0d79d0a021","Shelldock Isle",-0.318921237655421,0.201988816415151,-1.57890542315936,0.114357751912491,0.726932801983467,0.489280508074645,1.08001706562755,2444.36630569231,TRUE,FALSE,-0.0726987597579397,-0.0791760155413952,-0.234729779617532,0.205610629084638,-1.14162278799754,0.253610847639023,0.790784506852059,0.528492527616918,1.1832525600637,2441.39848977118,TRUE,FALSE,-0.05322288079008,-0.0576490646846972,119,0.580366501005905,FALSE,FALSE,0.717442959867233,FALSE,FALSE,2441.39848977118,2.96781592112848,0.063851704868592,0.0841417627602633,"medium",-5.322288079008,-5.76490646846972,-0.10644576158016,-0.115298129369394,-7.26987597579397,-0.145397519515879
"068bb15a-fc2d-42a2-859b-837b946d23c0","Underground Sea",-0.372290171851088,0.201255328911114,-1.84984007064734,0.0643366035788493,0.689154240346518,0.464520022337703,1.02241785961664,2443.45282009994,TRUE,FALSE,-0.0844895968328206,-0.092196796335522,-0.236799558299334,0.207936145494777,-1.13880902108615,0.254782818367752,0.789149450623852,0.525001371785536,1.18620043468063,2441.40939831129,TRUE,FALSE,-0.0536296612165079,-0.0581454392085353,118,0.50201928644842,FALSE,FALSE,0.717442959867233,FALSE,FALSE,2441.40939831129,2.04342178865409,0.0999952102773338,0.13528371861359,"medium",-5.36296612165079,-5.81454392085353,-0.107259322433016,-0.116290878417071,-8.44895968328206,-0.168979193665641
"247939d9-87e9-4f01-b223-fb4cfa7dbbe1","Mana Leak",-0.304697221084255,0.186740518144651,-1.63166100271947,0.10275091957547,0.737346593599026,0.5113460907863,1.06323292362726,2444.20008875273,TRUE,FALSE,-0.069467135137769,-0.0757076755720574,-0.243539277178564,0.194256175646224,-1.25370159465145,0.209950488113729,0.783848688062756,0.535646215554205,1.14706077992542,2441.12990195129,TRUE,FALSE,-0.0551922913696468,-0.0597572884571111,136,0.576298635879809,FALSE,FALSE,0.717442959867233,FALSE,FALSE,2441.12990195129,3.07018680144301,0.0465020944637302,0.0611388886414773,"medium",-5.51922913696468,-5.97572884571111,-0.110384582739294,-0.119514576914222,-6.9467135137769,-0.138934270275538
"32aa6e33-221f-414c-9b51-850d97a7e051","Galvanic Discharge",-0.103314050920221,0.203737276350316,-0.507094493314898,0.612088518611151,0.901843704158163,0.604932067386798,1.3444849605066,2446.61518129799,TRUE,FALSE,-0.0236815988975412,-0.0258094233379695,-0.263164301784282,0.211303693971081,-1.24543161947892,0.212973136515691,0.768615602021334,0.507976779564229,1.16298611951793,2441.15834062532,TRUE,FALSE,-0.0595329916809851,-0.0642642871164794,110,0.88069951055187,FALSE,FALSE,0.717442959867233,FALSE,FALSE,2441.15834062532,5.45684067267121,0.133228102136828,0.159510742517318,"medium",-5.95329916809851,-6.42642871164794,-0.11906598336197,-0.128528574232959,-2.36815988975412,-0.0473631977950825
"d40b65c1-b24d-492d-81b9-d8474ebdc08c","Sylvan Caryatid",-0.223421988077453,0.185736995313135,-1.20289438138473,0.22901719488454,0.79977728159734,0.555733454038627,1.15099009338166,2445.42163413697,TRUE,FALSE,-0.0510932354415218,-0.055671133999679,-0.267201522754654,0.190585552260565,-1.40200303530533,0.16091434030327,0.765518786465339,0.52689752177464,1.11220681102769,2440.73629323458,TRUE,FALSE,-0.060492105292888,-0.0652810474088404,139,0.636674121410827,FALSE,FALSE,0.717442959867233,FALSE,FALSE,2440.73629323458,4.68534090238836,0.0342584951320007,0.043772543521944,"medium",-6.0492105292888,-6.52810474088404,-0.120984210585776,-0.130562094817681,-5.10932354415218,-0.102186470883044
"0f7585c8-9e21-4eef-afc1-2852de23db2f","Polluted Delta",-0.34461636873514,0.186875109283707,-1.84409989139836,0.0651685837595758,0.708492101059904,0.491206051237154,1.02189510084421,2443.44621925719,TRUE,FALSE,-0.0784958653214972,-0.0854806145071593,-0.268137769646179,0.190621956326819,-1.40664682501978,0.15953214083526,0.764802407287325,0.526366887809617,1.11124528487447,2440.71740135418,TRUE,FALSE,-0.060759941898241,-0.0656528514297977,138,0.50201928644842,FALSE,FALSE,0.717442959867233,FALSE,FALSE,2440.71740135418,2.72881790300835,0.0563103062274208,0.0764413440875319,"medium",-6.0759941898241,-6.56528514297977,-0.121519883796482,-0.131305702859595,-7.84958653214972,-0.156991730642994
"c3896705-bbd2-4ffb-a590-ee78e0eabdc5","Long Goodbye",-0.323181005061919,0.215903313211847,-1.49687839549182,0.134424902708882,0.723842823294579,0.474093130396204,1.10515930150095,2444.6121077899,TRUE,FALSE,-0.0737039285085099,-0.0802039860591669,-0.268333549061427,0.218217190576387,-1.22966274266782,0.218823424082705,0.764652689375567,0.498556057975782,1.17277430695204,2441.18463120663,TRUE,FALSE,-0.060805944057115,-0.0657673856544501,101,0.582482478585661,FALSE,FALSE,0.717442959867233,FALSE,FALSE,2441.18463120663,3.42747658327471,0.0408098660809877,0.054833710593834,"medium",-6.0805944057115,-6.57673856544501,-0.12161188811423,-0.1315347713089,-7.37039285085099,-0.14740785701702
"0a26d900-c652-4f9c-8681-a35c5f8b1937","Sacred Foundry",-0.102213387004123,0.191311534752045,-0.534277178511999,0.593149779095771,0.902836877456029,0.620528344602977,1.31358129630013,2446.58714908171,TRUE,FALSE,-0.0234218341271811,-0.0255353890657408,-0.269848330577326,0.197847987638591,-1.36391748937198,0.172593535721597,0.763495284444728,0.518077524694226,1.12516953850369,2440.85248343945,TRUE,FALSE,-0.0609708890424173,-0.0659028273522044,127,0.877101460267703,FALSE,FALSE,0.717442959867233,FALSE,FALSE,2440.85248343945,5.73466564225737,0.139341593011302,0.167243477857808,"medium",-6.09708890424173,-6.59028273522044,-0.121941778084835,-0.131805654704409,-2.34218341271811,-0.0468436682543623
"99ff731b-8399-40c8-b539-ba6ba5783771","Wasteland",-0.125897444918916,0.212641985739623,-0.592062966685586,0.553808424519878,0.881705265501883,0.581191055585317,1.33760519495749,2446.52158012439,TRUE,FALSE,-0.0288513463284052,-0.0314392578782026,-0.270810336548959,0.221129485257389,-1.22466859737743,0.220700110479317,0.762761150598968,0.494492088194795,1.17657003368246,2441.2060163867,TRUE,FALSE,-0.0612724572466316,-0.0660913190803002,102,0.865954991067445,FALSE,FALSE,0.717442959867233,FALSE,FALSE,2441.2060163867,5.31556373768854,0.118944114902916,0.144659828547841,"medium",-6.12724572466316,-6.60913190803003,-0.122544914493263,-0.1321826381606,-2.88513463284052,-0.0577026926568104
"3462a3d0-5552-49fa-9eb7-100960c55891","Oko, Thief of Crowns",-0.311947227159973,0.202962378864496,-1.53697068838673,0.124300487441638,0.732020157991697,0.491765407741845,1.08965271503499,2444.49954015881,TRUE,FALSE,-0.0711151272823882,-0.0774668507314394,-0.281677690420011,0.208940770490547,-1.34812219634633,0.177619083434245,0.754516833350039,0.500973736923607,1.13637823672059,2440.87965049497,TRUE,FALSE,-0.0637541024320169,-0.0688015119084804,112,0.581454413841251,FALSE,FALSE,0.717442959867233,FALSE,FALSE,2440.87965049497,3.61988966383888,0.0224966753583421,0.03026722575943,"medium",-6.37541024320169,-6.88015119084804,-0.127508204864034,-0.137603023816961,-7.11151272823882,-0.142230254564776
"4720b4f2-e6af-4223-9250-a0ed21ed5693","Pest Infestation",-0.308940191293571,0.198287075677419,-1.5580450225418,0.119222575788035,0.734224681741542,0.497787072016801,1.08296481283522,2444.42577708792,TRUE,FALSE,-0.0705104236722005,-0.0767350079958101,-0.286302273825173,0.202327692629413,-1.41504244972323,0.157056050193148,0.751035563240028,0.505167838540306,1.11656834465376,2440.69148051631,TRUE,FALSE,-0.0648445294157027,-0.0700016134806372,121,0.580366501005905,FALSE,FALSE,0.717442959867233,FALSE,FALSE,2440.69148051631,3.73429657160477,0.0168108814984864,0.0226369507367983,"medium",-6.48445294157027,-7.00016134806372,-0.129689058831405,-0.140003226961274,-7.05104236722005,-0.141020847344401
"14065271-d942-42a8-aa38-d8a622c0375d","Scrubland",-0.273664425862696,0.205820683093161,-1.32962548636974,0.183641696572087,0.76058726585639,0.50810205052154,1.138537009227,2445.09564449318,TRUE,FALSE,-0.0624999397536867,-0.0680622597351008,-0.288904451507302,0.208937855499908,-1.38272909337595,0.166747947693283,0.749083775809076,0.497369211557532,1.12818905983986,2440.78456755487,TRUE,FALSE,-0.0653859882520747,-0.0705175662083907,111,0.6046697045766,FALSE,FALSE,0.717442959867233,FALSE,FALSE,2440.78456755487,4.31107693830518,0.0115034900473135,0.0152397306828154,"medium",-6.53859882520747,-7.05175662083907,-0.130771976504149,-0.141035132416781,-6.24999397536867,-0.124999879507373
"e58e681e-a069-4414-aafe-634c7987fd0d","Swords to Plowshares",-0.192625750361473,0.174072874929573,-1.10658108243117,0.268475090059856,0.824790593966729,0.586367481026131,1.16015902298251,2445.64612822056,TRUE,FALSE,-0.0440764177953852,-0.0480423163887331,-0.293665925760271,0.17894263401234,-1.6411177100479,0.100772983141529,0.745525510713701,0.524980852531354,1.05872106467298,2440.00594479517,TRUE,FALSE,-0.0663807335661937,-0.0715883374452204,158,0.668859655482709,FALSE,FALSE,0.665648603098724,FALSE,FALSE,2440.00594479517,5.64018342539703,0.0792650832530285,0.100954302151998,"medium",-6.63807335661937,-7.15883374452204,-0.132761467132387,-0.143176674890441,-4.40764177953852,-0.0881528355907704
"68c72226-6f52-4322-8b14-18737293dfa0","Bloodstained Mire",-0.330574415948251,0.190114206874239,-1.73882016175112,0.0820664010313872,0.718510890756927,0.494999631221023,1.0429460298038,2443.83111158083,TRUE,FALSE,-0.0753196917364032,-0.0820433903931834,-0.315277921992013,0.193024076900881,-1.63336059964121,0.102393178494635,0.729586078073437,0.499771086338566,1.06507931304769,2440.02623601402,TRUE,FALSE,-0.0712804195515046,-0.0770376223811333,134,0.53974412790088,FALSE,FALSE,0.665648603098724,FALSE,FALSE,2440.02623601402,3.8048755668151,0.0110751873165107,0.0152961957036015,"medium",-7.12804195515046,-7.70376223811333,-0.142560839103009,-0.154075244762267,-7.53196917364032,-0.150639383472806
"9e7fb3c0-5159-4d1f-8490-ce4c9a60f567","Urza, Lord High Artificer",-0.447628228338587,0.206059365699283,-2.17232653715844,0.0298310417680719,0.639142254846095,0.426772333350041,0.957191434419191,2442.05720332258,TRUE,FALSE,-0.101621997385881,-0.110380951891022,-0.317261441098694,0.210542656152437,-1.50687488652651,0.131842729720697,0.728140364421931,0.481945111892549,1.10010118832517,2440.40400784433,TRUE,FALSE,-0.0718688120910993,-0.0775053867709949,110,0.357963624823196,TRUE,FALSE,0.717442959867233,FALSE,FALSE,2440.40400784433,1.6531954782472,0.0889981095758361,0.130182463115755,"medium",-7.18688120910993,-7.75053867709949,-0.143737624182199,-0.15501077354199,-10.1621997385881,-0.203243994771762
"d5806e68-1054-458e-866d-1f2470f682b2","The One Ring",-0.328149596684574,0.185039849122583,-1.77339961224885,0.0761625132179408,0.720255263846025,0.501161085834453,1.03513153706684,2443.70056465092,TRUE,FALSE,-0.0748470753608937,-0.0814582477282649,-0.317580734579531,0.189000355527635,-1.68031818613746,0.0928954245329665,0.727907911062832,0.502569454136129,1.05428199550771,2439.86079261124,TRUE,FALSE,-0.0718566464089127,-0.0774977165730019,141,0.531079146222398,FALSE,FALSE,0.665648603098724,FALSE,FALSE,2439.86079261124,3.83977203967515,0.00765264721680792,0.0105687637269047,"medium",-7.18566464089127,-7.74977165730019,-0.143713292817825,-0.154995433146004,-7.48470753608937,-0.149694150721787
"9814d8e8-c462-41ca-9909-1c659f488543","Lotus Petal",-0.237745792096934,0.199213049033213,-1.19342479446362,0.232703049301663,0.788403083916705,0.533549532459694,1.16498916204435,2445.44472828341,TRUE,FALSE,-0.0543404194623522,-0.0592070621584899,-0.318157035552818,0.205741618458684,-1.54639123545491,0.12201010958637,0.727488537879418,0.486066123509867,1.08882217284412,2440.30905610038,TRUE,FALSE,-0.0718771764300828,-0.0777746726174735,118,0.636674121410827,FALSE,FALSE,0.717442959867233,FALSE,FALSE,2440.30905610038,5.13567218302251,0.0609145460372871,0.0803679434089249,"medium",-7.18771764300828,-7.77746726174735,-0.143754352860166,-0.155549345234947,-5.43404194623522,-0.108680838924704
"74d29b3d-f588-431d-bf4e-f7215683ab39","Tangle Wire",-0.257063396772305,0.216198848894922,-1.18901371624437,0.234434269511739,0.773319186271002,0.506205208958823,1.18138366273408,2445.44734420381,TRUE,FALSE,-0.0587829416622806,-0.063967096226559,-0.334662604099413,0.223588675368139,-1.49677797208822,0.134451039831485,0.715579479210619,0.461673933914818,1.10912475981765,2440.44236192051,TRUE,FALSE,-0.0756617912978544,-0.0813646150838981,100,0.636674121410827,FALSE,FALSE,0.717442959867233,FALSE,FALSE,2440.44236192051,5.00498228330116,0.0577397070603823,0.0775602912394377,"medium",-7.56617912978544,-8.13646150838981,-0.151323582595709,-0.162729230167796,-5.87829416622806,-0.117565883324561
"ebeafbc2-0399-4335-8f63-76a3e085e8c6","Evolved Sleeper",-0.45343579653037,0.209611210187266,-2.16322302669438,0.0305240300236834,0.635441150228072,0.421357444589798,0.958296715977738,2442.13677821315,TRUE,FALSE,-0.102713929276834,-0.111760029781062,-0.364397314305383,0.214280180426164,-1.70056471662785,0.0890247543383634,0.694615159370587,0.45639963170979,1.05716610204065,2439.7912922124,TRUE,FALSE,-0.0822627325277458,-0.0884858433263192,107,0.357963624823196,TRUE,FALSE,0.665648603098724,FALSE,FALSE,2439.7912922124,2.3454860007505,0.0591740091425146,0.088979705168077,"medium",-8.22627325277458,-8.84858433263192,-0.164525465055492,-0.176971686652638,-10.2713929276834,-0.205427858553668
"0845f0b0-9413-4ddd-861d-9607636bebc6","Natural Order",0.036970867450521,0.199360611594396,0.185447201204113,0.852878289205735,1.03766279063523,0.702032253205556,1.53375298948497,2446.83777539801,TRUE,FALSE,0.00848149631721905,0.00924184887391716,-0.366495060532688,0.277223431647863,-1.32202050293577,0.186161323672008,0.693159560313089,0.40258340485357,1.19346741634369,2440.93689643721,TRUE,FALSE,-0.0825866720229967,-0.0886612834470685,113,0.960229948494761,FALSE,FALSE,0.717442959867233,FALSE,FALSE,2440.93689643721,5.90087896079604,0.344503230322138,0.398080403957559,"low",-8.25866720229967,-8.86612834470685,-0.165173344045993,-0.177322566894137,0.848149631721905,0.0169629926344381
"a7a8b6b8-b95f-4014-b17a-a6d44d965995","City of Traitors",-0.373620401354384,0.200313397244302,-1.86517929651363,0.0621562765321735,0.688238116506259,0.464759756333023,1.01917538805291,2443.36640761472,TRUE,FALSE,-0.0849694904096093,-0.0925207139871868,-0.382397967442427,0.204914642070697,-1.86613295945195,0.0620227656962775,0.682223496433558,0.456562048522061,1.01942091024138,2439.19598259357,TRUE,FALSE,-0.0862023010306461,-0.0928958806708366,116,0.50201928644842,FALSE,FALSE,0.665648603098724,FALSE,FALSE,2439.19598259357,4.17042502114782,0.00601462007270159,0.00877750973235866,"medium",-8.62023010306461,-9.28958806708366,-0.172404602061292,-0.185791761341673,-8.49694904096093,-0.169938980819219
"054f2276-2dd5-43da-bb26-c57c560861fe","Steam Vents",-0.468648160442906,0.191725185861758,-2.44437452667706,0.0145103544286063,0.625847742416171,0.42980247997111,0.91131488285909,2440.85459054821,TRUE,FALSE,-0.105905519833575,-0.115465992855395,-0.416195743965993,0.201664937763826,-2.06379824168249,0.0390368498632773,0.659551154689188,0.444209481789496,0.979285097426141,2438.41154545384,TRUE,FALSE,-0.0936017665260476,-0.101098704017723,131,0.294895476283841,TRUE,FALSE,0.531145576607402,TRUE,FALSE,2438.41154545384,2.44304509437598,0.033703412273017,0.0524403939491702,"medium",-9.36017665260476,-10.1098704017723,-0.187203533052095,-0.202197408035446,-10.5905519833575,-0.211811039667151
"1e2fee55-227b-4373-a3f7-b463f220033f","Tinker",-0.521143526435184,0.185320085848317,-2.81212651100181,0.00492151420809266,0.593841086572407,0.412973895641509,0.85392137329576,2438.78248366489,TRUE,FALSE,-0.117857896645025,-0.128007971849642,-0.428438788040711,0.200845488316688,-2.13317606300999,0.0329102859664263,0.65152547048418,0.439509500649142,0.965816297628789,2438.08757612696,TRUE,FALSE,-0.0966702632976604,-0.104680102103965,141,0.21331440680502,TRUE,FALSE,0.531145576607402,TRUE,FALSE,2438.08757612696,0.69490753792843,0.0576843839117726,0.0926384020590839,"medium",-9.66702632976604,-10.4680102103965,-0.193340526595321,-0.20936020420793,-11.7857896645025,-0.235715793290049
"5da578b8-19e6-4068-9336-e7cd33c585f1","Retrofitter Foundry",-0.554832378592803,0.201056937785975,-2.75957837964995,0.00578760018463232,0.574168496061977,0.387165133019865,0.851495741103209,2439.09253925124,TRUE,FALSE,-0.125023697002143,-0.135859926944975,-0.432163618409371,0.206978999810966,-2.08795877264875,0.0368015537832933,0.649103162769098,0.432642962524972,0.97386286710379,2438.27783497062,TRUE,FALSE,-0.0973614693363018,-0.104837741798253,118,0.21331440680502,TRUE,FALSE,0.531145576607402,TRUE,FALSE,2438.27783497062,0.814704280626756,0.0749346667071213,0.12251516850922,"medium",-9.73614693363018,-10.4837741798253,-0.194722938672604,-0.209675483596505,-12.5023697002143,-0.250047394004286
"522aa72b-2b8c-484c-872b-f082101cee35","Get Lost",-0.328215844142235,0.180592984345646,-1.81743407880145,0.0691506735726712,0.720207550346394,0.505514734054522,1.02608070671984,2443.5435732947,TRUE,FALSE,-0.0748505870458208,-0.0814817991024009,-0.438973229346038,0.188756684471785,-2.32560362338667,0.0200397061082553,0.644698038386882,0.445331499740755,0.933317227597534,2437.23780329653,TRUE,FALSE,-0.098721332914442,-0.105380740338497,153,0.50201928644842,FALSE,FALSE,0.531145576607402,TRUE,FALSE,2437.23780329653,6.30576999816776,0.0755095119595127,0.1106443003572,"medium",-9.8721332914442,-10.5380740338497,-0.197442665828884,-0.210761480676995,-7.48505870458208,-0.149701174091642
"3b6e5956-f795-451b-bb24-56462d1ced27","Umezawa's Jitte",-0.392079070614177,0.196595861918662,-1.99434040364691,0.0461148666201798,0.675650687733583,0.45959621890142,0.993271556772274,2442.83115704645,TRUE,FALSE,-0.0892827144920595,-0.0970093481262632,-0.505963482449091,0.200927820301079,-2.5181355259363,0.0117977915979563,0.602924388423886,0.406658297424175,0.893914671012211,2436.25054143129,TRUE,FALSE,-0.11349965428406,-0.120803864368369,126,0.440653169926162,TRUE,FALSE,0.531145576607402,TRUE,FALSE,2436.25054143129,6.58061561516161,0.0727262993096971,0.113761484430407,"medium",-11.349965428406,-12.0803864368369,-0.22699930856812,-0.241607728736739,-8.92827144920595,-0.178565428984119
"d2e27911-87cb-49a0-a34f-6afe4bddd592","Phyrexian Metamorph",-0.575642027832533,0.18683500073765,-3.0810181473483,0.00206294075283578,0.562343712568264,0.389910275448977,0.811033899275732,2437.24911956772,TRUE,FALSE,-0.129214708474113,-0.140844431128966,-0.52061305299726,0.190777763138849,-2.72889798282389,0.00635463593574043,0.594156187064013,0.408796636138955,0.863562816858525,2435.18093478134,TRUE,FALSE,-0.116414863171826,-0.125096807606707,140,0.167654062048171,TRUE,FALSE,0.409874017855258,TRUE,FALSE,2435.18093478134,2.06818478638343,0.0318124744957486,0.0550150925319817,"medium",-11.6414863171826,-12.5096807606707,-0.232829726343652,-0.250193615213415,-12.9214708474113,-0.258429416948226
"31b770cc-09e7-4c0b-b2a4-462ab4f7200d","Expressive Iteration",-0.663913885518051,0.211521223845565,-3.13875777308656,0.00169665634313607,0.514832391072616,0.340106837001626,0.779320972298715,2436.6762400699,TRUE,FALSE,-0.148530785103911,-0.161070865357475,-0.611368645762472,0.218883910137293,-2.79311825788838,0.00522026037183804,0.542607722877956,0.353320002640586,0.833304479583349,2434.66406472297,TRUE,FALSE,-0.136301842656568,-0.14573418950492,108,0.167654062048171,TRUE,FALSE,0.409874017855258,TRUE,FALSE,2434.66406472297,2.01217534692978,0.0277753318053398,0.0525331532990019,"medium",-13.6301842656568,-14.573418950492,-0.272603685313137,-0.29146837900984,-14.8530785103911,-0.297061570207822
