card_id,card_name,v0_coef,v0_se,v0_z,v0_p,v0_or,v0_or_lower,v0_or_upper,v0_aic,v0_separation,v0_win_rate_lift_prob,v0_win_rate_lift_mean_prob,v1_coef,v1_se,v1_z,v1_p,v1_or,v1_or_lower,v1_or_upper,v1_aic,v1_separation,v1_win_rate_lift_prob,v1_win_rate_lift_mean_prob,v2_coef,v2_se,v2_z,v2_p,v2_or,v2_or_lower,v2_or_upper,v2_aic,v2_separation,v2_win_rate_lift_prob,v2_win_rate_lift_mean_prob,n_games,v0_p_adj,v0_significant_raw,v0_significant_fdr,v1_p_adj,v1_significant_raw,v1_significant_fdr,v2_p_adj,v2_significant_raw,v2_significant_fdr,best_aic,aic_improvement_v0_to_v1,aic_improvement_v1_to_v2,or_range,or_mean,or_cv,confidence,v0_win_rate_lift_pct,v0_win_rate_lift_mean_pct,v0_win_rate_lift_std,v0_win_rate_lift_mean_std,v1_win_rate_lift_pct,v1_win_rate_lift_mean_pct,v1_win_rate_lift_std,v1_win_rate_lift_mean_std,v2_win_rate_lift_pct,v2_win_rate_lift_mean_pct,v2_win_rate_lift_std,v2_win_rate_lift_mean_std
2b5801fb-2026-4f25-98bc-ebb2f99684b9,Undercity Sewers,0.3256266132120423,0.20429413297878357,1.5939107426342947,0.11095602797581086,1.3848981696419027,0.927938437380247,2.0668859732680356,2737.8319216904174,False,0.07416873641512645,0.08080319073860526,0.4570599187538074,0.2088391563146321,2.1885738614324404,0.02862782737085019,1.5794235185031922,1.048892842741681,2.3782969519369317,2733.01260210278,False,0.10274243152158681,0.113766428860471,0.6208498820627959,0.19941180511433146,3.113405857325426,0.0018494150158560691,1.8605085829867827,1.2586034635813592,2.7502643108241585,2916.9690400978607,False,0.14957607607892653,0.15138745600636705,118,0.5725992703856921,False,False,0.4431684263420406,True,False,0.09004904999571253,True,False,2733.01260210278,4.8193195876374375,-183.9564379950807,0.47561041334487997,1.6082767570439591,0.29572672194744654,low,7.416873641512645,8.080319073860526,0.1483374728302529,0.16160638147721051,10.27424315215868,11.376642886047101,0.20548486304317362,0.227532857720942,14.957607607892653,15.138745600636705,0.29915215215785307,0.3027749120127341
3d8ca18d-9099-4f1e-95c1-f04da58a26bd,"Gut, True Soul Zealot",0.3449968791398438,0.17532292631851285,1.9677796075173917,0.04909340152356685,1.411985513051454,1.0013648741496144,1.990985644229116,2736.4638248347715,False,0.07870640086848821,0.0855816898974805,0.15781848516052377,0.18790061472504926,0.8399040385868668,0.4009621930658982,1.170953629956249,0.8102060186035662,1.692325620921623,2737.1885830589736,False,0.03589707760289454,0.039338978278180836,0.5821091519635367,0.17959321170707546,3.2412647807255808,0.0011900059592619163,1.789809432623296,1.2587340038651438,2.544952146578005,2916.1238361291807,False,0.1413142825266191,0.1420142475469583,165,0.3930694053954922,True,False,0.8669979999518213,False,False,0.09004904999571253,True,False,2736.4638248347715,-0.7247582242021053,-178.93525307020718,0.618855802667047,1.4575828585436665,0.4245767566760303,low,7.87064008684882,8.558168989748049,0.15741280173697642,0.171163379794961,3.589707760289454,3.9338978278180834,0.07179415520578908,0.07867795655636167,14.131428252661909,14.201424754695829,0.2826285650532382,0.2840284950939166
825969b9-3c70-4fca-8cab-696e9ca7cdb2,Prismatic Ending,0.13759300722366866,0.20536993416520727,0.6699763905703143,0.5028728407137736,1.1475084275820406,0.7672580728491377,1.7162094971279878,2739.9588998697623,False,0.03148983237426973,0.0343523602695362,0.10251279977842608,0.21062966627017377,0.48669687225793423,0.6264731620718682,1.1079514833525386,0.7332113037622268,1.6742192641661386,2737.660587420727,False,0.023302943655185336,0.025530229475533683,0.5768668784162236,0.20380762768441676,2.830447932544829,0.004648287626250634,1.7804513123243737,1.1941133317203738,2.6546951544293678,2918.695376669149,False,0.13960843833181466,0.1402872481623978,115,0.8314108026455493,False,False,0.9197216625869145,False,False,0.12658814668751775,True,False,2737.660587420727,2.2983124490351656,-181.03478924842193,0.6724998289718351,1.3453037410863178,0.49988698346203886,low,3.148983237426973,3.4352360269536195,0.06297966474853946,0.0687047205390724,2.3302943655185335,2.5530229475533686,0.04660588731037067,0.05106045895106737,13.960843833181466,14.02872481623978,0.2792168766636293,0.2805744963247956
416d2d51-8f29-4e95-b037-e8c32b081e6c,Mana Drain,0.24021441604198868,0.18280563114500994,1.3140427597191435,0.1888318150127941,1.2715217557570428,0.8886208534457259,1.8194121475928429,2738.6663561293817,False,0.05489074898932117,0.05982124111145637,0.3858604181192678,0.1896911060402482,2.0341513430650613,0.041936338642605236,1.4708793483796536,1.014165239805093,2.1332678074290374,2733.694626719595,False,0.08712701785799382,0.09616292919189345,0.5541786736619428,0.1814660484514283,3.0538972903808825,0.0022588940322351894,1.7405108701397405,1.219578392007914,2.4839552003598784,2917.4121495821937,False,0.13441791060084646,0.13588698830486218,149,0.6461218267021279,False,False,0.5137201483719142,True,False,0.09004904999571253,True,False,2733.694626719595,4.9717294097868034,-183.7175228625988,0.46898911438269764,1.494303991425479,0.31385120904034347,low,5.489074898932117,5.982124111145637,0.10978149797864234,0.11964248222291274,8.712701785799382,9.616292919189345,0.17425403571598763,0.1923258583837869,13.441791060084645,13.588698830486218,0.2688358212016929,0.27177397660972435
24a5cc2c-0fbf-4a5f-b175-6e0ffd0d0787,Misty Rainforest,0.3709514360156054,0.17654895921135397,2.1011250231813845,0.035629992829273836,1.4491126969913766,1.0252284604120379,2.048253330518803,2735.9307311496004,False,0.0843615679335139,0.0919015853078447,0.39753505322260063,0.18003722364013897,2.2080714486977397,0.027239292927736615,1.4881519575743898,1.0456744614584184,2.1178639533222956,2732.9471673065564,False,0.08967402761881971,0.09905724324366555,0.5454850351423121,0.17161264698715303,3.1785829583011282,0.0014799686026167045,1.7254450809463155,1.232598135695742,2.4153539106899378,2916.609607420995,False,0.13233211147293436,0.1338114805100552,159,0.3518779753032992,True,False,0.4431684263420406,True,False,0.09004904999571253,True,False,2732.9471673065564,2.9835638430440667,-183.6624401144386,0.276332383954939,1.5542365785040273,0.17779299996974235,medium,8.43615679335139,9.19015853078447,0.1687231358670278,0.1838031706156894,8.96740276188197,9.905724324366554,0.17934805523763941,0.1981144864873311,13.233211147293437,13.381148051005521,0.2646642229458687,0.2676229610201104
bbec97ff-bb84-4496-9e09-d4fc1570c516,Mawloc,0.472289195392767,0.1910708048362698,2.471801988783559,0.013443395459392389,1.603661088070992,1.102731648088805,2.332143899062134,2734.1755467191015,False,0.10680349377219782,0.11629748559275416,0.41956984419903,0.20045929718436453,2.0930425781805826,0.03634535386979296,1.5213070158137707,1.0270284388158228,2.253467332445736,2733.439540929295,False,0.09452166001591708,0.10447153748285298,0.5356192316888053,0.19184688659349183,2.7919099506875997,0.005239793603463872,1.7085058757390992,1.1730407792259498,2.4883979987133706,2918.9602350046266,False,0.13006324788471663,0.13093186771074117,134,0.1951781859289562,True,False,0.4595928618373819,True,False,0.12837494328486487,True,False,2733.439540929295,0.7360057898063133,-185.52069407533145,0.18719885992532848,1.6111579932079543,0.11618901480456267,medium,10.680349377219782,11.629748559275416,0.21360698754439564,0.23259497118550831,9.452166001591708,10.447153748285299,0.18904332003183416,0.20894307496570597,13.006324788471662,13.093186771074116,0.26012649576943325,0.26186373542148234
819a513c-3be6-4bdc-8ba6-1f7326a8f3ea,Fiery Confluence,0.41279528467917537,0.18126539053582202,2.2772978529378887,0.022768445074224535,1.5110356621189698,1.0592012848404155,2.155613673126648,2735.1325440484134,False,0.09369426717342987,0.10203552661356169,0.4023320600746854,0.18404779921483888,2.186019402519687,0.028814185845601872,1.4953077822597929,1.0424757089100054,2.1448416923062563,2733.036920586569,False,0.09074395230621973,0.10024364882836878,0.5144797499419425,0.17773525829262896,2.8946409107802724,0.003795924946483198,1.6727680177241306,1.180713177579872,2.3698836383414803,2918.370220901551,False,0.12517388063330886,0.12620169030945982,149,0.3077665678998627,True,False,0.4431684263420406,True,False,0.12400021491845113,True,False,2733.036920586569,2.0956234618442977,-185.3333003149819,0.17746023546433776,1.5597038207009646,0.11377816294928565,medium,9.369426717342986,10.203552661356168,0.18738853434685973,0.20407105322712338,9.074395230621974,10.024364882836878,0.18148790461243947,0.20048729765673756,12.517388063330886,12.620169030945982,0.25034776126661773,0.25240338061891965
68841ca8-a043-4f30-9a17-e983ed960bc2,Demonic Tutor,0.10919356118603213,0.16469883841541613,0.6629892611058719,0.5073374318840429,1.115378223380245,0.8076583354062955,1.540340174369696,2739.970541809635,False,0.024989119479319095,0.027277597183868407,0.28405320667087386,0.1731635498625597,1.6403752804578535,0.10092716182210865,1.3285036141269162,0.9461564424257227,1.8653594412182337,2735.1901487100067,False,0.06432024575956143,0.07075527697621181,0.5030752304391036,0.16570697403141443,3.0359327564797094,0.002397928361136762,1.6537992725484036,1.1951713465482925,2.2884183441818453,2917.61909501246,False,0.1222927034165281,0.12434481168394229,181,0.8321182983202712,False,False,0.6301343522866713,False,False,0.09004904999571253,True,False,2735.1901487100067,4.780393099628327,-182.42894630245337,0.5384210491681587,1.3658937033518548,0.39418956822693635,low,2.4989119479319095,2.7277597183868405,0.04997823895863819,0.054555194367736815,6.4320245759561425,7.075527697621181,0.12864049151912285,0.14151055395242362,12.22927034165281,12.434481168394228,0.2445854068330562,0.24868962336788458
06cb1bd6-73e0-4104-b344-4bc52d7dcedf,Baleful Strix,0.29445720477971876,0.1929910088353642,1.5257560782580957,0.12707062282532677,1.3423975139431643,0.9196104040045051,1.9595592629158207,2738.0541082745967,False,0.06714493416658748,0.07317668261305105,0.41924212730744276,0.1976560031731857,2.1210695378682924,0.03391595099556433,1.5208085394914153,1.0323485590873926,2.2403853751049003,2733.328328180533,False,0.09443242238115857,0.10442836887714585,0.4812051660817749,0.18842501894066926,2.553828407645247,0.010654574936350735,1.6180232143333113,1.1183922120047118,2.340859578616657,2920.294705115856,False,0.11730902238109901,0.11863894680622361,132,0.5828013423757537,False,False,0.4431684263420406,True,False,0.20882966875247438,True,False,2733.328328180533,4.7257800940637935,-186.96637693532284,0.275625700390147,1.4937430892559636,0.18452015100363525,medium,6.714493416658748,7.317668261305105,0.13428986833317497,0.1463533652261021,9.443242238115857,10.442836887714584,0.18886484476231713,0.2088567377542917,11.730902238109902,11.86389468062236,0.23461804476219802,0.23727789361244722
310a1c46-8331-4a09-9fcb-d942f8102364,Thoughtseize,0.11592970159132342,0.1701496087107165,0.6813398071835932,0.4956565005906245,1.1229169300852762,0.8044764937126366,1.5674074279696186,2739.9450397766805,False,0.02654070369575409,0.02895717692840072,0.17260740389579826,0.17284823024900056,0.9986067178538341,0.31798524456556976,1.1883994524917474,0.8468979061798249,1.6676074511191528,2736.8955083182896,False,0.03922121889174006,0.04301759960788859,0.47581449273239795,0.16694393373724775,2.8501454475206036,0.0043699240703973605,1.6093244468850996,1.160213897605724,2.2322824960869134,2918.6688849501734,False,0.11612095191278407,0.11716103915844278,171,0.8314108026455493,False,False,0.8092332095943887,False,False,0.12658814668751775,True,False,2736.8955083182896,3.049531458390902,-181.77337663188382,0.4864075167998234,1.3068802764873744,0.3721898061750437,low,2.654070369575409,2.895717692840072,0.05308140739150818,0.05791435385680144,3.9221218891740057,4.301759960788859,0.07844243778348012,0.08603519921577718,11.612095191278407,11.716103915844279,0.23224190382556814,0.23432207831688556
1daf4348-05c5-4c55-bcf2-c7bec7988bfc,Plateau,0.40028472493248757,0.1904910691039403,2.101330665082648,0.0356119496859811,1.4922495178031656,1.027287906951051,2.167657779592537,2735.9052245624853,False,0.09094411632513064,0.0989869723720147,0.22953312476754356,0.20106373731336957,1.141593843994866,0.25362288405711275,1.258012537906012,0.8482738149116014,1.8656659179013417,2736.5823603752474,False,0.05210384548782109,0.05726935926435478,0.4502648980099456,0.19325635876416308,2.3298839991051383,0.0198122829388695,1.5687276832969201,1.0740992838014454,2.291135076110001,2921.410129117792,False,0.11013465628089934,0.11077368471139964,135,0.3518779753032992,True,False,0.80563680895586,False,False,0.2678074107598912,True,False,2735.9052245624853,-0.677135812762117,-184.82776874254478,0.31071514539090805,1.439663246335366,0.21582487861784846,low,9.094411632513063,9.898697237201471,0.18188823265026127,0.1979739447440294,5.210384548782109,5.726935926435478,0.10420769097564218,0.11453871852870956,11.013465628089934,11.077368471139964,0.22026931256179869,0.2215473694227993
63af3c26-5b1f-46f6-9aa2-036c615bf5ea,Flash,0.33907888746584164,0.2153787526363491,1.5743376879814648,0.11540940118920674,1.4036540715578318,0.9202927365019441,2.1408891697763788,2737.908840954541,False,0.07707100404694919,0.08407523437924364,0.4852938787300254,0.22544558335384035,2.15259874028381,0.03135022763537581,1.6246523894757385,1.044376999968528,2.527339635695508,2733.204885090111,False,0.10868940444949442,0.12073087935927451,0.4473592432381358,0.2155249269067035,2.075672868372153,0.037924216929117745,1.5641761180592446,1.0252437472356093,2.3864051206396955,2922.587630867723,False,0.10910822821146571,0.11057924904429334,101,0.572664370457836,False,False,0.4431684263420406,True,False,0.362592513078394,True,False,2733.204885090111,4.7039558644301,-189.38274577761194,0.2209983179179067,1.5308275263642717,0.14436526265161925,medium,7.707100404694919,8.407523437924363,0.15414200809389839,0.16815046875848727,10.868940444949441,12.07308793592745,0.21737880889898883,0.24146175871854902,10.91082282114657,11.057924904429333,0.21821645642293142,0.22115849808858667
a6539e26-b63b-4725-9407-caaf451de084,Troll of Khazad-dûm,0.24165798762630272,0.16279533727207005,1.4844281886429849,0.13769536110896544,1.273358613931638,0.9255002531628135,1.7519629563933345,2738.1941889471973,False,0.05516480672083272,0.06019132231523494,0.41484160541249954,0.17171857984274724,2.415822479969228,0.015699713434857075,1.5141308915591574,1.0814180497493135,2.1199871384661835,2731.9942013822165,False,0.09336238003397604,0.10326749252695444,0.4369464758346335,0.16403571110836232,2.6637277510016446,0.007728007888107534,1.5479732208642991,1.1223632220868474,2.134978272058504,2919.7779163959217,False,0.10673385971663418,0.10837852807773235,184,0.5828013423757537,False,False,0.4431684263420406,True,False,0.1652586591170374,True,False,2731.9942013822165,6.199987564980802,-187.7837150137052,0.27461460693266115,1.445154242118365,0.19002442710206494,medium,5.516480672083271,6.0191322315234945,0.11032961344166543,0.12038264463046988,9.336238003397604,10.326749252695445,0.18672476006795208,0.20653498505390888,10.673385971663418,10.837852807773235,0.21346771943326837,0.2167570561554647
612b2e6e-fe8d-49ad-b845-6fa7fa59ffd1,Concealing Curtains // Revealing Eye,0.18828074225084274,0.18104352100512164,1.039975035867295,0.2983514989990298,1.2071723720705707,0.846568161645674,1.7213795674262762,2739.322596819529,False,0.04304475641647965,0.04695831881640189,0.23932353206537504,0.18294544781477887,1.3081688280523687,0.19081605245288147,1.270389481836158,0.8875862798267635,1.818290201460681,2736.1733169880154,False,0.054270067277754255,0.05967648517378099,0.43648548750725386,0.1768284322481367,2.4684123585665803,0.013571388063103415,1.5472597877331917,1.0940667976326088,2.188177957613223,2920.760640571534,False,0.10667234943558676,0.10776659425964674,146,0.7309611725476229,False,False,0.7432460548763591,False,False,0.22166600503068912,True,False,2736.1733169880154,3.149279831513468,-184.5873235835188,0.340087415662621,1.3416072138799737,0.25349253652197995,low,4.304475641647965,4.6958318816401885,0.0860895128329593,0.09391663763280378,5.427006727775425,5.967648517378099,0.10854013455550851,0.11935297034756198,10.667234943558675,10.776659425964674,0.21334469887117352,0.21553318851929348
7c024bae-5631-4e20-ac69-df392ac9e109,Orcish Bowmasters,0.1948983098760579,0.17419632493133042,1.1188428341004806,0.26320719435856643,1.2151874076483669,0.8637028551434642,1.7097088737328257,2739.1515399131113,False,0.044555657149879024,0.04860287489169074,0.269175637065697,0.1775139671228508,1.5163631427346254,0.12942755341211026,1.308885009581576,0.924269356465717,1.8535505438136934,2735.579363664777,False,0.06099621797732309,0.06709762418087112,0.42866679158387383,0.1712948359471517,2.5025085503227147,0.012331664676385225,1.5352094044682991,1.0973837229184455,2.147715394666069,2920.5920699569097,False,0.10484107292201193,0.10616937205263771,160,0.6896918746929498,False,False,0.6764746791672963,False,False,0.21972784332468218,True,False,2735.579363664777,3.572176248334472,-185.01270629213286,0.32002199681993226,1.3530939405660807,0.23651129254636066,low,4.455565714987903,4.860287489169074,0.08911131429975805,0.09720574978338148,6.099621797732309,6.709762418087112,0.12199243595464618,0.13419524836174224,10.484107292201193,10.61693720526377,0.20968214584402387,0.21233874410527542
8c2996d9-3287-4480-8c04-7a378e37e3cf,Flooded Strand,0.15157316791826983,0.17377354984442042,0.8722453333891917,0.38307455325281237,1.1636634415264728,0.8277674762864647,1.6358610889377565,2739.6467718928243,False,0.034672900063092656,0.037836036983491195,0.20940953363109174,0.1774976610213836,1.179787566923846,0.23808471570864442,1.2329498295712127,0.8706755434050737,1.7459607011523,2736.498025438906,False,0.04752134730345682,0.05220884937882653,0.42008124826866294,0.1724041296155311,2.4366078075128645,0.014825749373129018,1.5220852173835835,1.0856394347928482,2.133989734280139,2920.9330370871976,False,0.10276831632594727,0.10381643355701209,158,0.7882371007995955,False,False,0.8045621427395571,False,False,0.232467750170663,True,False,2736.498025438906,3.148746453918193,-184.4350116482915,0.35842177585711066,1.3062328294937562,0.2743934831250725,low,3.4672900063092658,3.7836036983491192,0.06934580012618531,0.07567207396698239,4.7521347303456825,5.220884937882653,0.09504269460691364,0.10441769875765305,10.276831632594726,10.38164335570121,0.20553663265189454,0.20763286711402418
5427d8a6-ac9e-4e50-bd39-81713b2ade25,Fatal Push,0.20011491347261062,0.17030707255246594,1.1750240930890399,0.23998507689767878,1.2215431218572517,0.8748638989934582,1.7055996941621638,2739.02144437911,False,0.04575269421370544,0.04989867750243321,0.23550179628538556,0.17211437175730518,1.368286644984311,0.1712223694455276,1.2655436545327396,0.9031719053060598,1.7733066453006465,2736.01262496678,False,0.05342868207886199,0.058726950670699773,0.4200249184513882,0.1663554414896245,2.5248643187760402,0.011574296638159131,1.5219994810161912,1.0985248706392203,2.1087209603780916,2920.4802879280996,False,0.10282906985753937,0.10384998434765241,169,0.6816967401731165,False,False,0.7361808790854395,False,False,0.2160535372456371,True,False,2736.01262496678,3.0088194123300127,-184.46766296131955,0.30045635915893953,1.3363620858020608,0.2248315500350423,low,4.575269421370544,4.989867750243321,0.09150538842741088,0.09979735500486642,5.342868207886199,5.872695067069977,0.10685736415772398,0.11745390134139955,10.282906985753936,10.384998434765242,0.20565813971507874,0.20769996869530483
4acf970d-d2d7-413d-aba7-587ee53d8d5c,Stomping Ground,0.4742764788869653,0.1793050089918831,2.6450821510983844,0.008167108630468174,1.6068511860462427,1.1307019802009541,2.283511287067292,2733.2747735776643,False,0.10725859927393389,0.11682299154003611,0.355240410206002,0.18360751477801507,1.9347814311167728,0.05301712268263286,1.4265235638842044,0.9953803846405741,2.0444138840968895,2734.101752911647,False,0.08029370599104574,0.0885773403919094,0.418753638685927,0.1771546408963894,2.3637745901945584,0.01808981535685338,1.5200658232433568,1.0741509574870838,2.151094397753947,2921.265004979235,False,0.1025780956726621,0.1033086105558057,152,0.174907454086304,True,False,0.5616949213943806,False,False,0.25325741499594734,True,False,2733.2747735776643,-0.8269793339827629,-187.16325206758802,0.18032762216203824,1.5178135243912678,0.11880749463894795,medium,10.725859927393389,11.682299154003612,0.21451719854786777,0.23364598308007223,8.029370599104574,8.85773403919094,0.16058741198209148,0.1771546807838188,10.25780956726621,10.33086105558057,0.2051561913453242,0.2066172211116114
4a1f905f-1d55-4d02-9d24-e58070793d3f,"Atraxa, Grand Unifier",0.25538842550463997,0.17921126920464006,1.4250690073123347,0.15413725448915672,1.2909629664405953,0.9085860653814711,1.8342625362864036,2738.3663855062773,False,0.05825778485018872,0.0635696116562669,0.41511747235831326,0.1916731697321759,2.1657568085212713,0.03032977543913288,1.5145486478436998,1.040226064957493,2.205152979683232,2733.1547127891063,False,0.09340102712798126,0.1033492196067447,0.4168056808774083,0.18328968688196215,2.274026913177224,0.02296436841819099,1.517107681256797,1.0592465935255142,2.1728799795974383,2921.7238999910414,False,0.1019224700046955,0.10337810019872395,149,0.6042180375974943,False,False,0.4431684263420406,True,False,0.3000677473310289,True,False,2733.1547127891063,5.211672717171041,-188.56918720193516,0.2261447148162017,1.4408730985136973,0.15694977930358792,medium,5.825778485018872,6.35696116562669,0.11651556970037744,0.1271392233125338,9.340102712798126,10.334921960674471,0.18680205425596252,0.2066984392134894,10.19224700046955,10.337810019872396,0.203844940009391,0.2067562003974479
95c14c4d-6c16-4826-8d93-d89ad04aee09,"Etali, Primal Conqueror // Etali, Primal Sickness",0.23273724211478292,0.18817710514818775,1.236798929027548,0.21616173978862196,1.262049822214085,0.8727641814485798,1.8249714958592678,2738.8725849052444,False,0.05311105205832659,0.05796926895786064,0.384828117146506,0.20131691687331832,1.9115537984751916,0.05593345013736015,1.4693617416457292,0.9902943667238666,2.180183994133728,2734.2177560201485,False,0.08668288966127041,0.09584146126553977,0.4151581786749255,0.19534661485295132,2.1252386635286156,0.033566703391048676,1.5146103007953071,1.0328054253259162,2.2211776846072757,2922.3916192770366,False,0.10148436776465766,0.10296153173477218,131,0.657508648124563,False,False,0.5705366990693805,False,False,0.3373884033151559,True,False,2734.2177560201485,4.654828885095867,-188.17386325688813,0.2525604785812221,1.4153406215517073,0.17844501509772798,medium,5.311105205832659,5.796926895786064,0.10622210411665318,0.11593853791572128,8.668288966127042,9.584146126553977,0.17336577932254083,0.19168292253107955,10.148436776465767,10.296153173477219,0.20296873552931533,0.20592306346954437
9d3a7998-ccac-45ad-a4e9-3a2cb057f63b,Elite Spellbinder,0.3758739672715489,0.170183826106474,2.2086350734433875,0.027200033746988348,1.4562635853317705,1.043221652792744,2.032840886964087,2735.4609405079773,False,0.08546462681891699,0.09311544958639778,0.2792643781618129,0.17738449014389726,1.5743449606855084,0.11540772073937848,1.3221568470638525,0.9338782313680634,1.8718700891838869,2735.3976432124864,False,0.06330121415564584,0.06968526538462283,0.41355898333179447,0.17138695919282163,2.4130131328516855,0.01582124948847727,1.5121900787753038,1.080734111738971,2.115894010846924,2921.0403909101083,False,0.1013617623526714,0.10189387640550018,168,0.3518779753032992,True,False,0.655649659852701,False,False,0.23853576151858039,True,False,2735.3976432124864,0.0632972954908837,-185.64274769762187,0.19003323171145126,1.4302035037236422,0.13287146284894805,medium,8.546462681891699,9.311544958639779,0.17092925363783398,0.18623089917279556,6.330121415564584,6.968526538462283,0.12660242831129168,0.13937053076924566,10.13617623526714,10.189387640550018,0.2027235247053428,0.20378775281100037
ce648aa3-098b-4af0-a433-fd290bc85904,Balance,0.4277403610878288,0.2532528436158704,1.688985422555089,0.091222223568104,1.5337877982695298,0.9336672081849576,2.5196397490426428,2737.50114590407,False,0.09686498147969262,0.10549203343537988,0.425769591846279,0.25981839406630314,1.6387199735274582,0.10127159233178647,1.5307680330612103,0.9199145805078748,2.5472482127073186,2735.157408812889,False,0.09577276819449387,0.10601306017217971,0.4053508308889834,0.2503453876729686,1.6191663631466684,0.10541147318703663,1.4998285939653175,0.9182127797957671,2.449852431564198,2924.278669099035,False,0.09922457839289223,0.10000207177942466,75,0.5337180841596533,False,False,0.6301343522866713,False,False,0.5165162186164794,False,False,2735.157408812889,2.343737091181083,-189.12126028614603,0.03395920430421229,1.521461475098686,0.022320121054665288,low,9.686498147969262,10.549203343537988,0.19372996295938524,0.21098406687075977,9.577276819449388,10.60130601721797,0.19154553638898775,0.21202612034435941,9.922457839289223,10.000207177942466,0.19844915678578445,0.20000414355884932
eeeffc0b-dc92-458e-ad58-86ff6077a508,Sentinel of the Nameless City,0.2863792599133055,0.19774244273627392,1.448243765731392,0.14754888855263026,1.3315973810044686,0.9037559445792075,1.9619805498746083,2738.2965781365847,False,0.06524104995347975,0.0711872844153334,0.24921066642641554,0.20747378377016998,1.2011670192629242,0.22968642002687922,1.283012292216196,0.854329823331743,1.9267974698088652,2736.4432927662874,False,0.05645514576677853,0.06218089858217207,0.4035142342898265,0.20272793698898797,1.9904224365078262,0.04654442037763834,1.4970765418486776,1.0061865358424542,2.2274579238700145,2922.937379994813,False,0.09872355825654998,0.09972483530504261,117,0.5962800444601141,False,False,0.7897989179871636,False,False,0.41288861112630065,True,False,2736.4432927662874,1.8532853702972716,-186.4940872285256,0.2140642496324816,1.3705620716897808,0.1561871979782422,medium,6.524104995347975,7.11872844153334,0.1304820999069595,0.1423745688306668,5.6455145766778525,6.2180898582172075,0.11291029153355706,0.12436179716434415,9.872355825654997,9.972483530504261,0.19744711651309996,0.19944967061008523
a3bb2881-e8fb-4fba-a9f9-d93e6ca24378,"Laelia, the Blade Reforged",0.4375538978316283,0.16984112676215635,2.5762540921220687,0.009987722051537104,1.5489137794784877,1.1103389059264115,2.1607221754123938,2733.670806054744,False,0.09912215872958459,0.1080499511616787,0.27932824714884524,0.18285099450269213,1.5276277162645275,0.1266049962219038,1.3222412945791322,0.9239847589896545,1.8921546314270696,2735.5484316672946,False,0.06330199391475748,0.06969435447659195,0.381837839297054,0.1755250556503022,2.175403607663785,0.0295998843991325,1.4649745045749056,1.0385325739859896,2.066521891381177,2922.1647633063535,False,0.09374436496922706,0.09434811164131118,170,0.174907454086304,True,False,0.6762387766458607,False,False,0.3147642255356845,True,False,2733.670806054744,-1.8776256125506734,-186.6163316390589,0.22667248489935554,1.4453765262108418,0.15682590715209255,medium,9.912215872958459,10.80499511616787,0.19824431745916918,0.2160999023233574,6.330199391475748,6.969435447659195,0.12660398782951496,0.1393887089531839,9.374436496922705,9.43481116413112,0.1874887299384541,0.18869622328262237
bb41ff5c-9617-4033-a4fa-99323640b9c3,Duress,0.11739737262991484,0.17361834259581718,0.6761807011556116,0.49892592393493607,1.1245662127484517,0.8001992027620298,1.5804179290484597,2739.9527593578564,False,0.026859706182617484,0.02932270132174597,0.23548876580625652,0.181231459209788,1.2993812819973045,0.19381311212907792,1.2655271640000023,0.8871644671991453,1.8052560286574015,2736.200311723722,False,0.05338415852403084,0.058660392281668694,0.37809129699069793,0.1739201032196919,2.1739367099679194,0.029709888634745732,1.4594961844029999,1.0379087741229711,2.0523278783213548,2922.173859051717,False,0.09269725853324332,0.09390531523185319,161,0.8314108026455493,False,False,0.7432460548763591,False,False,0.3147642255356845,True,False,2736.200311723722,3.752447634134569,-185.97354732799522,0.3349299716545482,1.283196520383818,0.261012219355432,low,2.685970618261748,2.932270132174597,0.05371941236523497,0.05864540264349194,5.3384158524030845,5.866039228166869,0.10676831704806168,0.11732078456333739,9.269725853324331,9.39053152318532,0.18539451706648663,0.18781063046370639
3a2d7cf9-dddb-4de3-b4f2-c52e3ec8fb4b,Brain Freeze,0.5327703121350923,0.20728887448279124,2.570182859376382,0.010164484648224491,1.7036454067720481,1.1348314278091003,2.5575672305964163,2733.7026067281176,False,0.11976993830928506,0.13057684441974554,0.6913989535419095,0.2176649945607554,3.1764361326778427,0.0014909661525448667,1.996506600481379,1.3031384720336459,3.0587989621280993,2727.641830149313,False,0.1524285935027176,0.17094932563863013,0.37514971515229356,0.20881187876343,1.7965918288456821,0.07240044256480235,1.4552092651867854,0.9664540083648547,2.1911378991208204,2923.6850894665977,False,0.09197493158594108,0.09311371830798437,110,0.174907454086304,True,False,0.2277712045125055,True,False,0.4614505463777252,False,False,2727.641830149313,6.060776578804507,-196.04325931728454,0.5412973352945936,1.718453757480071,0.31499092305419285,low,11.976993830928507,13.057684441974555,0.23953987661857012,0.2611536888394911,15.24285935027176,17.094932563863015,0.3048571870054352,0.34189865127726027,9.197493158594108,9.311371830798437,0.18394986317188217,0.18622743661596874
207d5f12-fbc6-4c75-9d84-fd2f0023fbd0,Sneak Attack,0.06244678488092244,0.20028135707379133,0.3117952953450113,0.7551960997147162,1.0644378132256878,0.7188484840402746,1.57617061645108,2740.3139267018037,False,0.014289916992966037,0.015607420029706609,0.13453581383308666,0.2086263501351792,0.6448649163728088,0.5190147290295475,1.1440056294954006,0.7600494116913112,1.7219260487352464,2737.4817338486428,False,0.030553972434834882,0.033489981908158994,0.37396455708903037,0.20029153840363467,1.8671011270351503,0.06188746707476487,1.4534856337819937,0.9815651807166892,2.1522977068808773,2923.4291660240565,False,0.09166477892871196,0.09283012463946283,119,0.9374126485600502,False,False,0.9084793269322036,False,False,0.43094182426145483,False,False,2737.4817338486428,2.8321928531609046,-185.94743217541372,0.38904782055630593,1.2206430255010272,0.3187236664844062,low,1.4289916992966036,1.560742002970661,0.028579833985932074,0.031214840059413218,3.055397243483488,3.3489981908158994,0.061107944869669764,0.06697996381631799,9.166477892871196,9.283012463946283,0.1833295578574239,0.18566024927892566
ea1feac0-d3a7-45eb-9719-1cdaf51ea0b6,Mox Sapphire,0.255708798795364,0.1696809012720728,1.5069981175155995,0.13181113972773972,1.2913766227530357,0.9260141462748961,1.8008942827726273,2738.123117805847,False,0.0583535762785469,0.06365659903335397,0.30914618223945833,0.17198649857756254,1.797502622568012,0.07225586215812481,1.362261494384857,0.9724395595610057,1.9083513837316728,2734.6402556439903,False,0.06992723639154251,0.07706188164001804,0.37389035791217645,0.16684120830196453,2.24099526560294,0.025026381681473295,1.4533777903453946,1.0479979079231545,2.015564139488863,2921.868883232095,False,0.09172144963079,0.09279921323924217,166,0.5828013423757537,False,False,0.613990649236548,False,False,0.3147642255356845,True,False,2734.6402556439903,3.4828621618567013,-187.2286275881047,0.16200116759235894,1.369005302494429,0.1183349453045805,medium,5.83535762785469,6.365659903335397,0.1167071525570938,0.12731319806670793,6.992723639154251,7.706188164001803,0.13985447278308502,0.15412376328003607,9.172144963079,9.279921323924217,0.18344289926158,0.18559842647848435
49bb0ad3-1082-41f1-82a4-52a4006cc9b6,"Leovold, Emissary of Trest",0.031794890065677865,0.2454797016673199,0.1295214628734032,0.8969450430743577,1.0323057474249837,0.6380457273762107,1.6701861801486717,2740.394521217818,False,0.00727544257776667,0.007948122817734715,0.1305773960102484,0.24845518544296502,0.5255571373060497,0.59919594438744,1.1394861281608597,0.7001961510137058,1.854378425804302,2737.621382522788,False,0.02965160074781902,0.032527668076911986,0.37206205307989326,0.23747163447311875,1.5667641901964078,0.11716982053591411,1.4507230003303933,0.9108451716132333,2.3105982106268224,2924.4653082103923,False,0.09118777068275133,0.09208407885273401,79,0.9872457930608796,False,False,0.9197216625869145,False,False,0.5266474573861459,False,False,2737.621382522788,2.7731386950299566,-186.8439256876045,0.41841725290540954,1.2075049586387456,0.3465139003463001,low,0.727544257776667,0.7948122817734715,0.01455088515553334,0.01589624563546943,2.965160074781902,3.2527668076911986,0.05930320149563804,0.06505533615382397,9.118777068275133,9.2084078852734,0.18237554136550266,0.18416815770546802
cf3eb762-6c3f-4b11-a4f9-968f79370217,Mystic Confluence,-0.002018532774832487,0.19837799274754533,-0.01017518499343453,0.9918815170810297,0.9979835030923971,0.6764887923896657,1.4722654442305694,2740.4112123135815,False,-0.0004618420397571756,-0.0005046330498436058,0.11258689300766164,0.20401459599500577,0.551857049533935,0.5810462971126882,1.1191695006918154,0.7503003280971864,1.669385343939935,2737.5931717964113,False,0.02557799491744931,0.028028587317510067,0.36312291866381574,0.19470776873631349,1.8649636890225039,0.06218649406761165,1.4378125823811447,0.981665845507949,2.1059151966154412,2923.439179899228,False,0.08905833615378082,0.0900325975645676,123,0.993986806607904,False,False,0.9197216625869145,False,False,0.43094182426145483,False,False,2737.5931717964113,2.818040517170175,-185.84600810281654,0.4398290792887476,1.1849885287217858,0.37116737304046227,low,-0.04618420397571756,-0.05046330498436058,-0.0009236840795143512,-0.0010092660996872116,2.557799491744931,2.802858731751007,0.05115598983489862,0.056057174635020135,8.905833615378082,9.00325975645676,0.17811667230756165,0.1800651951291352
bd8fa327-dd41-4737-8f19-2cf5eb1f7cdd,Black Lotus,0.3470689968472679,0.16551955007758704,2.0968459416702125,0.03600721521019433,1.414914346631682,1.022909153169434,1.9571460496771529,2735.969652918071,False,0.07893339897031529,0.08610376897736355,0.40314038364762905,0.16720508125512049,2.411053423864075,0.015906518271094443,1.496516963427982,1.0783352582709458,2.0768708104923976,2732.020518010934,False,0.09079614297545041,0.10044016523585875,0.35738028026466245,0.161871491019255,2.2078024858753618,0.027258044713649312,1.4295794073344155,1.0409275158553173,1.9633425485878693,2922.0209303266947,False,0.08777349499972016,0.08871382701230718,176,0.3518779753032992,True,False,0.4431684263420406,True,False,0.3147642255356845,True,False,2732.020518010934,3.949134907136795,-190.0004123157605,0.08160261679629999,1.447003572464693,0.05639420548029856,medium,7.893339897031529,8.610376897736355,0.15786679794063058,0.1722075379547271,9.07961429754504,10.044016523585874,0.18159228595090082,0.2008803304717175,8.777349499972017,8.871382701230718,0.17554698999944032,0.17742765402461436
fa87bf1e-2062-4983-b1c4-98bffea69a4c,Pyrogoyf,0.20327696720835162,0.17226820063812678,1.180002847045248,0.23799908256770552,1.2254118201415622,0.874267657402306,1.7175908501572983,2739.009511530853,False,0.04647224322398986,0.050682089622012816,0.06806802734824142,0.1789682054687297,0.3803358656358357,0.703696115398264,1.0704381250690915,0.7537386000473024,1.5202057842460537,2737.753805537158,False,0.01547322191212603,0.016932207725719406,0.35471825503259913,0.17025647914759562,2.0834346910527457,0.03721161889209964,1.4257788916594878,1.021237937792585,1.9905698492711417,2922.55720880289,False,0.08719291570198325,0.08781712454028257,167,0.6809900756681793,False,False,0.9425636711937635,False,False,0.362592513078394,True,False,2737.753805537158,1.255705993695301,-184.80340326573196,0.35534076659039626,1.2405429456233805,0.28643971403330604,low,4.647224322398986,5.068208962201282,0.09294448644797972,0.10136417924402563,1.547322191212603,1.6932207725719406,0.03094644382425206,0.03386441545143881,8.719291570198324,8.781712454028256,0.1743858314039665,0.17563424908056513
2e139ad1-1079-49e9-babd-6399c44ad333,Seasoned Pyromancer,0.48733963541661884,0.2268292070471096,2.148487144847288,0.03167507653271547,1.6279794349673387,1.043681524336076,2.53939250516343,2735.7079850696127,False,0.1099487270546786,0.11976804606584307,0.37314009847684715,0.23290607928510731,1.6021054479221006,0.10913229350236245,1.452287788888158,0.9200237289617285,2.2924841559617994,2735.296807540295,False,0.08414457617887985,0.09301527413714816,0.35265982292377734,0.2250050363391687,1.5673419078148279,0.11703479468636556,1.4228470411516498,0.9154403722836025,2.211497071582963,2924.4604945549872,False,0.0865764666368684,0.08732499185761933,91,0.3518779753032992,True,False,0.6481796826200922,False,False,0.5266474573861459,False,False,2735.296807540295,0.41117752931768337,-189.1636870146922,0.20513239381568882,1.5010380883357157,0.13666035219874434,low,10.994872705467861,11.976804606584308,0.2198974541093572,0.23953609213168614,8.414457617887985,9.301527413714815,0.1682891523577597,0.18603054827429633,8.65764666368684,8.732499185761933,0.1731529332737368,0.17464998371523865
261ac92e-c61a-4c11-aa6a-9ae1cb703e5c,Dreams of Steel and Oil,0.10158570816813312,0.2054974944088796,0.49434037363982364,0.6210658164297307,1.1069247868221177,0.739937629442466,1.6559267091260463,2740.166162978593,False,0.023241234847328266,0.02537785918880142,0.177436152838345,0.21258710851206927,0.834651518054169,0.4039139463503112,1.1941518122646533,0.7872301923745081,1.8114124236441471,2737.198673562378,False,0.040270443019487706,0.04424262901840226,0.34151802190475167,0.20177763868922433,1.6925464294423325,0.09054183535389608,1.4070819513744626,0.9474641776913951,2.0896617143963887,2924.059615418302,False,0.08385845160215183,0.08465451681951497,114,0.9224700379303699,False,False,0.8669979999518213,False,False,0.48619725285927756,False,False,2737.198673562378,2.967489416214903,-186.860941855924,0.30015716455234487,1.2360528501537444,0.24283521899165583,low,2.3241234847328265,2.537785918880142,0.04648246969465653,0.05075571837760284,4.027044301948771,4.424262901840226,0.08054088603897541,0.08848525803680451,8.385845160215183,8.465451681951496,0.16771690320430366,0.16930903363902994
47a6234f-309f-4e03-9263-66da48b57153,Solitude,0.34518653667572574,0.1811793199981967,1.9052204008667293,0.056751427383642805,1.4122533321407118,0.9901241590643757,2.014352903000793,2736.736108979441,False,0.07853461286717425,0.0856123120754887,0.2982489038412446,0.18602714222806332,1.6032547738415557,0.10887841702039196,1.3474971433572371,0.9357898986777029,1.9403378407072116,2735.3034210680353,False,0.06751334402136662,0.0744147616041404,0.34014483033735726,0.18012045956382786,1.8884297273115875,0.05896828363536297,1.4051510843327844,0.9871914661107365,2.0000675021841396,2923.3390450669967,False,0.08364053266395911,0.08418969389304276,147,0.41197332471088854,False,False,0.6481796826200922,False,False,0.43094182426145483,False,False,2735.3034210680353,1.4326879114055373,-188.03562399896146,0.06475618878347467,1.3883005199435778,0.04664421560982087,medium,7.853461286717425,8.56123120754887,0.1570692257343485,0.1712246241509774,6.751334402136662,7.44147616041404,0.13502668804273324,0.1488295232082808,8.364053266395912,8.418969389304277,0.16728106532791823,0.16837938778608552
0359f212-9564-41a9-870b-d2c57455a695,Brainstorm,0.15746137826425946,0.2144215954465146,0.7343541024231242,0.46273295214821253,1.1705355489940263,0.7688918559566654,1.7819846326164863,2739.8698883634447,False,0.03598984815984555,0.03929525836414338,0.2744506727950584,0.21879257531260907,1.2543875056222795,0.20970119169356283,1.3158076673538064,0.8569439416641956,2.0203769853425446,2736.3155487572776,False,0.062096987050535665,0.0684528261662034,0.3390005841502637,0.2078071052074842,1.6313233554347908,0.10282210777759766,1.4035441650931808,0.9339789840193388,2.1091868843660455,2924.2677619923734,False,0.0832184087363391,0.08409017516079653,103,0.817078005595042,False,False,0.7438594731644836,False,False,0.5102059018837758,False,False,2736.3155487572776,3.5543396061671046,-187.95221323509577,0.23300861609915446,1.2966291271470045,0.17970336406976092,medium,3.598984815984555,3.929525836414338,0.0719796963196911,0.07859051672828676,6.209698705053566,6.845282616620341,0.12419397410107133,0.1369056523324068,8.32184087363391,8.409017516079654,0.1664368174726782,0.16818035032159306
3faa8c5e-9e1b-4cee-b322-a033bf33dcbc,Hymn to Tourach,0.013996261768440108,0.2397638622498566,0.05837519314672484,0.9534497740696427,1.014094668010714,0.6338512913794938,1.6224436388693149,2740.4079068200604,False,0.0032025202191610824,0.0034990145382700066,0.14864564174871836,0.2441854378419484,0.6087408121565825,0.5426962507720612,1.160261768022433,0.7189540608473255,1.872452558022922,2737.5268688851957,False,0.03373765357897266,0.037035328310767446,0.33498064986941706,0.24005528921385852,1.3954312398882085,0.16288583625935216,1.3979133351551778,0.8732549585943125,2.237790548307114,2924.9911139708393,False,0.08221276153983999,0.08311058466177779,76,0.993986806607904,False,False,0.9090895122587523,False,False,0.5950768732954331,False,False,2737.5268688851957,2.8810379348647075,-187.4642450856436,0.3838186671444639,1.1907565903961081,0.32233175968968236,low,0.32025202191610824,0.34990145382700066,0.006405040438322165,0.006998029076540013,3.373765357897266,3.7035328310767444,0.06747530715794532,0.07407065662153489,8.221276153983998,8.311058466177778,0.16442552307967997,0.16622116932355557
6989018c-37b1-4282-a4af-9cc97f160b4d,Oliphaunt,0.3645435437452573,0.17459513014356656,2.0879364931055036,0.036803563743457314,1.439856626564535,1.0225884293465686,2.027391515065904,2735.9973943857467,False,0.08287198689112868,0.09034542973250215,0.2828383527082491,0.1773979080476391,1.5943725369765611,0.11085261974893204,1.326890656199474,0.9371972120997237,1.8786214798536205,2735.3320434044726,False,0.06406047561889663,0.07055048146464843,0.3321617617840854,0.16988509794893705,1.9552142347642782,0.0505577891175062,1.3939783226959275,0.9991873002236653,1.944756066966801,2923.082159668781,False,0.08171891349340227,0.08242987194600687,161,0.3518779753032992,True,False,0.648570551366886,False,False,0.41288861112630065,False,False,2735.3320434044726,0.6653509812740594,-187.75011626430842,0.11296597036506095,1.3869085351533121,0.08145163686123932,medium,8.287198689112868,9.034542973250215,0.16574397378225736,0.1806908594650043,6.406047561889664,7.055048146464843,0.12812095123779327,0.14110096292929686,8.171891349340227,8.242987194600687,0.16343782698680454,0.16485974389201374
bd3d4b4b-cf31-4f89-8140-9650edb03c7b,Ancient Tomb,0.2592018320336805,0.19756854218657385,1.3119590252829991,0.18953396010825418,1.295895331625137,0.8798247750025919,1.908726326242491,2738.6748314955985,False,0.0591225619874204,0.0644981164753613,0.2155888798820014,0.19936265470455233,1.0813904951330815,0.27952344786642636,1.2405922417152044,0.8393211040898618,1.8337071505819968,2736.720974740104,False,0.048892832088082254,0.05376848691124253,0.3299947762772902,0.19390834435516358,1.701808023655083,0.08879136190447491,1.3909608624509568,0.9511670461961803,2.0341033981440715,2924.022530609478,False,0.08110499609252116,0.08184991791414697,119,0.6461218267021279,False,False,0.8092332095943887,False,False,0.48619725285927756,False,False,2736.720974740104,1.9538567554945985,-187.30155586937417,0.1503686207357524,1.3091494785970994,0.11485977972270155,medium,5.91225619874204,6.44981164753613,0.1182451239748408,0.1289962329507226,4.889283208808226,5.376848691124253,0.09778566417616451,0.10753697382248506,8.110499609252116,8.184991791414697,0.1622099921850423,0.16369983582829395
fe30c0ff-f74b-456a-a61e-3720d84d713f,Parallax Wave,0.01908212241218805,0.1719310607171043,0.11098705686220255,0.9116266104452706,1.019265349709671,0.7276735464287583,1.427703203197988,2740.398991896716,False,0.004366711414098012,0.00477041679628426,0.017270865550905685,0.17949855537576703,0.09621729553616963,0.9233479946938188,1.0174208692697262,0.7156627067407084,1.4464149318885895,2737.889476654941,False,0.003924748420009407,0.004288904198846311,0.32417999647688944,0.17117852342218814,1.8938123194189749,0.05824992586208512,1.3828962011628951,0.9887340322808262,1.9341924529281245,2923.3340910786947,False,0.07970799415632873,0.08031029104062692,164,0.987736996775704,False,False,0.9942424259274407,False,False,0.43094182426145483,False,False,2737.889476654941,2.509515241774807,-185.4446144237536,0.36547533189316894,1.1398608067140976,0.3206315453083547,low,0.4366711414098012,0.47704167962842603,0.008733422828196023,0.00954083359256852,0.3924748420009407,0.42889041988463106,0.007849496840018814,0.008577808397692621,7.970799415632873,8.031029104062693,0.15941598831265746,0.16062058208125385
3bd1ec98-8188-4649-899e-b0972509fc7e,Firebolt,0.28852457616065713,0.20674488153918866,1.3955584970840842,0.16284748774120017,1.334457144953089,0.8898562095106368,2.0011950837491614,2738.442978372746,False,0.06574855788281665,0.07170797295035924,0.16787457610732612,0.2152932320005007,0.7797485064785301,0.4355389213068176,1.1827882514374062,0.7756141137216017,1.8037165943585558,2737.2876281899157,False,0.03811208349630775,0.041863430212895125,0.3235025522011872,0.20837980567279252,1.5524659462883157,0.12055077479339811,1.381959683302675,0.9185840534012946,2.0790830835811445,2924.51397672685,False,0.07955012573026422,0.08019553030321036,109,0.6236970515566691,False,False,0.8938809274988089,False,False,0.5266474573861459,False,False,2737.2876281899157,1.1553501828302615,-187.22634853693444,0.19917143186526887,1.29973502656439,0.15324002800150877,medium,6.574855788281665,7.170797295035925,0.1314971157656333,0.1434159459007185,3.811208349630775,4.186343021289512,0.0762241669926155,0.08372686042579025,7.955012573026423,8.019553030321037,0.15910025146052845,0.16039106060642072
18a3cca1-e50e-49b6-9e1a-f86640e3b177,Snuff Out,0.29236168761445186,0.17542516278200587,1.666589233710779,0.09559611115754212,1.3395874422151526,0.9498305949078586,1.8892784934082014,2737.6093289945106,False,0.06662735814279483,0.07267950352853891,0.319474286191106,0.1778031337561719,1.796786588864137,0.07236950625030433,1.3764039795221397,0.9713971762409601,1.9502711776201882,2734.6389579696033,False,0.07223014712041255,0.07966844915756965,0.3228961897651033,0.1707751775449937,1.8907677005929664,0.058655360590604874,1.381121968867488,0.9882464606702542,1.9301843910421825,2923.3386263160555,False,0.07941931511076983,0.08017094748323422,156,0.5430967474457465,False,False,0.613990649236548,False,False,0.43094182426145483,False,False,2734.6389579696033,2.9703710249073083,-188.6996683464522,0.04153452665233548,1.3657044635349267,0.030412529036354923,medium,6.662735814279483,7.267950352853891,0.13325471628558966,0.14535900705707783,7.223014712041255,7.966844915756965,0.1444602942408251,0.1593368983151393,7.941931511076983,8.017094748323423,0.15883863022153966,0.16034189496646845
b7f16fdf-a3f5-462d-a64a-789d893b6ef5,Batterskull,0.4542386882044028,0.2344347114473566,1.9375914317466771,0.05267308864826664,1.5749738803013063,0.9947604284592718,2.4936081619906467,2736.610601051751,False,0.1026045462797925,0.11186460197437759,0.42360290581433563,0.2384642811906149,1.7763788509513982,0.07567049456499592,1.5274549298691569,0.95715772871155,2.43754868481525,2734.705543768893,False,0.09519569591961835,0.10546626682730947,0.3205887011963678,0.2305734114890453,1.3903975273037896,0.16440819692589848,1.377938719780172,0.8769237931405814,2.165199679061545,2924.9981256648807,False,0.0787800416049484,0.07947121560532744,84,0.4004966302125876,False,False,0.6179757056141333,False,False,0.5950768732954331,False,False,2734.705543768893,1.905057282857797,-190.2925818959875,0.19703516052113423,1.4934558433168783,0.13193236439018555,low,10.26045462797925,11.186460197437759,0.205209092559585,0.22372920394875517,9.519569591961835,10.546626682730947,0.1903913918392367,0.21093253365461895,7.87800416049484,7.947121560532744,0.1575600832098968,0.15894243121065488
f1e5cafb-b0e6-4ee5-8c58-6f8e5ef2b9da,Virtue of Persistence // Locthwain Scorn,0.3428482536681671,0.21066652358918914,1.6274453474000423,0.10364254706216777,1.408954941959503,0.9323396190355077,2.129217709878854,2737.7369246161206,False,0.077915492871916,0.08499942181212738,0.37297038423709933,0.21303089533952152,1.7507807195884504,0.07998368894274374,1.4520413358840554,0.9564084859544967,2.2045225153055212,2734.8001424749773,False,0.08406382201464184,0.09296643182159786,0.31921718561103096,0.205768611489215,1.5513405241973077,0.12082010019830224,1.3760501507473275,0.9193491610700241,2.0596244577717298,2924.52092916112,False,0.07846630817948999,0.0792587930998907,105,0.5565462801146543,False,False,0.6193017268849004,False,False,0.5266474573861459,False,False,2734.8001424749773,2.9367821411433397,-189.72078668614267,0.07599118513672787,1.4123488095302952,0.05380482825768817,medium,7.7915492871916,8.499942181212738,0.155830985743832,0.16999884362425477,8.406382201464185,9.296643182159785,0.16812764402928368,0.18593286364319572,7.846630817948999,7.92587930998907,0.15693261635897998,0.1585175861997814
3003d481-1b52-4aa9-bbdc-e948fbc8d49d,Sylvan Library,0.1842008960902371,0.20297518144900242,0.9075045272789551,0.3641400564779447,1.202257327633411,0.8076467880409418,1.7896718011524595,2739.5855198574673,False,0.042063856132960036,0.045940102821417694,0.17152780169060539,0.23052363870155065,0.7440790135742881,0.45682867485268375,1.1871171461371197,0.7555581508855826,1.8651736031184027,2737.3439141046674,False,0.03891297788287309,0.04277665345271148,0.31851332403620897,0.22096611452721077,1.441457776083517,0.14945539789372084,1.3750819427033805,0.8917403640744478,2.12040457662971,2924.8646756780786,False,0.07823710043221187,0.07895946894630412,113,0.7843016601063424,False,False,0.9036712025999508,False,False,0.5950768732954331,False,False,2737.3439141046674,2.241605752799842,-187.52076157341116,0.18796479656626075,1.2548188054913036,0.14979437329413167,medium,4.206385613296003,4.594010282141769,0.08412771226592007,0.09188020564283539,3.891297788287309,4.2776653452711475,0.07782595576574618,0.08555330690542295,7.823710043221187,7.895946894630413,0.15647420086442373,0.15791893789260825
75fdce80-e338-4a50-bdc6-786511feaeef,Ziatora's Proving Ground,0.04090725953793857,0.23080262998903833,0.17723913951882353,0.859320553413885,1.0417554881800504,0.6626781210869902,1.6376796858376934,2740.3798665528416,False,0.00936022826179942,0.010225556635071242,0.0887485810629586,0.23321271757696255,0.3805477762321031,0.7035388389417734,1.092805869694345,0.6918761278480455,1.7260671683424487,2737.753587007363,False,0.020160948010811728,0.02208913461065498,0.3161689189596953,0.22652989577530133,1.395705047572654,0.16280333369245292,1.3718619695517964,0.8800032513859973,2.138634443155059,2924.987349073709,False,0.07768755494255143,0.07847584850585232,86,0.9696938900785713,False,False,0.9425636711937635,False,False,0.5950768732954331,False,False,2737.753587007363,2.62627954547861,-187.23376206634612,0.33010648137174603,1.1688077758087305,0.2824300866268076,low,0.936022826179942,1.0225556635071242,0.01872045652359884,0.020451113270142485,2.016094801081173,2.208913461065498,0.040321896021623456,0.04417826922130996,7.768755494255143,7.847584850585232,0.15537510988510286,0.15695169701170464
5ab21006-7f61-49e0-8b6a-0397c5d4c3bd,Imperial Seal,-0.014142872504660097,0.18674330973532546,-0.07573429283600594,0.9396304925919988,0.9859566681007786,0.683752164523484,1.4217293952551737,2740.4055821042593,False,-0.0032355833249925383,-0.003535669833848676,0.05853540236431683,0.19810684509056914,0.2954739011544806,0.7676318866705818,1.0602825215382707,0.7191006003484289,1.563340407357247,2737.8113419128076,False,0.013301949240263027,0.014548116399845601,0.3117989548571035,0.18955651369721985,1.6448865236841321,0.09999321453240656,1.3658800618715563,0.9420171374120646,1.9804611501480238,2924.2279058249114,False,0.07667880679292019,0.07760710177310631,137,0.9906419070658742,False,False,0.9695332822545241,False,False,0.5050503124935578,False,False,2737.8113419128076,2.5942401914517177,-186.4165639121038,0.37992339377077766,1.1373730838368685,0.33403585786391743,low,-0.3235583324992538,-0.3535669833848676,-0.006471166649985077,-0.007071339667697352,1.3301949240263027,1.45481163998456,0.026603898480526054,0.029096232799691202,7.667880679292019,7.7607101773106315,0.15335761358584038,0.15521420354621263
5b8ba842-c662-4686-bca3-93ddb7fa11a6,Mother of Runes,0.19414928842602916,0.17109830612808807,1.134723614859662,0.2564911396577343,1.2142775470093394,0.8683126862426603,1.6980863973683327,2739.1158201199923,False,0.04438319071071621,0.048418130757730604,0.10069776542365386,0.17747239511293056,0.5673995967630746,0.5704427237914619,1.1059423372330173,0.7810249925129382,1.5660298518093418,2737.5759794108153,False,0.022887142946246258,0.025076735306879705,0.31103295951095805,0.16987876719578768,1.830911329562971,0.0671137790183178,1.364834204712766,0.9783092775817857,1.9040731280381855,2923.5659169794926,False,0.07657872847356134,0.07715871015874759,165,0.6896918746929498,False,False,0.9160379966359338,False,False,0.43847668958634295,False,False,2737.5759794108153,1.5398407091770423,-185.9899375686773,0.2588918674797487,1.2283513629850409,0.21076369130295947,low,4.438319071071621,4.841813075773061,0.08876638142143242,0.09683626151546121,2.2887142946246257,2.5076735306879705,0.045774285892492515,0.05015347061375941,7.657872847356134,7.715871015874759,0.15315745694712268,0.15431742031749518
8a720448-017f-4f4a-9501-678245eaed17,Mishra's Bauble,0.16094977001150346,0.18528201910484093,0.8686745254024396,0.38502517891065446,1.1746259658832716,0.8169290847721009,1.6889423885698933,2739.653747966877,False,0.03679030984780528,0.040166603914324917,0.20799293432023797,0.18760610922532017,1.108668236759991,0.267573329213993,1.2312044702216263,0.852386650664966,1.778376569261327,2736.6638974825937,False,0.04716391940614928,0.051857928475983917,0.31000247422417154,0.18275641806866816,1.696260396763152,0.08983657699481082,1.3634284875557245,0.9529430791410081,1.9507327156981447,2924.0526630270906,False,0.07622688009157631,0.0770311869973555,134,0.7882371007995955,False,False,0.8092332095943887,False,False,0.48619725285927756,False,False,2736.6638974825937,2.9898504842831244,-187.3887655444969,0.18880252167245293,1.2564196412202076,0.15027027235032078,medium,3.679030984780528,4.016660391432492,0.07358061969561056,0.08033320782864983,4.716391940614928,5.185792847598392,0.09432783881229856,0.10371585695196783,7.622688009157631,7.70311869973555,0.15245376018315263,0.154062373994711
18f23daa-bc59-456a-8a28-3823e51bc74b,Night's Whisper,0.26997483602956657,0.2266247367510946,1.1912858229862349,0.2335413974880457,1.3099314872412882,0.8401207495574581,2.042468897679353,2738.986069933573,False,0.061493048483586575,0.06713615926444205,0.42957193044654784,0.23685911486618513,1.8136178997765693,0.06973657272367499,1.536599611232797,0.9659222498648701,2.4444393589350493,2734.5854167696075,False,0.09644984407752945,0.10697596460666636,0.30996247975851005,0.2230634606151571,1.3895708373917703,0.16465923643406055,1.3633739590523235,0.8805206462048915,2.111010752823937,2925.00964972116,False,0.07617510376218926,0.07709869949998682,93,0.6731487339361317,False,False,0.613990649236548,False,False,0.5950768732954331,False,False,2734.5854167696075,4.400653163965671,-190.4242329515523,0.22666812399150893,1.4033016858421365,0.16152487115091216,low,6.149304848358658,6.713615926444206,0.12298609696717315,0.1342723185288841,9.644984407752945,10.697596460666636,0.1928996881550589,0.21395192921333273,7.6175103762189265,7.709869949998682,0.15235020752437853,0.15419739899997364
073bfdca-d7b8-4f4b-93f3-6e7c44bc0b0a,Sol Ring,0.16270280922917577,0.16618624717420308,0.9790389517528738,0.32756073370652716,1.176686937221547,0.8495722977672077,1.629751996230012,2739.4482879988454,False,0.03721013405907245,0.04060659297705843,0.16644738509503695,0.16880133126107194,0.9860549312706881,0.3241061579242832,1.1811013906980836,0.8483998575663318,1.6442724296425044,2736.921921839425,False,0.03779846642164589,0.04146844753581713,0.30798011957288085,0.16382780258722748,1.8799014252107897,0.06012151364262614,1.3606739378892028,0.9869633494724066,1.8758888729157128,2923.384131372107,False,0.07580837111783312,0.07658549406555804,171,0.7465337651916201,False,False,0.8092332095943887,False,False,0.43094182426145483,False,False,2736.921921839425,2.526366159420377,-186.46220953268175,0.18398700066765583,1.2394874219362777,0.1484379731584841,medium,3.721013405907245,4.060659297705843,0.0744202681181449,0.08121318595411686,3.7798466421645887,4.146844753581713,0.07559693284329178,0.08293689507163426,7.580837111783312,7.658549406555803,0.15161674223566624,0.15317098813111607
2424f2c4-366b-42cf-bf4b-a8a5bfdd2c4b,Life // Death,0.2782085805848763,0.2185032655408177,1.273246786020712,0.20293048322016105,1.3207616537188716,0.8606582118360456,2.026834023012281,2738.7845218877364,False,0.06334158164234126,0.06916510066864129,0.3945098920369763,0.22842694725876156,1.72707247008855,0.08415464909185934,1.483656860658493,0.9481837896392307,2.321530598004161,2734.902492046575,False,0.08871861374114716,0.09829458053298301,0.3068906444028238,0.21416101986570885,1.432990207999858,0.151860635692389,1.359192324656294,0.893271284207835,2.068132949155399,2924.887506659376,False,0.07542585830408476,0.07632306821826534,99,0.6486701736975794,False,False,0.6193017268849004,False,False,0.5950768732954331,False,False,2734.902492046575,3.8820298411615113,-189.98501461280102,0.16289520693962145,1.3878702796778863,0.11737062845486405,low,6.334158164234125,6.916510066864129,0.12668316328468252,0.13833020133728258,8.871861374114715,9.829458053298302,0.17743722748229432,0.19658916106596602,7.542585830408475,7.632306821826535,0.1508517166081695,0.1526461364365307
24c0d87b-0049-4beb-b9cb-6f813b7aa7dc,Fable of the Mirror-Breaker // Reflection of Kiki-Jiki,0.379575430132202,0.17528174647150527,2.165516020767786,0.03034818985760885,1.461663879236153,1.0366799044921229,2.0608688242204782,2735.6595304024577,False,0.08621838874706154,0.0940007718646168,0.26282774049100593,0.18201735831697116,1.4439707449951495,0.14874720473497394,1.300602658478659,0.9103498691116212,1.8581507315341261,2735.797784349529,False,0.05956616746200624,0.06557094816700065,0.30550579735536565,0.17487256729228196,1.7470195702264917,0.0806339434743947,1.3573113539075705,0.9634406084052354,1.912203093137122,2923.86927876862,False,0.0752444290823352,0.07585215807645945,157,0.3518779753032992,True,False,0.6921486360963497,False,False,0.48619725285927756,False,False,2735.6595304024577,-0.13825394707146188,-188.07149441909087,0.16106122075749396,1.3731926305407942,0.11728960465951847,medium,8.621838874706155,9.400077186461681,0.1724367774941231,0.1880015437292336,5.956616746200624,6.557094816700065,0.11913233492401248,0.1311418963340013,7.524442908233519,7.5852158076459455,0.1504888581646704,0.1517043161529189
0cb33b46-4d1b-4f97-bfdc-d815aee111da,Mana Crypt,0.2646228661580565,0.16253688077046605,1.6280789006389011,0.10350815680364693,1.302939500528565,0.9474800286856196,1.791754222400522,2737.742856335116,False,0.06035401681396657,0.06586323953684486,0.2196699196294739,0.16609503192694877,1.3225556302375632,0.1859831977981946,1.2456654929929072,0.8995358751538544,1.7249812523240018,2736.1410560549593,False,0.049824111748063706,0.054778812975338265,0.2993944842562303,0.16149948122343286,1.8538417708105273,0.06376180052848056,1.3490416942286139,0.983001631676441,1.8513839999059545,2923.489568266885,False,0.07371241118981971,0.07438514064237656,180,0.5565462801146543,False,False,0.7432460548763591,False,False,0.43094182426145483,False,False,2736.1410560549593,1.6018002801565672,-187.34851221192548,0.10337620123570668,1.2992155625833621,0.07956816729485082,medium,6.035401681396657,6.586323953684486,0.12070803362793314,0.13172647907368973,4.98241117480637,5.477881297533827,0.09964822349612741,0.10955762595067653,7.37124111898197,7.438514064237656,0.14742482237963941,0.14877028128475311
311a6257-dd77-4bb6-81cb-c8e7862350f3,Necromancy,0.1930323299222725,0.18217319556717373,1.059608848169404,0.2893225865456265,1.2129220065594335,0.8487189929448651,1.7334121260695459,2739.285076631424,False,0.04407706543332776,0.048136861057967606,0.362016164236011,0.19592117579076138,1.8477643510195891,0.06463644011755003,1.4362221572066363,0.9782506628406428,2.108594620177941,2734.461101253873,False,0.08157121162388238,0.09015385441662438,0.2985741124947307,0.1878547850674095,1.5893878475738101,0.1119728565107066,1.347935432352629,0.9327470158049778,1.94793432624775,2924.4136637246474,False,0.07342301338756867,0.074355399688939,140,0.7223850568527744,False,False,0.613990649236548,False,False,0.5266474573861459,False,False,2734.461101253873,4.823975377551051,-189.9525624707744,0.22330015064720277,1.3323598653728996,0.16759747606530143,medium,4.407706543332776,4.81368610579676,0.08815413086665552,0.09627372211593521,8.157121162388238,9.015385441662438,0.16314242324776476,0.18030770883324876,7.342301338756867,7.435539968893901,0.14684602677513733,0.148710799377878
0e9aeaa8-9a75-4719-992f-cbb316f72175,Savannah,0.3264116796889798,0.22386677502151206,1.4580621874666924,0.14482340267522004,1.3859858336572757,0.8937160252943004,2.149403923316786,2738.272691387889,False,0.0741849597119428,0.080975352530537,0.30014345900518447,0.22905042909879586,1.3103815617639563,0.1900667879753437,1.350052470868717,0.861745425461134,2.1150581369473502,2736.171796095212,False,0.06782333935793519,0.07488262118007266,0.2959688190244966,0.21950714791153078,1.348333399802464,0.17755117423775368,1.3444282355946036,0.874358162043204,2.067216112491332,2925.122190371394,False,0.07278296944034711,0.07349350585412123,93,0.5913622275904818,False,False,0.7432460548763591,False,False,0.5950768732954331,False,False,2736.171796095212,2.100895292677251,-188.95039427618212,0.04155759806267212,1.3601555133735321,0.030553563658025168,low,7.418495971194281,8.0975352530537,0.1483699194238856,0.161950705061074,6.7823339357935195,7.488262118007266,0.13564667871587038,0.14976524236014532,7.278296944034711,7.3493505854121235,0.14556593888069422,0.14698701170824247
4ced112a-e775-4f97-97b3-74877e9dce12,Dragon's Rage Channeler,0.3993368657629874,0.19928498525938845,2.003848233941018,0.045086320175932705,1.4908357455488797,1.0087765850008341,2.2032541726813037,2736.34837726164,False,0.090523426446135,0.09873464192117176,0.3376111459842853,0.20416492002912878,1.6536197596341105,0.09820479529507815,1.401595381433278,0.9393641232296843,2.0912759649590775,2735.136698725439,False,0.07623308050630304,0.08419829498063008,0.2813598229414067,0.19503819092153338,1.4425883546807596,0.14913646578400816,1.3249302584772589,0.9040098421955238,1.9418374755359584,2924.852031441602,False,0.06930541669388537,0.06992562491342003,120,0.3930694053954922,True,False,0.6301343522866713,False,False,0.5950768732954331,False,False,2735.136698725439,1.2116785362009068,-189.71533271616272,0.16590548707162078,1.405787128486472,0.11801608060691338,medium,9.0523426446135,9.873464192117176,0.18104685289227,0.19746928384234352,7.623308050630303,8.419829498063008,0.15246616101260607,0.16839658996126017,6.930541669388537,6.992562491342003,0.13861083338777075,0.13985124982684005
605c2218-9d12-4ac3-a721-fca590b89847,Karakas,0.4724216113541524,0.17005253185255412,2.7780921942624803,0.005467910145959517,1.6038734524556122,1.1492604504293877,2.2383177377510717,2732.580992984066,False,0.10670030322293318,0.11642443397171282,0.4550940535620599,0.17574276108665873,2.5895465096149994,0.009610243988608665,1.57632163472678,1.1169907532276007,2.2245393607134023,2731.1038572453936,False,0.10221223014655162,0.11322479124426099,0.2813044464323496,0.16858398211484,1.6686309274669051,0.09519054570145864,1.3248568904962503,0.952066723903657,1.8436163519070885,2924.1424132692528,False,0.06935024418897587,0.06988872924778256,169,0.174907454086304,True,False,0.4431684263420406,True,False,0.49752925219962385,False,False,2731.1038572453936,1.4771357386725867,-193.0385560238592,0.27901656195936186,1.5016839925595475,0.18580244801290827,medium,10.670030322293318,11.64244339717128,0.21340060644586636,0.23284886794342563,10.221223014655163,11.3224791244261,0.20442446029310324,0.22644958248852198,6.935024418897587,6.9888729247782555,0.13870048837795174,0.1397774584955651
45fd6e91-df76-497f-b642-33dc3d5f6a5a,Mox Ruby,0.18131317630069452,0.1677965111855134,1.0805539103267605,0.2798955938098445,1.1987905533018006,0.8628037780750683,1.665614856128507,2739.238377505578,False,0.041444308695555494,0.04523209239804027,0.1476206754728782,0.16911917511680996,0.8728795854811683,0.38272871454036916,1.159073148090795,0.832058184131239,1.6146113195531118,2737.134201071496,False,0.033527492046959345,0.03678057577396593,0.27541115242150915,0.16195622290675715,1.7005283741401604,0.08903158394369562,1.3170720809351655,0.9588476841756942,1.8091287020942877,2924.0384583246414,False,0.06786376689824748,0.06850998514304646,172,0.7033273895734554,False,False,0.8579558660970787,False,False,0.48619725285927756,False,False,2737.134201071496,2.104176434081637,-186.90425725314526,0.1579989328443705,1.2249785941092537,0.12898097452817928,medium,4.144430869555549,4.523209239804027,0.08288861739111099,0.09046418479608054,3.3527492046959346,3.6780575773965927,0.06705498409391869,0.07356115154793186,6.786376689824748,6.850998514304646,0.13572753379649496,0.13701997028609292
bb9ad57f-cca2-4717-a951-cbe3c7782efe,Recruiter of the Guard,0.0916754834339874,0.21343170915831605,0.42953075621010833,0.6675370163142326,1.0960090912570528,0.7213356857260376,1.6652939150085786,2740.226185838219,False,0.020976656673577277,0.022905055016331555,-0.07143349398092338,0.22230571033058397,-0.3213300003616499,0.7479603238959405,0.9310581965100272,0.6022078146228377,1.4394854139038764,2737.7957188092837,False,-0.016217158442079948,-0.017664819208783322,0.26979502233097874,0.21290962522031143,1.2671809555430118,0.20509059379323658,1.3096959647913866,0.8628556708308069,1.9879379346713322,2925.3302653589135,False,0.06649949717444996,0.06703894935404986,104,0.9373483511095011,False,False,0.9685604714091975,False,False,0.5950768732954331,False,False,2737.7957188092837,2.4304670289352543,-187.5345465496298,0.3786377682813594,1.112254417519489,0.3404237037114082,low,2.097665667357728,2.2905055016331555,0.041953313347154554,0.04581011003266311,-1.6217158442079949,-1.7664819208783322,-0.032434316884159896,-0.035329638417566644,6.649949717444996,6.7038949354049855,0.13299899434889992,0.13407789870809972
19557351-b65f-4b04-b971-66abdc07000a,Stoneforge Mystic,0.2816662446199878,0.22251285230322992,1.2658425870886165,0.20556944467565552,1.3253363080390814,0.8568786698074436,2.0499008684641247,2738.7940797676174,False,0.06417295616404553,0.0700132469673132,0.17440920593770665,0.22730474457197858,0.767292412950395,0.44290767836428935,1.1905426432747936,0.7625340670323663,1.8587914255056757,2737.3067779089224,False,0.039578815381757386,0.04349679604308898,0.2667969201815671,0.2208271025985949,1.208171085170343,0.2269814613615545,1.305775242803601,0.8470257351463468,2.0129836839304645,2925.4787106554713,False,0.0657397138617421,0.0663054925012988,92,0.6486701736975794,False,False,0.8950519511236972,False,False,0.603193042011519,False,False,2737.3067779089224,1.487301858694991,-188.17193274654892,0.13479366476428778,1.273884731372492,0.1058130782516407,low,6.417295616404553,7.00132469673132,0.12834591232809106,0.1400264939346264,3.9578815381757386,4.349679604308898,0.07915763076351477,0.08699359208617796,6.57397138617421,6.63054925012988,0.1314794277234842,0.1326109850025976
0c9a7cb0-5bff-48ff-b620-2838816ac9b5,Counterspell,0.027216400636610093,0.17619856999248146,0.15446436732018562,0.8772436047535473,1.0275901498671998,0.727506171690829,1.451453688220863,2740.3874441083967,False,0.006227920249383271,0.00680376497986146,0.15650250794883788,0.19063627080591053,0.8209482240038953,0.4116757607171204,1.169413695145083,0.8048135986642875,1.6991864857434091,2737.2234294712243,False,0.03552734445370398,0.03901010027247159,0.2665179943792819,0.18308518379299105,1.45570487386148,0.1454742219832711,1.3054110791860736,0.9118051474426677,1.8689279068463462,2924.8238707344763,False,0.06565274628198246,0.06628344340510656,154,0.9769303780209959,False,False,0.8669979999518213,False,False,0.5950768732954331,False,False,2737.2234294712243,3.164014637172386,-187.60044126325192,0.2778209293188738,1.1674716413994521,0.23796803234196673,low,0.6227920249383271,0.680376497986146,0.012455840498766541,0.01360752995972292,3.552734445370398,3.9010100272471595,0.07105468890740796,0.07802020054494319,6.565274628198246,6.6283443405106555,0.13130549256396493,0.1325668868102131
0d16e8e0-31b2-4389-afd6-783c501f6fa0,"Ajani, Nacatl Pariah // Ajani, Nacatl Avenger",0.47168437737594154,0.16496485614546288,2.85930220773823,0.004245740948534077,1.6026914582064087,1.1599225774704134,2.2144753107655615,2732.122378188198,False,0.10652096381748614,0.11627717218280226,0.3746278079583145,0.1709200397473175,2.191830802942427,0.028391726048595557,1.4544499791581946,1.040420054383124,2.0332410289107035,2733.0484802816813,False,0.08450627322052558,0.09338267431784392,0.2663843862193231,0.1651870296798396,1.6126228962141949,0.10682646101870891,1.305236677264813,0.9442331220941715,1.8042607739695231,2924.332284541833,False,0.06570838164015455,0.06623024288094259,179,0.174907454086304,True,False,0.4431684263420406,True,False,0.5169873175226406,False,False,2732.122378188198,-0.9261020934832231,-191.28380426015156,0.2974547809415957,1.4541260382098056,0.20455914626753838,low,10.652096381748615,11.627717218280226,0.2130419276349723,0.23255434436560452,8.450627322052558,9.338267431784391,0.16901254644105115,0.18676534863568783,6.570838164015455,6.623024288094259,0.1314167632803091,0.13246048576188518
a24e8dba-5c86-4e32-8a52-61402f7fe9f0,Containment Priest,0.2702895334710673,0.24260997857794314,1.1140907519771763,0.2652402556715535,1.3103437841998606,0.8144632069324886,2.1081379958929616,2739.160631933106,False,0.061588927464762015,0.06720745425151048,0.2012136708348806,0.24610694005120706,0.8175863337824378,0.4135934336504862,1.222886038990661,0.7549106118330288,1.9809633629696979,2737.2270114309795,False,0.0456225483492063,0.050197142963286256,0.26629339730024393,0.2354748641502236,1.1308782288132433,0.25810634784633235,1.3051179205932586,0.8226393925850658,2.0705704127553517,2925.662271696556,False,0.06559919101775046,0.0661830257024088,81,0.6896918746929498,False,False,0.8669979999518213,False,False,0.6168738428388774,False,False,2737.2270114309795,1.9336205021263595,-188.43526026557674,0.08745774520919958,1.2794492479279267,0.06835577522972307,low,6.1588927464762016,6.720745425151048,0.12317785492952403,0.13441490850302096,4.56225483492063,5.019714296328626,0.0912450966984126,0.10039428592657251,6.559919101775045,6.61830257024088,0.1311983820355009,0.1323660514048176
55d35442-5ca0-4fd7-8ff1-b7347b3e6690,Piggy Bank,0.5377437886872986,0.24546940643418347,2.1906753941309636,0.028475290925370655,1.7121395524642358,1.0582575682685094,2.770045719501673,2735.53525091067,False,0.12082148335728855,0.1316150204969017,0.39955466410875734,0.2531338655316502,1.578432278389869,0.11446633464557344,1.4911604824703735,0.9079302574257565,2.4490422764251827,2735.3786237624936,False,0.08993066528943754,0.09954803845730248,0.2634767042004819,0.2445705511834444,1.0773034730696445,0.2813447112173765,1.301446976340653,0.8058307258250563,2.101885889858635,2925.780200177931,False,0.06492312638617252,0.06550287608961097,76,0.3518779753032992,True,False,0.655649659852701,False,False,0.6411302739670687,False,False,2735.3786237624936,0.15662714817653978,-190.40157641543738,0.4106925761235827,1.5015823370917543,0.27350653106309636,low,12.082148335728855,13.16150204969017,0.2416429667145771,0.2632300409938034,8.993066528943753,9.954803845730249,0.17986133057887507,0.19909607691460496,6.4923126386172525,6.5502876089610975,0.12984625277234504,0.13100575217922195
26d40e03-6de4-4373-9fbf-04c1dd79e995,Jetmir's Garden,0.3044443669650408,0.20489455481130298,1.485858749371929,0.13731648663273882,1.355871426713831,0.907420826236963,2.025947909309858,2738.1857874892094,False,0.06929977106650498,0.07561549766781778,0.20770537307815223,0.20872606678044062,0.995109888678341,0.31968282169039686,1.2308504744350812,0.8175871978914712,1.8530046633853592,2736.902949946035,False,0.047099988536443205,0.051819669134088364,0.26329198724007696,0.20102112990663298,1.30977269584728,0.19027274256182625,1.301206599212605,0.8774727068971673,1.9295627095018633,2925.222773765202,False,0.06489260390381583,0.06543715575735032,114,0.5828013423757537,False,False,0.8092332095943887,False,False,0.5950768732954331,False,False,2736.902949946035,1.2828375431745371,-188.31982381916714,0.12502095227874976,1.2959761667871723,0.09646855820557766,medium,6.929977106650497,7.561549766781778,0.13859954213300996,0.15123099533563555,4.70999885364432,5.181966913408837,0.09419997707288641,0.10363933826817673,6.489260390381584,6.543715575735032,0.12978520780763167,0.13087431151470064
079e6263-e54c-4899-a336-5315909b9322,"Magda, Brazen Outlaw",0.07428853989222477,0.17441905677556904,0.42591985798784804,0.6701662443766876,1.0771175520450567,0.7652346108002572,1.516113103810418,2740.229516531089,False,0.017003809069086592,0.01856537715861739,-0.11968726582367575,0.18283393003718595,-0.6546228361406057,0.5127106175163729,0.8871978504255122,0.6199963000038329,1.2695560050838746,2737.4715070620787,False,-0.027131136543798465,-0.02952034146797422,0.2626264910104379,0.17332040979306113,1.5152658092835418,0.1297051031992081,1.3003409392055318,0.9258143853782516,1.8263774951855976,2924.636854695723,False,0.06479831184926509,0.06529069510675789,163,0.9373483511095011,False,False,0.9084793269322036,False,False,0.5587296753196657,False,False,2737.4715070620787,2.758009469010176,-187.16534763364416,0.4131430887800196,1.0882187805587002,0.3796507615572565,low,1.7003809069086593,1.856537715861739,0.034007618138173185,0.03713075431723478,-2.7131136543798466,-2.952034146797422,-0.05426227308759693,-0.05904068293594844,6.479831184926509,6.5290695106757894,0.12959662369853017,0.13058139021351578
7d48d622-f397-4f31-b1a5-0c23f60aa71c,Mana Tithe,0.3510816675978248,0.18596457150978962,1.8878954456082673,0.05903998809437954,1.4206033384370107,0.9866806061656342,2.0453567573614584,2736.8119373593636,False,0.07978225461164194,0.08704131152517303,0.27273661633587526,0.19047407021690213,1.431883174572249,0.15217725824941578,1.313554230533219,0.9043014052348662,1.9080195016434682,2735.831385068945,False,0.061748962491502205,0.06805085008263001,0.2576548370186457,0.18148266760818274,1.4197214555767776,0.15568878924475935,1.2938921378719836,0.9066024922305029,1.8466272471058676,2924.9210256349825,False,0.06353659837085854,0.06410286225934225,140,0.42079409696357783,False,False,0.6936451771368719,False,False,0.5950768732954331,False,False,2735.831385068945,0.9805522904184727,-189.08964056603736,0.12671120056502705,1.3426832356140712,0.0943716263107107,medium,7.978225461164194,8.704131152517302,0.15956450922328388,0.17408262305034605,6.174896249150221,6.805085008263001,0.12349792498300441,0.13610170016526002,6.3536598370858535,6.410286225934225,0.12707319674171708,0.1282057245186845
7eb39e97-53c2-4df0-9fb3-a3d6a24ec41f,Avacyn's Pilgrim,0.13831791537080762,0.1837375516938328,0.7528015590481513,0.4515691697814809,1.1483405673661198,0.801069406424553,1.6461570596541557,2739.8433899069814,False,0.03161847542119305,0.034534621489591466,0.07065809065297331,0.2008606176144516,0.3517767270267,0.7250057135224552,1.0732142211571865,0.7239530622305309,1.590971603801654,2737.774887478148,False,0.01605345189193789,0.01757901426291708,0.25661448422816885,0.19566297509503186,1.3115127381842853,0.18968459298635676,1.2925467335446936,0.8808350095147471,1.8966969300157979,2925.2248211447222,False,0.06321692731411727,0.06383092570799265,134,0.809599252183291,False,False,0.9633974227145846,False,False,0.5950768732954331,False,False,2737.774887478148,2.0685024288336535,-187.44993366657445,0.21933251238750717,1.1713671740226668,0.1872448855078322,medium,3.1618475421193053,3.4534621489591464,0.0632369508423861,0.06906924297918293,1.605345189193789,1.757901426291708,0.03210690378387578,0.03515802852583416,6.321692731411726,6.383092570799265,0.12643385462823453,0.1276618514159853
09521f23-52d6-482d-9f3b-c4d12fcc08cc,Tidehollow Sculler,0.1289067003170018,0.1932693144670117,0.6669796530944094,0.5047851301776549,1.1375839829893428,0.778877766630764,1.6614896121015854,2739.9651963080014,False,0.029477245965410327,0.032189582972450004,0.20620011675539338,0.20180638088104452,1.021772036420091,0.30688880733018575,1.2289991227050812,0.8275047845852896,1.8252931846996236,2736.850428139324,False,0.04675208990526512,0.05143618664467986,0.2543657565383279,0.19455767903727247,1.3074053812576456,0.19107507070876795,1.2896434135260706,0.880762478013666,1.8883412674459654,2925.233956594305,False,0.0626904642400674,0.06326154478105434,125,0.8314108026455493,False,False,0.8092332095943887,False,False,0.5950768732954331,False,False,2736.850428139324,3.1147681686775286,-188.38352845498093,0.15205943053672777,1.2187421730734982,0.12476751350390627,medium,2.9477245965410326,3.2189582972450004,0.058954491930820654,0.06437916594490001,4.675208990526512,5.143618664467986,0.09350417981053025,0.10287237328935972,6.269046424006739,6.326154478105433,0.1253809284801348,0.12652308956210867
5f1cdcba-a04a-4a2f-8bc1-0dd7fa03754d,Exhume,-0.0533568181574288,0.22997725273252487,-0.23200911187284018,0.8165309366337022,0.9480416736400128,0.604041585342131,1.4879489041289817,2740.3575305364334,False,-0.012204207639158356,-0.01333641397227725,0.09155638523960737,0.24350612708363203,0.3759921211681149,0.7069227533953226,1.0958785663260562,0.6799638636982227,1.766196552859536,2737.757231776499,False,0.020794473795836283,0.022774450666302515,0.24971309143300466,0.23335929061303623,1.0700799217250228,0.2845833358935458,1.283657071638656,0.8124742007799882,2.028095754900326,2925.8031124211225,False,0.061520292146416446,0.06221977055331185,86,0.9374126485600502,False,False,0.9425636711937635,False,False,0.6411302739670687,False,False,2737.757231776499,2.6002987599345033,-188.0458806446236,0.33561539799864315,1.109192437201575,0.3025763490106193,low,-1.2204207639158355,-1.333641397227725,-0.024408415278316713,-0.0266728279445545,2.079447379583628,2.2774450666302517,0.041588947591672566,0.04554890133260503,6.152029214641645,6.221977055331185,0.12304058429283289,0.1244395411066237
76c3cad2-1e25-4abe-878d-9194de6fcc27,Guide of Souls,0.15099897718722866,0.20890043651128656,0.7228274852315612,0.46978587893017587,1.1629954685545936,0.7722508253878461,1.7514496785409404,2739.8862372157582,False,0.03452327805330112,0.03768848324590213,-0.024760017246206294,0.2180127118084416,-0.11357143829283614,0.9095775297620599,0.975543997673959,0.636312851068956,1.4956260741849403,2737.885848605434,False,-0.005624842165244206,-0.006137560705827549,0.24875230015987357,0.21193479051247405,1.1737209334926657,0.24050682260977274,1.2824243374215014,0.8465043917925331,1.942827700785337,2925.564328278242,False,0.06134224169945199,0.06187629705750741,105,0.8221252881278078,False,False,0.9942424259274407,False,False,0.6128028882259481,False,False,2737.885848605434,2.00038861032408,-187.67847967280795,0.30688033974754236,1.1403212678833512,0.26911743943631733,low,3.452327805330112,3.7688483245902127,0.06904655610660224,0.07537696649180425,-0.5624842165244206,-0.6137560705827549,-0.011249684330488412,-0.012275121411655099,6.134224169945199,6.187629705750741,0.12268448339890398,0.12375259411501482
a9738cda-adb1-47fb-9f4c-ecd930228c4d,"Ragavan, Nimble Pilferer",0.303381094690818,0.17320679920049017,1.7515541889302426,0.07985049570275583,1.3544305323856398,0.9645397525846597,1.9019247907021137,2737.318547815761,False,0.06908730370718877,0.07538922566932221,0.22276395815062502,0.182302053006733,1.221949805153306,0.22172660933814436,1.2495255985909812,0.8741108630790961,1.7861741427561584,2736.3965706380986,False,0.05051691256828457,0.05556811551721541,0.24815608510260298,0.1757949348021456,1.4116224985770989,0.15806114418206318,1.2816599646096531,0.9080988986358763,1.8088913744425514,2924.944776535295,False,0.06122796885136054,0.061744710281338266,158,0.5091714094027184,False,False,0.7691754943411734,False,False,0.5950768732954331,False,False,2736.3965706380986,0.9219771776624839,-188.54820589719657,0.1049049337946586,1.2952053651954245,0.0809948264681796,medium,6.908730370718877,7.5389225669322215,0.13817460741437754,0.15077845133864443,5.051691256828457,5.556811551721541,0.10103382513656914,0.11113623103443082,6.1227968851360535,6.174471028133826,0.12245593770272108,0.12348942056267653
2dc16614-5cf8-444d-a5ae-cac25018af68,Burst Lightning,0.2770292953334605,0.1857936406618405,1.4910590822517777,0.13594598382717776,1.319205017019759,0.9165613812872253,1.898729220388939,2738.1717059954335,False,0.06313273071579498,0.0688975159373208,0.1998567082719435,0.18959732962251433,1.0541114090048391,0.2918319133363346,1.2212277537869392,0.842186276855377,1.7708638428403178,2736.7822804209936,False,0.04533553612457853,0.04984408411564056,0.2478616943020253,0.18366398325221267,1.3495389238164048,0.1771639267738031,1.2812827112392888,0.8939372353004135,1.8364660529763073,2925.1175901221663,False,0.06113244815978136,0.06167139487892187,134,0.5828013423757537,False,False,0.8092332095943887,False,False,0.5950768732954331,False,False,2736.7822804209936,1.3894255744398833,-188.33530970117272,0.09797726323281974,1.2739051606819956,0.07691095558508203,medium,6.313273071579498,6.88975159373208,0.12626546143158995,0.1377950318746416,4.533553612457853,4.984408411564056,0.09067107224915706,0.09968816823128113,6.1132448159781365,6.167139487892187,0.12226489631956272,0.12334278975784374
94b67489-5eb0-4406-9bf3-27e50dc632eb,"Nadu, Winged Wisdom",-0.014207837333036667,0.2213801248373805,-0.06417846834025112,0.9488281218193317,0.9858926176755837,0.6388325672546555,1.5215007866055708,2740.4071969875795,False,-0.0032507582618250515,-0.003551907174297375,0.049877913160183675,0.2414725406867965,0.20655728812195728,0.8363556199555385,1.0511427578444594,0.6548112409820952,1.6873581701372593,2737.8560482191756,False,0.01133109266510296,0.012400813945888989,0.24706739650785225,0.23473842472555898,1.052522171419986,0.2925600437723055,1.2802653952874339,0.8081400421761127,2.0282121870324246,2925.840451606289,False,0.060839504609547936,0.061477359474195914,93,0.9918416633418081,False,False,0.982130324906701,False,False,0.644289534599684,False,False,2737.8560482191756,2.551148768403891,-187.98440338711362,0.2943727776118502,1.1057669236024923,0.2662159369470099,low,-0.32507582618250513,-0.3551907174297375,-0.006501516523650103,-0.00710381434859475,1.133109266510296,1.2400813945888989,0.02266218533020592,0.024801627891777978,6.083950460954793,6.147735947419592,0.12167900921909587,0.12295471894839183
5f6927e1-c580-483a-8e2a-6e2deb74800e,Mox Jet,0.19343125653495472,0.17548503395994627,1.1022663994190216,0.2703458725327479,1.2134059699534785,0.8602610321558953,1.711520100159464,2739.1924492638536,False,0.04417224746291721,0.0482380408272311,0.2723545594805186,0.1787800971166589,1.5234053671130954,0.12765732008110636,1.313052473990428,0.9249140812969907,1.8640723871721134,2735.5685475447226,False,0.06161160553374152,0.06793557378428189,0.24673901669521892,0.17060114010789504,1.446291721961361,0.14809539660931823,1.2798450509968753,0.9160913264472273,1.788034999647553,2924.850774612421,False,0.06082201814295142,0.06142060965209606,156,0.691117316995886,False,False,0.6762387766458607,False,False,0.5950768732954331,False,False,2735.5685475447226,3.6239017191310268,-189.2822270676984,0.09964650403694941,1.268767831646927,0.07853801266982237,medium,4.417224746291721,4.82380408272311,0.08834449492583442,0.0964760816544622,6.1611605533741525,6.793557378428189,0.12322321106748305,0.13587114756856378,6.082201814295142,6.142060965209605,0.12164403628590284,0.12284121930419212
3277ad99-5682-4baa-b106-de15721876a6,Glorybringer,0.48747160896017916,0.2329669857967618,2.09244931118886,0.0363983416030659,1.6281942993601104,1.0313373073939784,2.5704652177932443,2735.9822433785607,False,0.10985788401883483,0.11978239784337597,0.33516785566433005,0.23999306047391603,1.3965731134161616,0.16254198014478138,1.3981750571294758,0.8735249881731411,2.237936540850889,2735.932692634159,False,0.07565116255696251,0.083595939857328,0.24597998078023908,0.23257506749936258,1.0576369317012593,0.29022099842906535,1.2788739712263935,0.8106919380095863,2.0174354247260644,2925.825628567376,False,0.060643851128300896,0.0611972735602222,85,0.3518779753032992,True,False,0.7079606246306034,False,False,0.644289534599684,False,False,2735.932692634159,0.04955074440158569,-189.8929359332169,0.34932032813371694,1.43508110923866,0.2434150417595829,low,10.985788401883482,11.978239784337596,0.21971576803766965,0.23956479568675193,7.5651162556962515,8.359593985732799,0.15130232511392502,0.167191879714656,6.06438511283009,6.11972735602222,0.12128770225660179,0.1223945471204444
54f449ff-4025-465e-9ec5-a5cf42c4c9d3,Xander's Lounge,0.08210947956978178,0.16618929951705724,0.4940719998723761,0.6212553316673919,1.085574651569879,0.7837842032446771,1.5035673330139514,2740.1667933071303,False,0.01878870555429563,0.020518460862594123,0.18616469038864697,0.17115469020041565,1.0876984450186855,0.2767282544355626,1.2046206334824099,0.861311972827477,1.6847680241201333,2736.7116102666846,False,0.04224117956100574,0.04638643400451903,0.24364546887450764,0.1656833008077684,1.4705493413436619,0.14141303256776652,1.2758919069013113,0.9221071930796423,1.7654131431937141,2924.7784224852303,False,0.060097435062865114,0.06070217405368261,171,0.9224700379303699,False,False,0.8092332095943887,False,False,0.5950768732954331,False,False,2736.7116102666846,3.455183040445718,-188.0668122185457,0.1903172553314323,1.1886957306512,0.1601059467313568,medium,1.878870555429563,2.0518460862594123,0.03757741110859126,0.04103692172518825,4.2241179561005735,4.638643400451903,0.08448235912201148,0.09277286800903806,6.009743506286512,6.070217405368261,0.12019487012573023,0.12140434810736522
72c6d541-e2cb-4d6e-acac-90a8f53b7006,Elegant Parlor,0.196262588424864,0.1930651059086379,1.0165616800673407,0.3093619913563951,1.2168463931632598,0.8334804610179785,1.776544518807256,2739.372313753258,False,0.04483724978213028,0.048935156742770436,0.09879957251119262,0.1969316741776156,0.5016946762057374,0.6158823099687867,1.1038450364973251,0.7503717647900712,1.6238269105723466,2737.646348771372,False,0.0224479485605954,0.024594866039373886,0.2407142767866027,0.18884844702609532,1.274642606689482,0.20243576964080112,1.2721574984468385,0.8785972482782349,1.8420097536453999,2925.3146168954986,False,0.05939420597592832,0.05992924376673009,129,0.7439871203172201,False,False,0.9197216625869145,False,False,0.5950768732954331,False,False,2737.646348771372,1.7259649818861362,-187.66826812412683,0.16831246194951333,1.1976163093691412,0.1405395539729865,medium,4.483724978213028,4.893515674277044,0.08967449956426056,0.09787031348554087,2.24479485605954,2.4594866039373886,0.0448958971211908,0.04918973207874777,5.939420597592832,5.992924376673009,0.11878841195185665,0.11985848753346018
139b90cd-8272-457a-be32-1298145345be,Watery Grave,-0.07433004507516448,0.1769943874578867,-0.4199570740221933,0.6745168124939283,0.9283652408967146,0.6562332137227332,1.313347149279406,2740.2352420469097,False,-0.016990831698555538,-0.018575682824037487,0.007807717823233709,0.179774378973758,0.04343064828149631,0.9653582469476192,1.0078382775341288,0.7085390783144506,1.4335666510862135,2737.8968514009985,False,0.0017741439230858592,0.0019380676607063663,0.2397453344553872,0.17502208294916288,1.3698004869764,0.17074919001983002,1.2709254481838397,0.9018582264796017,1.7910259588654174,2925.0654273658556,False,0.05913130545594078,0.05971385985316752,150,0.9373483511095011,False,False,0.9942424259274407,False,False,0.5950768732954331,False,False,2737.8968514009985,2.338390645911204,-187.16857596485715,0.3425602072871251,1.0690429888715611,0.32043632562308644,low,-1.6990831698555537,-1.8575682824037487,-0.033981663397111075,-0.037151365648074974,0.1774143923085859,0.19380676607063663,0.0035482878461717184,0.0038761353214127325,5.913130545594078,5.9713859853167515,0.11826261091188156,0.11942771970633503
2b73d294-6ab1-4051-9b0f-d8e335d37674,Unholy Heat,0.1375042453878719,0.17834059120518472,0.7710204640382193,0.4406948019858995,1.147406577147699,0.8089296593345842,1.6275109190146024,2739.814843611787,False,0.03144830281084277,0.0343326592687056,0.013682984279580174,0.18540602837624098,0.07380010455654414,0.9411694438297755,1.0137770247374946,0.7048904831137989,1.4580191966071503,2737.893290014147,False,0.003109303702650952,0.003397445172056923,0.23505303300605848,0.17773294890088986,1.3225067971900488,0.18599944745077102,1.2649758524260966,0.8928795881993673,1.7921385239056846,2925.192255804265,False,0.05801070573315892,0.05852339636503495,150,0.8034993598998726,False,False,0.9942424259274407,False,False,0.5950768732954331,False,False,2737.893290014147,1.9215535976400133,-187.29896579011802,0.2511988276886019,1.1420531514370966,0.219953710011226,low,3.1448302810842774,3.4332659268705603,0.06289660562168554,0.0686653185374112,0.3109303702650952,0.3397445172056923,0.006218607405301904,0.006794890344113846,5.801070573315892,5.852339636503495,0.11602141146631784,0.1170467927300699
0ad38866-fc5f-4f62-89c1-afc0f50765aa,Novice Inspector,0.2774910122437692,0.1854569686757565,1.496255515363892,0.13458708264418673,1.3198142569216404,0.9175899677562689,1.8983530051369408,2738.1561085591484,False,0.06324354285425772,0.0690114493409516,0.2004901912054751,0.190097812230557,1.0546685879915012,0.2915769228991678,1.222001625818401,0.8418936991363011,1.7737250855241935,2736.78147169259,False,0.045479231014536936,0.05000886869143889,0.2322528234357968,0.18188420387472817,1.2769268495452182,0.2016280739705757,1.2614386097597108,0.8831676642558746,1.801727384950425,2925.3090928384754,False,0.05732751930745945,0.05782249795394978,138,0.5828013423757537,False,False,0.8092332095943887,False,False,0.5950768732954331,False,False,2736.78147169259,1.374636866558376,-188.5276211458854,0.09781263110323946,1.2677514974999176,0.07715441969197581,medium,6.324354285425772,6.901144934095161,0.12648708570851544,0.1380228986819032,4.547923101453693,5.000886869143889,0.09095846202907387,0.10001773738287778,5.732751930745945,5.7822497953949785,0.1146550386149189,0.11564499590789956
006d2bf1-20f7-4b09-8d98-8233d91682bd,Flame Slash,0.28329563448410217,0.17960780473470267,1.5773013589390283,0.1147261998708204,1.3274975578670642,0.9335734256538927,1.8876391697939625,2737.90484500434,False,0.06455517465373045,0.07044524851781359,0.16055364038162537,0.18660876697525983,0.8603756564283563,0.3895820004216327,1.1741607538823733,0.8144847755491377,1.6926694240885165,2737.155311263586,False,0.03645426723701251,0.040032915515566425,0.2313505715911754,0.1797839925826015,1.2868251965473605,0.19815522259834228,1.2603009877351377,0.8860108752793548,1.792707769174235,2925.2853460277584,False,0.05710554217529493,0.057566983072725786,148,0.572664370457836,False,False,0.8579558660970787,False,False,0.5950768732954331,False,False,2737.155311263586,0.7495337407540319,-188.13003476417225,0.15333680398469096,1.2539864331615251,0.12227947602120488,medium,6.455517465373045,7.044524851781358,0.1291103493074609,0.14089049703562717,3.6454267237012514,4.003291551556643,0.07290853447402502,0.08006583103113285,5.710554217529492,5.756698307272579,0.11421108435058985,0.11513396614545157
327cf118-cc92-4073-85d0-94d2a0a6989a,Scalding Tarn,-0.07906767075286418,0.17410015176405336,-0.45415049873143976,0.6497205088170344,0.9239773960834176,0.6568471288204775,1.2997456957849112,2740.2053257806915,False,-0.018073244330935948,-0.019758764180694555,-0.04370879253874023,0.17511124088729058,-0.2496058637770328,0.8028921634655322,0.957232670185186,0.6791407894544754,1.3491965128554286,2737.8364767278626,False,-0.009927476372161702,-0.010829217423951543,0.231311936408762,0.16754748860491817,1.3805753720021565,0.16740956008496566,1.2602522967171799,0.907482368885798,1.750156152709561,2925.036927186653,False,0.057059026731505695,0.05764540280889707,159,0.936361909765726,False,False,0.9813912231725166,False,False,0.5950768732954331,False,False,2737.8364767278626,2.368849052828864,-187.20045045879033,0.3362749006337623,1.047154120995261,0.3211321942887948,low,-1.8073244330935947,-1.9758764180694555,-0.036146488661871895,-0.03951752836138911,-0.9927476372161702,-1.0829217423951543,-0.019854952744323404,-0.021658434847903085,5.705902673150569,5.764540280889707,0.11411805346301139,0.11529080561779415
68924203-c3d9-41ce-8ca8-c6dd491eb3ca,Psychic Frog,0.11216894796970497,0.16785256627365552,0.6682587610059668,0.5039684324266533,1.1187018470859282,0.8050731936350346,1.5545093695428764,2739.9640526060093,False,0.02565354803259234,0.028019374734519764,0.2621336744604803,0.175023036335884,1.4977095584002074,0.13420872736166808,1.2997002675498681,0.9222753306334924,1.8315797130873126,2735.6463859923215,False,0.059316221902996784,0.06532765501621907,0.23031060625884692,0.16690937166139716,1.3798542524386797,0.16763152451781105,1.2589909996887365,0.9077087042058318,1.7462191669562492,2925.0410332441206,False,0.05680178452356823,0.057422417378750146,171,0.8314108026455493,False,False,0.681302270147412,False,False,0.5950768732954331,False,False,2735.6463859923215,4.317666613687834,-189.39464725179914,0.18099842046393988,1.2257977047748443,0.14765765979076118,medium,2.565354803259234,2.8019374734519764,0.05130709606518468,0.05603874946903953,5.931622190299678,6.532765501621906,0.11863244380599357,0.13065531003243813,5.680178452356823,5.742241737875014,0.11360356904713646,0.11484483475750029
866b7fd4-86e3-4b42-b1ea-33bad0db1f9f,Prismari Command,0.05836684061854415,0.19975762591942633,0.2921882974424557,0.7701426587127704,1.0601038135275183,0.7166568773141146,1.5681424835654105,2740.3258585640933,False,0.013354025042041537,0.014588217025097494,0.19345624139318027,0.20528199218692664,0.9423926537941135,0.3459916469309521,1.213436287108341,0.811479249183194,1.8144981826132578,2737.0081638405736,False,0.043861546608718,0.04820902357538953,0.22854307355131445,0.19769025501471504,1.156066461314964,0.2476539731573535,1.2567676574122364,0.8530562189991723,1.8515367563588128,2925.6102199647194,False,0.05636022896605497,0.056956567453050055,115,0.9374126485600502,False,False,0.8417274981732761,False,False,0.6168738428388774,False,False,2737.0081638405736,3.3176947235197076,-188.60205612414575,0.19666384388471814,1.1767692526826987,0.16712184095257468,medium,1.3354025042041537,1.4588217025097494,0.026708050084083074,0.029176434050194988,4.3861546608718,4.820902357538953,0.087723093217436,0.09641804715077906,5.636022896605497,5.695656745305006,0.11272045793210994,0.11391313490610011
eca8d6f8-c6f1-437c-99e2-4281eae14a6f,Fateful Absence,0.22995530427717237,0.22028330143064598,1.0439071086356109,0.2965283689842063,1.2585437571494218,0.8172583906269897,1.9381047742374493,2739.3157459189524,False,0.052461084181114066,0.057269298353938014,0.2045871952561583,0.2261899804886337,0.9044927401920839,0.3657341821797707,1.2270184413686822,0.7876155676314609,1.911559798121353,2737.0767082358234,False,0.04638328127598923,0.05104036298140996,0.22112879893723184,0.2169682893347208,1.0191756574901716,0.3081195810078149,1.247484094842778,0.8153571440595327,1.9086317918765654,2925.9067593875134,False,0.05456291472860407,0.055047413575189164,95,0.7309611725476229,False,False,0.8505762021585995,False,False,0.6518368348600938,False,False,2737.0767082358234,2.239037683129027,-188.83005115169,0.03152531578073958,1.2443487644536273,0.02533479092140363,low,5.246108418111406,5.726929835393801,0.10492216836222813,0.11453859670787603,4.638328127598923,5.104036298140996,0.09276656255197846,0.10208072596281992,5.456291472860407,5.504741357518917,0.10912582945720814,0.11009482715037833
2bf2da97-3331-4614-b4ff-f03d061500a7,Fire Covenant,0.04427075580275095,0.1809641084379778,0.24463832184669898,0.8067364889231701,1.0452653282314108,0.7331397820301538,1.490274614995291,2740.3514224672567,False,0.010130262057477397,0.011066227010788021,0.04341676698328421,0.18254500296780782,0.23784144335597535,0.8120040736706192,1.0443730643736313,0.730247735411119,1.4936233892941992,2737.842129889881,False,0.009865876807789435,0.010790244766260448,0.2206607449910307,0.1753386523575025,1.258483181113539,0.2082170660233642,1.2469003416140219,0.8842609977216229,1.7582596834228164,2925.3604335653054,False,0.0544509798798764,0.05497998027023282,146,0.9374126485600502,False,False,0.982130324906701,False,False,0.5950768732954331,False,False,2737.842129889881,2.509292577375618,-187.51830367542425,0.20252727724039055,1.1121795780730215,0.18209943900542774,medium,1.0130262057477397,1.1066227010788021,0.020260524114954794,0.022132454021576042,0.9865876807789435,1.0790244766260448,0.01973175361557887,0.021580489532520897,5.44509798798764,5.497998027023282,0.1089019597597528,0.10995996054046564
1066a94a-8e4f-4d77-820b-7a77a18116f0,Wooded Foothills,0.20896594829793508,0.18132620595360652,1.1524310410564724,0.2491439915430521,1.2324030323948667,0.8637832451068042,1.7583314365726854,2739.077723021027,False,0.04770995642653198,0.05208817667312854,0.14140583661712394,0.18366797840261087,0.7698992379997461,0.441359665965531,1.1518920331033382,0.8036564508561249,1.6510229644936714,2737.3042848040245,False,0.032107658744409205,0.0352379532085772,0.21926014751401388,0.17722132602462526,1.2372108505922546,0.21600881426079,1.2451551585762357,0.8797709834192662,1.7622897301105258,2925.41267391351,False,0.05412554758375526,0.054624955485761406,145,0.6896918746929498,False,False,0.8950519511236972,False,False,0.603193042011519,False,False,2737.3042848040245,1.7734382170024219,-188.10838910948542,0.0932631254728975,1.2098167413581469,0.07708863853892434,medium,4.770995642653198,5.208817667312854,0.09541991285306396,0.10417635334625708,3.2107658744409204,3.5237953208577197,0.06421531748881841,0.0704759064171544,5.412554758375526,5.462495548576141,0.10825109516751052,0.10924991097152281
f05e9a3e-8a35-4687-85cb-e31b3927a5e2,Daze,0.04381366562462224,0.16750017059344585,0.26157385672738315,0.7936500017234667,1.0447876568940928,0.7524003858434066,1.450798362861863,2740.342852065882,False,0.010025662323036925,0.010952054884672324,0.1718640808135335,0.1741764308730695,0.9867240932200458,0.323777915439043,1.1875164159791292,0.8440684179940591,1.6707120040947225,2736.922873459585,False,0.038995032960785735,0.042810452689125644,0.21605520226571978,0.16770978639769096,1.2882683050671064,0.19765258212647052,1.2411708925550171,0.8934579754918146,1.7242055326416763,2925.2865663294906,False,0.0533201431998534,0.05388044627934885,170,0.9374126485600502,False,False,0.8092332095943887,False,False,0.5950768732954331,False,False,2736.922873459585,3.4199786062972635,-188.36369286990566,0.1963832356609243,1.1578249884760796,0.16961392059727645,medium,1.0025662323036926,1.0952054884672324,0.02005132464607385,0.02190410976934465,3.8995032960785734,4.281045268912564,0.07799006592157147,0.08562090537825129,5.33201431998534,5.388044627934885,0.1066402863997068,0.1077608925586977
0adcd4e5-d542-4293-8774-ace2305ef820,Walk-In Closet // Forgotten Cellar,0.2547365497607548,0.20180593781435005,1.2622847103492956,0.2068463564086669,1.29012169322911,0.8686603441949693,1.916069951233748,2738.814096491703,False,0.058034330350134826,0.06339437332956865,0.2952730662602623,0.20833316145442238,1.4173118873581727,0.15639176117792078,1.3434931712578921,0.8930971350307942,2.021027534876542,2735.882932458568,False,0.06670005028024785,0.07364532657422412,0.21583601092397237,0.2010874862364079,1.0733438214560274,0.2831168803967855,1.240898868455493,0.8366951752512983,1.8403715561902703,2925.796187661849,False,0.05324129522668586,0.053795784809592906,113,0.6486701736975794,False,False,0.6966542088834653,False,False,0.6411302739670687,False,False,2735.882932458568,2.9311640331347917,-189.9132552032811,0.10259430280239923,1.2915045776474983,0.07943781584520346,medium,5.803433035013483,6.339437332956866,0.11606866070026965,0.1267887466591373,6.670005028024785,7.364532657422412,0.1334001005604957,0.14729065314844825,5.324129522668586,5.379578480959291,0.10648259045337172,0.10759156961918581
be77b98a-dd79-477c-8ab2-7ebf5637a89e,Headliner Scarlett,0.04889304430696308,0.18161974106746512,0.2692055611333632,0.78777150103047,1.0501080297013676,0.735590538822711,1.4991042106226207,2740.3387686376227,False,0.011188106898402052,0.01222128894098945,-0.03828063478211887,0.18780058960871443,-0.20383660595463088,0.838481185921968,0.9624428080608963,0.6660638178630836,1.3907018125679864,2737.8572200626186,False,-0.00869517363635801,-0.00948470220551717,0.21506837901544862,0.18243085850341464,1.178903507771538,0.23843660080328544,1.2399466804005395,0.8671909331639859,1.7729287881583309,2925.5562341926043,False,0.05308455158774518,0.05358155156010502,140,0.9374126485600502,False,False,0.982130324906701,False,False,0.6128028882259481,False,False,2737.8572200626186,2.481548575004126,-187.6990141299857,0.27750387233964313,1.084165839387601,0.25596072321960744,low,1.1188106898402053,1.222128894098945,0.022376213796804104,0.0244425778819789,-0.869517363635801,-0.948470220551717,-0.01739034727271602,-0.01896940441103434,5.308455158774518,5.358155156010502,0.10616910317549036,0.10716310312021005
e5145f31-a4ac-44ef-8f85-e4d95f2c9ff5,Library of Alexandria,0.03660721319551436,0.16446520429996359,0.2225833321481635,0.8238598100544015,1.0372855087503896,0.7514545225174596,1.4318381145128518,2740.3617503041464,False,0.008376590706421154,0.009151017463021494,0.10404423106921942,0.1723337232170956,0.6037369188510526,0.5460185646023628,1.10964953481553,0.7915756181593809,1.5555331188439914,2737.5338838992775,False,0.023632969917436145,0.025899258253356594,0.21341886426448842,0.16483727247837957,1.2947245550455277,0.19541526610311555,1.2379030560184712,0.896136808331231,1.7100111967875573,2925.272116754401,False,0.05266786302600511,0.053191046396783126,179,0.93881699285269,False,False,0.9090895122587523,False,False,0.5950768732954331,False,False,2737.5338838992775,2.827866404868928,-187.73823285512344,0.20061754726808156,1.1282793665281303,0.17780839853999028,medium,0.8376590706421154,0.9151017463021494,0.016753181412842308,0.018302034926042987,2.3632969917436144,2.5899258253356594,0.04726593983487229,0.05179851650671319,5.266786302600511,5.319104639678312,0.10533572605201022,0.10638209279356625
29632951-3c3d-478c-8c5a-9a34f30a5c28,Dauthi Voidwalker,0.06725387006402754,0.1793750968092119,0.37493426490278375,0.707709355118573,1.0695669747470766,0.752524804823316,1.5201804726399755,2740.270532770318,False,0.01538972992250379,0.016808368002909246,0.038481933771438354,0.18065157191764122,0.2130174310854168,0.831313366658163,1.0392319531863914,0.7293546716933677,1.4807652496639558,2737.8533226101044,False,0.008745135718873866,0.009562874308570335,0.2112898894581471,0.17390258960543584,1.2149898971460895,0.22436994464453075,1.235270395028361,0.8784825928587812,1.7369643533492474,2925.467514018248,False,0.052170699283716114,0.052653678658966085,149,0.9374126485600502,False,False,0.982130324906701,False,False,0.603193042011519,False,False,2737.8533226101044,2.4172101602134717,-187.6141914081436,0.1960384418419696,1.1146897743206097,0.17586816202871577,medium,1.538972992250379,1.6808368002909246,0.03077945984500758,0.03361673600581849,0.8745135718873867,0.9562874308570335,0.017490271437747732,0.01912574861714067,5.217069928371611,5.265367865896609,0.10434139856743223,0.10530735731793217
02d6d693-f1f3-4317-bcc0-c21fa8490d38,"Jace, Vryn's Prodigy // Jace, Telepath Unbound",0.2488587400148373,0.16448538644018407,1.5129534933204296,0.13029147250159298,1.282560845746813,0.929105840273082,1.7704789397936558,2738.1137052472627,False,0.056728004645665395,0.061969236503221725,0.39666546612111825,0.1754069819727744,2.2614006675212406,0.02373445747139467,1.4868584423206386,1.0542902391815536,2.096906473511849,2732.757405679449,False,0.08919733917668464,0.09875254660955668,0.2086989962884457,0.16669044521389068,1.2520153510937673,0.21056427030344627,1.2320740838375608,0.888683365386371,1.708152315199671,2925.378779646401,False,0.051517288957856004,0.05208046055650828,180,0.5828013423757537,False,False,0.4431684263420406,True,False,0.5950768732954331,False,False,2732.757405679449,5.356299567813494,-192.62137396695198,0.2547843584830778,1.3338311239683376,0.19101695402417815,medium,5.6728004645665395,6.196923650322173,0.11345600929133079,0.12393847300644345,8.919733917668465,9.875254660955669,0.17839467835336928,0.19750509321911336,5.151728895785601,5.2080460556508275,0.10303457791571201,0.10416092111301656
758f95f8-bcb0-43ae-b474-56ebd855951e,Lion's Eye Diamond,0.3110145386875585,0.19910392941061228,1.5620713242989437,0.11827118736166685,1.3648090635744723,0.9238281929848221,2.016288087070353,2737.960806709453,False,0.07071718084255395,0.07723062915751572,0.4561283493160797,0.2099703359687238,2.172346618448153,0.02982952819358161,1.5779528609403013,1.0455954072011144,2.3813563202375057,2733.15563154834,False,0.102209172868613,0.11353056445113036,0.2082329190785177,0.20124355889233733,1.0347308516339626,0.30079462377801947,1.2314999759858267,0.830103857625348,1.826990896285628,2925.8770244948782,False,0.05139478532309982,0.051947694645176845,118,0.5795288180721675,False,False,0.4431684263420406,True,False,0.651444710060683,False,False,2733.15563154834,4.805175161113311,-192.72139294653834,0.34645288495447457,1.3914206335002,0.24899220021119858,low,7.071718084255394,7.723062915751572,0.1414343616851079,0.15446125831503144,10.220917286861301,11.353056445113035,0.204418345737226,0.2270611289022607,5.139478532309982,5.194769464517685,0.10278957064619965,0.10389538929035369
e7b3ddca-69ef-4743-897b-57c58077db24,Time Warp,0.19750625945582403,0.21415587954210472,0.9222546673858317,0.3563957539723913,1.2183606912206957,0.8007237566865202,1.8538263183977297,2739.5587417090474,False,0.045080273919922476,0.04923841301584275,0.35974257907841334,0.22383373562558578,1.607186593535511,0.10801344205440143,1.4329604930675994,0.9240662204564742,2.2221089021933973,2735.31203260876,False,0.08103556394373207,0.08969001266706006,0.20588464444676569,0.2174646639429542,0.9467498797909245,0.3437662467886702,1.2286114686648126,0.8022410967677498,1.881586653957852,2926.0531594265517,False,0.050803888973509244,0.051324404585614214,98,0.7761507530954299,False,False,0.6481796826200922,False,False,0.6754463794118508,False,False,2735.31203260876,4.246709100287262,-190.7411268177916,0.21459980184690375,1.2933108843177026,0.16593056197784783,low,4.508027391992248,4.923841301584275,0.09016054783984495,0.0984768260316855,8.103556394373207,8.969001266706005,0.16207112788746414,0.17938002533412012,5.080388897350924,5.132440458561422,0.10160777794701849,0.10264880917122843
9d48aaff-46ab-411b-9456-171d4709f951,Fear of Missing Out,0.2328168467150025,0.18257993926499771,1.2751502035340838,0.2022560827659856,1.2621502911844826,0.882461749687451,1.8052038607920278,2738.779538526597,False,0.05309898724572032,0.057991673133379384,0.17202661115658108,0.1902210950900854,0.904350861165594,0.3658093853974862,1.1877094391152263,0.8180705204960343,1.7243668808748422,2737.0792939829503,False,0.03902704201962568,0.04288266786072059,0.20241332014022775,0.18329539235024295,1.1043011913439376,0.26946250622185064,1.2243539536932349,0.8548359935400607,1.7536025802053519,2925.7282763273097,False,0.04997289534673396,0.0504717581080904,140,0.6486701736975794,False,False,0.8505762021585995,False,False,0.6293378815490855,False,False,2737.0792939829503,1.7002445436469316,-188.6489823443594,0.07444085206925632,1.2247378946643146,0.060781047433548736,medium,5.309898724572032,5.7991673133379384,0.10619797449144064,0.11598334626675877,3.902704201962568,4.288266786072059,0.07805408403925136,0.08576533572144118,4.997289534673396,5.0471758108090405,0.09994579069346791,0.1009435162161808
1c0f2873-5849-4cab-855a-2fbbc41dbb6c,Chaos Defiler,0.13895563066015781,0.18705438184825343,0.742862205563752,0.45756510962702124,1.1490731152569793,0.7963862614457368,1.657950529946887,2739.8583138123704,False,0.03176437209185634,0.03469306520756027,0.13428232363577597,0.19046368822027498,0.7050284749315356,0.4807925158748293,1.1437156720348949,0.787394012000522,1.6612845900806321,2737.400692094159,False,0.030485156634892565,0.03344784444057275,0.20156559543182714,0.18503868606277116,1.0893159680319473,0.2760145735295313,1.2233164784037105,0.8511982389912138,1.7581136071282484,2925.760382624838,False,0.04976038938464334,0.05026483758336958,133,0.8116087012388793,False,False,0.9084793269322036,False,False,0.6327351627109723,False,False,2737.400692094159,2.4576217182116125,-188.35969053067902,0.07960080636881561,1.172035088565195,0.06791674340250589,medium,3.176437209185634,3.469306520756027,0.06352874418371268,0.06938613041512054,3.0485156634892565,3.344784444057275,0.06097031326978513,0.0668956888811455,4.976038938464334,5.026483758336958,0.09952077876928668,0.10052967516673916
1c7d50d6-b63a-4d8c-88fa-1d78ae693a45,Overgrown Tomb,-0.14244266609389963,0.21290965764222472,-0.6690286747502152,0.5034771864804795,0.8672372749673908,0.5713544007356255,1.3163467195221172,2739.9646337286667,False,-0.03252830584892553,-0.0355588710629034,-0.11090285635967947,0.215487202975168,-0.5146609860282958,0.6067899405290945,0.8950256907598204,0.5866905476699037,1.3654063292848708,2737.6342962793456,False,-0.02516903761096093,-0.0273745123023299,0.20151497740045918,0.20634195210537531,0.9766069155803514,0.3287637940893965,1.2232545580989889,0.8163474249781025,1.8329839332194748,2925.9944981503268,False,0.04973985892917523,0.0502283955321805,104,0.8314108026455493,False,False,0.9197216625869145,False,False,0.6645692085446425,False,False,2737.6342962793456,2.3303374493211777,-188.3602018709812,0.3560172831315981,0.9951725079420667,0.357744290854469,low,-3.252830584892553,-3.5558871062903394,-0.06505661169785106,-0.0711177421258068,-2.516903761096093,-2.73745123023299,-0.05033807522192186,-0.0547490246046598,4.973985892917523,5.02283955321805,0.09947971785835046,0.100456791064361
0ce44270-a684-4489-9077-521456e6dfaa,Lórien Revealed,-0.1077207512712979,0.1720184010444675,-0.6262164432248828,0.5311729833379235,0.8978782927972777,0.6409032193471649,1.2578894977275172,2740.019748143419,False,-0.02461026352526104,-0.026909706771833852,-0.015840306484873945,0.1799740248411242,-0.08801440373885788,0.929865228043009,0.984284491355641,0.6917093713548892,1.400611297235369,2737.89099336286,False,-0.003598877913991092,-0.003928821136751637,0.20118920484147135,0.17302610541081967,1.1627679208509225,0.24492367580404495,1.2228561202348884,0.8711492502446287,1.7165567098588503,2925.595412225167,False,0.04966933206392744,0.05017401536713795,162,0.841151359346246,False,False,0.9942424259274407,False,False,0.6154492366358053,False,False,2737.89099336286,2.1287547805586655,-187.70441886230674,0.3249778274376107,1.0350063014626023,0.31398632740532456,low,-2.461026352526104,-2.690970677183385,-0.04922052705052208,-0.053819413543667705,-0.3598877913991092,-0.3928821136751637,-0.007197755827982184,-0.007857642273503274,4.966933206392745,5.017401536713795,0.09933866412785489,0.1003480307342759
fa7a55aa-ae61-4933-b7a4-dcc55dac6fcd,"Inti, Seneschal of the Sun",0.12102972226128952,0.1714619502592536,0.7058692734935674,0.4802694373034744,1.128658458150413,0.8065126469627852,1.5794791562806672,2739.9117734047036,False,0.027686527683162186,0.030228413578742896,-0.04411075062667039,0.1797466839085407,-0.24540508713426373,0.8061427904631386,0.9568479800912009,0.6727279599190954,1.3609632891053307,2737.838565619962,False,-0.010017828969792716,-0.010924653436428067,0.197444704539227,0.1718836535618047,1.1487113547317704,0.25067502219407156,1.218285697438104,0.8698389003930964,1.7063160085292817,2925.625884442632,False,0.04879025975830528,0.04919360509953874,165,0.8314108026455493,False,False,0.9813912231725166,False,False,0.6168738428388774,False,False,2737.838565619962,2.0732077847414985,-187.78731882266993,0.26143771734690313,1.1012640452265727,0.23739785066088784,low,2.7686527683162185,3.02284135787429,0.05537305536632437,0.06045682715748579,-1.0017828969792717,-1.0924653436428067,-0.020035657939585432,-0.021849306872856133,4.879025975830528,4.919360509953874,0.09758051951661056,0.09838721019907748
551c0a45-9515-4e51-84e5-79703832a661,Expedition Map,0.18859543644962679,0.20115887613549635,0.9375446914039871,0.3484784462547582,1.2075523219938764,0.8140968328528981,1.7911660523758437,2739.528696140689,False,0.04307577656687053,0.04703111591708081,0.2366071913600197,0.2062667503705043,1.1470932224171697,0.2513430947076255,1.2669433537229657,0.8456280786648599,1.8981695405350285,2736.5758222476047,False,0.053598209775902676,0.05900341145694915,0.19575319531411445,0.1980357097362341,0.9884742280815931,0.3229204501312476,1.2162266978414058,0.8249794551806212,1.793023294402346,2925.9699352612965,False,0.04834694431819428,0.048823986786451834,115,0.7631483292282973,False,False,0.80563680895586,False,False,0.6628005721402127,False,False,2736.5758222476047,2.9528738930844156,-189.39411301369182,0.05939103172908933,1.2302407911860826,0.04827594090082973,medium,4.307577656687053,4.7031115917080815,0.08615155313374107,0.09406223183416162,5.359820977590267,5.900341145694915,0.10719641955180535,0.1180068229138983,4.834694431819428,4.882398678645183,0.09669388863638856,0.09764797357290367
17db2b6a-eaa8-4a08-9e86-370bbd058574,Bayou,-0.05247819687242855,0.19623605136091857,-0.267423832208641,0.7891428519618701,0.948875009273143,0.6459062836066315,1.3939542098826292,2740.339803045451,False,-0.012004522459729806,-0.013117025946022987,0.044394952750312286,0.20426100086496846,0.21734424369956268,0.8279400795865408,1.0453951550564495,0.7005030151406536,1.5600946842406744,2737.851491651319,False,0.010085898794196762,0.011034157186205706,0.19485074819397982,0.19556101098104298,0.9963680757043539,0.31907133836768464,1.215129612665643,0.8282428807855805,1.7827379019261496,2925.958214094829,False,0.0480726693499712,0.048590467048174824,121,0.9374126485600502,False,False,0.982130324906701,False,False,0.6617775906885311,False,False,2737.851491651319,2.4883113941318697,-188.10672244351008,0.26625460339249996,1.0697999256650785,0.24888261534227857,low,-1.2004522459729807,-1.3117025946022987,-0.024009044919459613,-0.026234051892045973,1.0085898794196761,1.1034157186205706,0.020171797588393523,0.022068314372411413,4.80726693499712,4.859046704817482,0.0961453386999424,0.09718093409634965
70e33f45-7d47-423b-a123-8541f1d1afb4,Lingering Souls,-0.002191668713843316,0.18766932006198803,-0.011678353782703522,0.990682233620628,0.997810731238412,0.6907180736810512,1.4414365184749443,2740.4111794639457,False,-0.0005014567246429886,-0.0005479169982052778,0.0036709243132398536,0.19614453577076027,0.01871540442773368,0.985068139451099,1.003677670408172,0.6833334219755732,1.4741981493654868,2737.898387612434,False,0.0008341194242490267,0.0009111176335153126,0.1945020703667329,0.18757908423040798,1.0369070259870832,0.2997791892005095,1.214705997769328,0.8410089855311169,1.754452908829457,2925.8716147909945,False,0.048041884083658525,0.04847014283255768,134,0.993986806607904,False,False,0.9975344701186925,False,False,0.651444710060683,False,False,2737.898387612434,2.5127918515117926,-187.9732271785606,0.21689526653091595,1.0720647998053041,0.20231544452378805,low,-0.05014567246429886,-0.054791699820527784,-0.0010029134492859772,-0.0010958339964105557,0.08341194242490267,0.09111176335153126,0.0016682388484980533,0.0018222352670306252,4.804188408365852,4.847014283255769,0.09608376816731705,0.09694028566511537
071daca8-ccc6-4707-843e-adac40dd1588,Fury,0.30364425830090896,0.17374865682839843,1.7476063633735077,0.08053221271165445,1.3547870161188755,0.963769511337307,1.904446900895896,2737.3355278034232,False,0.06912304215314499,0.07545294339094738,0.15194431405487502,0.18363043697475975,0.8274462368989514,0.4079841828699947,1.1640954108740227,0.8122303129371186,1.6683914698008453,2737.212339753746,False,0.034500961437164926,0.037875618623050555,0.19353223096570638,0.17678241839337336,1.0947481809817852,0.2736269740709819,1.2135284991166173,0.85816292427757,1.7160510859962363,2925.748236705347,False,0.0478219470445428,0.048247350909101094,157,0.5091714094027184,False,False,0.8669979999518213,False,False,0.6309516107989701,False,False,2737.212339753746,0.12318804967708274,-188.535896951601,0.19069160524485285,1.2441369753698386,0.1532721951199681,medium,6.912304215314499,7.545294339094738,0.13824608430628998,0.15090588678189476,3.4500961437164928,3.7875618623050555,0.06900192287432985,0.07575123724610111,4.782194704454279,4.824735090910109,0.0956438940890856,0.09649470181820219
107492bd-b32f-4692-917c-7771986b5bf7,Thespian's Stage,0.0706816034235665,0.23761897861988937,0.2974577360532861,0.7661170701909661,1.0732394556936318,0.6736452818452587,1.7098656522946591,2740.3227615429746,False,0.016168477637660526,0.01766385957065464,0.18066750322169706,0.24510319790363727,0.7371078989052063,0.4610567360203831,1.1980167763445342,0.7410147379078749,1.9368632268436523,2737.3545929857264,False,0.040966525355139526,0.04502757864457607,0.191120257908668,0.23587591113585724,0.8102576349926154,0.41779211862666965,1.210605028156696,0.7624666356994787,1.9221359539932936,2926.2936715076817,False,0.047181923367385525,0.047675583627967144,81,0.9374126485600502,False,False,0.9036712025999508,False,False,0.7410611334916493,False,False,2737.3545929857264,2.968168557248191,-188.93907852195525,0.13736557246306424,1.160620420064954,0.11835529522682067,low,1.6168477637660525,1.7663859570654639,0.03233695527532105,0.03532771914130928,4.096652535513953,4.502757864457607,0.08193305071027905,0.09005515728915214,4.718192336738553,4.767558362796715,0.09436384673477105,0.09535116725593429
729daf0e-b822-41bd-a908-ca8ec34032f0,Tropical Island,-0.0066120187685312,0.21297397768882895,-0.03104613455730192,0.9752327473322456,0.9934097925288544,0.6543970412384972,1.508049324343684,2740.410352002419,False,-0.0015128461607832931,-0.0016529994966412165,0.03620547791927109,0.22241911729594877,0.16278042265178322,0.8706913231209976,1.036868878263174,0.670497039266019,1.603432987396368,2737.8722356181697,False,0.008225901627801027,0.008997263876828143,0.1906936016071605,0.21407433240125012,0.8907821851791837,0.3730460341837146,1.2100886260637334,0.7954143621180461,1.8409454903851707,2926.157218227333,False,0.04706159078350663,0.047538042080689624,102,0.993986806607904,False,False,0.9892481634296231,False,False,0.7098740067961948,False,False,2737.8722356181697,2.538116384249406,-188.2849826091633,0.21667883353487893,1.080122432285254,0.200605808247537,low,-0.15128461607832933,-0.16529994966412165,-0.0030256923215665863,-0.003305998993282433,0.8225901627801027,0.8997263876828143,0.016451803255602054,0.017994527753656286,4.706159078350662,4.753804208068963,0.09412318156701326,0.09507608416137925
4c732dc7-dd6b-4cc1-bbe0-ff3b1d2c7419,Animate Dead,0.061284405835566116,0.16797700124777099,0.3648380753337168,0.7152322812393791,1.0632012518322644,0.764945632269355,1.4777480309864104,2740.2781511567064,False,0.014020022741340891,0.015317366216249406,0.27342384410399523,0.18660365167176413,1.4652652381366462,0.1428485667087236,1.314457251730454,0.9118139488505704,1.8949017711396432,2735.745644637699,False,0.061805376110988026,0.06804425676903442,0.18825056292709055,0.17883061575931247,1.0526752487418394,0.29248985630332447,1.2071359409744649,0.8502222917678955,1.7138778812330946,2925.8417231482267,False,0.04647136536992877,0.04700473086058715,168,0.9374126485600502,False,False,0.6921486360963497,False,False,0.644289534599684,False,False,2735.745644637699,4.532506519007256,-190.0960785105276,0.2512559998981896,1.1949314815123946,0.21026812313973117,low,1.4020022741340892,1.5317366216249406,0.028040045482681783,0.030634732432498812,6.180537611098803,6.804425676903442,0.12361075222197605,0.13608851353806883,4.6471365369928765,4.700473086058715,0.09294273073985754,0.0940094617211743
80fca8c0-ae3e-439e-b202-228b9f360e9a,Portable Hole,0.1899473063786927,0.24289211602468389,0.7820233504795574,0.4342008508406151,1.209185879595669,0.7511715376150897,1.946466843053852,2739.797459050769,False,0.04337223953624929,0.04735962145784012,0.15719390402535335,0.2483975675880608,0.6328318974767161,0.5268434244162892,1.170222502756715,0.7191643770201412,1.904183173855728,2737.4970297751247,False,0.03567002084164458,0.039192773430268224,0.18635514572357562,0.23876505992099392,0.7804958807006332,0.43509905125516357,1.204850081757752,0.7545570642780641,1.923862075164013,2926.339503513614,False,0.04602478001397648,0.0464582687984984,78,0.8001702702994058,False,False,0.9084793269322036,False,False,0.7420128011838141,False,False,2737.4970297751247,2.300429275644092,-188.8424737384894,0.0389633768389539,1.1947528213700453,0.03261208188173506,low,4.337223953624929,4.735962145784011,0.08674447907249858,0.09471924291568024,3.5670020841644576,3.919277343026822,0.07134004168328915,0.07838554686053645,4.602478001397648,4.6458268798498406,0.09204956002795296,0.0929165375969968
56995b84-2307-4955-9c7c-dc4f04acdc07,Inquisition of Kozilek,0.22906094345482458,0.16852703700003493,1.3591940351670522,0.17408511093128742,1.25741866811259,0.9037052261203293,1.7495768102457718,2738.5567178666815,False,0.05225832647589608,0.05707091166816236,0.24857000094248366,0.17126889324859915,1.4513435348804462,0.1466842243781711,1.28219057377654,0.9165698233504297,1.7936578595527923,2735.7838831834556,False,0.05628200733444844,0.06197855389011975,0.185927161574534,0.1644318283400685,1.130724893419114,0.25817090043391755,1.2043345353515027,0.8725291445462803,1.662318883106818,2925.6683038444303,False,0.04593292987636015,0.046379789133092875,167,0.637769752196866,False,False,0.6921486360963497,False,False,0.6168738428388774,False,False,2735.7838831834556,2.7728346832259376,-189.88442066097468,0.0778560384250373,1.2479812590802108,0.062385583003400934,medium,5.225832647589608,5.707091166816236,0.10451665295179216,0.11414182333632472,5.628200733444844,6.197855389011975,0.11256401466889689,0.1239571077802395,4.593292987636015,4.637978913309287,0.0918658597527203,0.09275957826618575
064dfdeb-485f-473e-9fa0-8fdb7638cdc6,Dismember,-0.17124474593554764,0.1741609554257219,-0.983255664376405,0.3254816247306952,0.8426153215578093,0.5989361873150272,1.1854361034801286,2739.4465762869168,False,-0.03905907659058285,-0.04272855859927449,-0.1638256677802157,0.17621535714776201,-0.9296900703316274,0.35253157714059524,0.848889997859021,0.6009714992467231,1.1990822016823255,2737.0361044157676,False,-0.037121332947224986,-0.04036144558168603,0.18583314069150947,0.1697237526062459,1.094915342360105,0.2735537268698428,1.2042213080779796,0.8634447092563182,1.6794925526592759,2925.7491878311084,False,0.045895750075305455,0.046351383086455866,157,0.7465337651916201,False,False,0.8417274981732761,False,False,0.6309516107989701,False,False,2737.0361044157676,2.410471871149184,-188.71308341534086,0.3616059865201703,0.9652422091649365,0.3746272003925396,low,-3.9059076590582853,-4.272855859927449,-0.0781181531811657,-0.08545711719854898,-3.7121332947224985,-4.036144558168603,-0.07424266589444997,-0.08072289116337206,4.589575007530546,4.635138308645587,0.09179150015061091,0.09270276617291173
54a3ea87-005e-4985-b2a5-21711d0b71c0,Springheart Nantuko,0.051934190414226575,0.18092254825256718,0.28705206131480443,0.7740724576224083,1.0533064225730695,0.7388399158536745,1.5016167860283858,2740.3288632908925,False,0.011882642741661906,0.012981186256235622,0.017190729270421673,0.18349706449389863,0.09368394703117049,0.9253602226005306,1.0173393402123376,0.7100190224393226,1.4576783162624665,2737.889959119338,False,0.003906221547320879,0.004268769856075549,0.17834884100995674,0.17711595629001534,1.0069608901748108,0.31395356893812576,1.1952421980142132,0.8446791454001921,1.6912977190137723,2925.934660193676,False,0.04405531219763983,0.044493581658846426,144,0.9374126485600502,False,False,0.9942424259274407,False,False,0.6581272675066594,False,False,2737.889959119338,2.438904171554441,-188.0447010743378,0.17790285780187554,1.0886293202665402,0.16341913127814503,medium,1.1882642741661906,1.2981186256235622,0.023765285483323812,0.025962372512471243,0.3906221547320879,0.42687698560755494,0.007812443094641758,0.008537539712151099,4.405531219763983,4.449358165884643,0.08811062439527965,0.08898716331769285
59faa45d-868b-4bc7-934c-0e077642e129,Loran of the Third Path,-0.07313422521712509,0.22907092842852578,-0.319264542728495,0.7495259176267206,0.9294760625262025,0.5932655070037807,1.4562211027106076,2740.309554417293,False,-0.016722649067485943,-0.018276382030135374,-0.12088662868674632,0.2369987809862427,-0.5100727868037581,0.6100004694890893,0.8861344161207987,0.5568807031739025,1.4100582026964867,2737.6392006692586,False,-0.027429330896632857,-0.029807391096168978,0.1782540630271336,0.2262065383203581,0.7880146363173938,0.43068814471432415,1.195128920737881,0.7671209850256274,1.861939857030994,2926.328222837334,False,0.04403330274209417,0.04444374416161767,88,0.9374126485600502,False,False,0.9197216625869145,False,False,0.7420128011838141,False,False,2737.6392006692586,2.6703537480343584,-188.68902216807555,0.30899450461708233,1.0035797997949607,0.3078923117824934,low,-1.6722649067485944,-1.8276382030135374,-0.033445298134971886,-0.03655276406027075,-2.7429330896632855,-2.9807391096168976,-0.05485866179326571,-0.059614782192337956,4.4033302742094165,4.444374416161767,0.08806660548418833,0.08888748832323534
4cbdacc1-7a1b-4633-85f5-eb50c2bf406d,Snapcaster Mage,0.13866680527549743,0.19829788662755107,0.6992853410280944,0.4843737262125889,1.1487412816957472,0.7788030785788013,1.6944033332277932,2739.9214564137515,False,0.03169392097025526,0.034620049030389566,0.2720063523494679,0.20337403072370308,1.3374684633113572,0.1810697697622926,1.3125953393489307,0.881080091101201,1.9554482529813977,2736.1039416985695,False,0.061510097267388965,0.06784676062116024,0.17783261610138407,0.19315661264225015,0.920665431375896,0.3572251294682981,1.194625343451365,0.8181133807771824,1.7444155599320015,2926.1023696474085,False,0.04392120118479218,0.044369153509249526,121,0.8314108026455493,False,False,0.7410668831368707,False,False,0.6892008482968122,False,False,2736.1039416985695,3.8175147151819147,-189.99842794883898,0.1638540576531835,1.2186539881653478,0.1344549472158718,medium,3.169392097025526,3.462004903038957,0.06338784194051052,0.06924009806077913,6.151009726738897,6.784676062116024,0.12302019453477793,0.13569352124232048,4.392120118479218,4.436915350924952,0.08784240236958436,0.08873830701849905
c86b8a75-9e31-4a44-95b8-c83b9a49646f,Ocelot Pride,0.24165556145563508,0.15650105197427713,1.5441146139730366,0.12256056912997501,1.2733555245500672,0.936986410159543,1.7304779176317948,2738.015484024581,False,0.05513178299029716,0.060196182952725164,0.1491563774608444,0.1617469808598873,0.922158649687876,0.35644582830807103,1.160854506496245,0.8454656781474787,1.5938946075319866,2737.046250313836,False,0.03387127340406193,0.03717832056648218,0.17770845772922095,0.15678903436621372,1.1334240206757413,0.2570362314921144,1.194477029920751,0.8784484526490359,1.6241993149464107,2925.662462363779,False,0.04392863091209323,0.04431593102952319,194,0.582096723909123,False,False,0.8417274981732761,False,False,0.6168738428388774,False,False,2737.046250313836,0.969233710744902,-188.616212049943,0.11250101805382218,1.2095623536556879,0.09300968876371506,medium,5.5131782990297165,6.019618295272516,0.11026356598059432,0.12039236590545033,3.387127340406193,3.717832056648218,0.06774254680812386,0.07435664113296436,4.392863091209323,4.431593102952319,0.08785726182418646,0.08863186205904638
1834ac92-8b4e-4442-a834-acd580e1ef99,Jack-in-the-Mox,0.006733106995620516,0.2405916929110619,0.027985617101541006,0.9776736225451623,1.0067558253202091,0.6282440262808422,1.6133178341803889,2740.4105326045046,False,0.0015405707009400105,0.001683271074000181,0.027769323887740196,0.2466472490479997,0.11258720295857037,0.9103578310958323,1.0281584854621966,0.6340298242507599,1.667287295951916,2737.8860582441503,False,0.006309528386544566,0.006898709265877767,0.1772220155833842,0.2397220636528047,0.7392812029186399,0.45973626097235265,1.1938961272503892,0.7462958100362995,1.9099503755677618,2926.4041110312683,False,0.043762750270267894,0.04419227828801031,77,0.993986806607904,False,False,0.9942424259274407,False,False,0.7556052983847505,False,False,2737.8860582441503,2.524474360354361,-188.518052787118,0.18714030193018005,1.0762701460109316,0.1738785588579164,low,0.15405707009400105,0.1683271074000181,0.003081141401880021,0.003366542148000362,0.6309528386544566,0.6898709265877767,0.012619056773089133,0.013797418531755534,4.376275027026789,4.419227828801031,0.08752550054053579,0.08838455657602062
9a71531f-d4b6-4cc7-8193-b2f5bce33b21,Night Scythe,-0.1447237209820798,0.23493242409031062,-0.6160227628964762,0.5378794964469098,0.8652613136370187,0.5459699877717044,1.371278930427063,2740.0331903580577,False,-0.03304725490686064,-0.036125048848825,-0.15554110878288255,0.23994284774115973,-0.648242322066102,0.5168282326240687,0.8559518890653035,0.5348178323469686,1.3699125049352225,2737.4798146468975,False,-0.03526557111643307,-0.03829174216053077,0.17554917229996686,0.2307151773174594,0.7608913047727881,0.4467219925494391,1.1919005957039512,0.758317909765915,1.873392427824851,2926.37053272843,False,0.043365150110455726,0.04378290382372396,83,0.8443422602845456,False,False,0.9084793269322036,False,False,0.7420128011838141,False,False,2737.4798146468975,2.5533757111602426,-188.89071808153267,0.33594870663864773,0.9710379328020912,0.3459686746420008,low,-3.304725490686064,-3.6125048848825,-0.06609450981372128,-0.07225009769765,-3.5265571116433065,-3.8291742160530773,-0.07053114223286613,-0.07658348432106155,4.336515011045573,4.378290382372397,0.08673030022091145,0.08756580764744792
df9d9075-2d1e-4848-b661-816d539e05eb,Emperor of Bones,0.012966876067257023,0.17255693851070228,0.07514549214404842,0.9400989526237378,1.0130513105605694,0.7223505559157372,1.4207408707915539,2740.4056679619,False,0.0029670486433474655,0.003241683143412444,0.05627454503727681,0.1775837861195859,0.3168901072949375,0.7513269887220823,1.0578880817939653,0.7469256160185904,1.4983114377133118,2737.798233842519,False,0.012787216552213852,0.013991247246016691,0.17458927206566108,0.1702765175334142,1.0253279465349683,0.30520847360398373,1.190757038980856,0.8528661144079448,1.662514551732139,2925.897032659631,False,0.04314391118137684,0.043562339923758964,162,0.9906419070658742,False,False,0.9685604714091975,False,False,0.6518368348600938,False,False,2737.798233842519,2.6074341193807413,-188.09879881711186,0.17770572842028654,1.0872321437784636,0.16344782430981564,medium,0.2967048643347465,0.3241683143412444,0.005934097286694931,0.006483366286824888,1.2787216552213851,1.3991247246016691,0.025574433104427703,0.027982494492033383,4.314391118137683,4.356233992375897,0.08628782236275367,0.08712467984751793
7c884e1e-fecb-4330-b3de-5fc2a60f7173,Kolaghan's Command,0.18307861124343974,0.17941312712309454,1.020430412083673,0.3075243766384369,1.2009088093050406,0.8448711758034547,1.7069844605539604,2739.3667091054754,False,0.04181826565807046,0.045666947620422504,0.18460696650943453,0.1829578820011612,1.0090134652316476,0.31296817649216613,1.2027456279058648,0.8403048954635141,1.721514480346716,2736.877396813479,False,0.04187540765513,0.04603337832740956,0.17381692960781633,0.17798566857865764,0.9765782323704394,0.32877799994222423,1.1898377218222091,0.8394276563993202,1.6865227080362029,2925.994899368101,False,0.042952137517549435,0.04335695491013514,145,0.7439871203172201,False,False,0.8092332095943887,False,False,0.6645692085446425,False,False,2736.877396813479,2.489312291996157,-189.11750255462175,0.012907906083655662,1.1978307196777047,0.010776068664467663,medium,4.181826565807046,4.566694762042251,0.08363653131614092,0.09133389524084501,4.187540765513,4.603337832740956,0.08375081531026,0.09206675665481912,4.295213751754943,4.335695491013514,0.08590427503509887,0.08671390982027027
c2089ec9-0665-448f-bfe9-d181de127814,Brazen Borrower // Petty Theft,-0.04056686846998883,0.17242598165162792,-0.23527120496231682,0.813998243015263,0.9602449522537775,0.6848730457916797,1.3463376519118098,2740.3559859899397,False,-0.009279243433914413,-0.010140618862576,0.07737698073868217,0.18653101095454044,0.41482100130545985,0.6782729443262366,1.080449308206819,0.7495938138208766,1.557337702207277,2737.726542403354,False,0.01757820267653865,0.01924980654901992,0.17257510332378595,0.17961030695239547,0.9608307354517569,0.3366372819051945,1.1883610671295908,0.8357204612550369,1.6898019030772753,2926.026648462464,False,0.042629950305852184,0.04305499106737881,162,0.9374126485600502,False,False,0.9425636711937635,False,False,0.6698569264306409,False,False,2737.726542403354,2.629443586585694,-188.30010605911002,0.2281161148758133,1.0763517758633958,0.21193453663680714,low,-0.9279243433914413,-1.0140618862576,-0.018558486867828825,-0.020281237725152,1.757820267653865,1.924980654901992,0.0351564053530773,0.03849961309803984,4.262995030585218,4.305499106737881,0.08525990061170437,0.08610998213475762
2be39749-ad6f-4160-99eb-c677eee7f1b2,Thraben Inspector,-0.052296357588985584,0.17297501054064174,-0.3023347559022011,0.7623968858805064,0.9490475677133823,0.6761587601304677,1.33207071902595,2740.3199839152094,False,-0.011959278107048586,-0.013071736187600047,-0.05139459184014139,0.17893461908263614,-0.2872255358053781,0.773939634961538,0.9499037722939317,0.6689095396627447,1.3489375216164177,2737.816290313137,False,-0.011672195346827622,-0.012724266187698674,0.1676769244468398,0.168268596193097,0.9964837660761237,0.3190151508991078,1.1825544944774926,0.8503310590491312,1.6445772708487154,2925.9557120241584,False,0.04143972900331598,0.04182847022999181,163,0.9374126485600502,False,False,0.9695332822545241,False,False,0.6617775906885311,False,False,2737.816290313137,2.503693602072417,-188.13942171102144,0.23350692676411033,1.0271686114949354,0.22733066815998754,low,-1.1959278107048585,-1.3071736187600047,-0.02391855621409717,-0.026143472375200094,-1.1672195346827623,-1.2724266187698674,-0.023344390693655244,-0.025448532375397348,4.143972900331598,4.182847022999181,0.08287945800663196,0.08365694045998362
d51269cf-a333-4a64-94cd-245798d840d2,Elder Gargaroth,0.14973355736915553,0.18902180213727993,0.7921496656793552,0.4282734136840666,1.1615247217926628,0.8019177962423258,1.6823914940626106,2739.7832253473707,False,0.03421002827338913,0.037375774136677975,0.09693819791767605,0.1964878883187676,0.49335457135358185,0.6217620754642557,1.1017922784597236,0.7496280991858078,1.6193979737312016,2737.654995189532,False,0.022014311872134186,0.024134969911312865,0.16640121433716,0.19203841473933334,0.8664996248955064,0.38621623198436406,1.181046859610626,0.8105890458169143,1.7208124040096862,2926.1991302021233,False,0.0411079368359358,0.04151259656825185,128,0.8001702702994058,False,False,0.9197216625869145,False,False,0.7185481569158223,False,False,2737.654995189532,2.128230157838516,-188.54413501259114,0.07925458115090245,1.1481212866210042,0.06902979857132852,medium,3.4210028273389126,3.7375774136677977,0.06842005654677825,0.07475154827335595,2.2014311872134185,2.4134969911312867,0.04402862374426837,0.04826993982262573,4.11079368359358,4.151259656825185,0.0822158736718716,0.0830251931365037
73cc6df4-3564-4ace-bf8a-eac3e62d725a,Ursine Monstrosity,0.06744317752422574,0.19753618565088849,0.341421888359331,0.7327859994642647,1.0697694709209913,0.7263467607126474,1.575565257277055,2740.2947662185748,False,0.015425621867854537,0.016855425743781516,-0.006472748186875642,0.21962315290054363,-0.029472066589476688,0.9764880968930221,0.9935481549231642,0.6460139843249868,1.5280442221118073,2737.897869371305,False,-0.0014707329834112862,-0.0016058209226953446,0.16570544613505364,0.214149154533913,0.773785198898893,0.439057826716562,1.1802254105627132,0.7756709387374799,1.7957769850255434,2926.3516374367046,False,0.040920693771080985,0.04133674650670549,114,0.9374126485600502,False,False,0.9942424259274407,False,False,0.7420128011838141,False,False,2737.897869371305,2.396896847269545,-188.45376806539934,0.18667725563954907,1.081181012135623,0.17266050138155067,medium,1.5425621867854538,1.6855425743781516,0.030851243735709074,0.03371085148756303,-0.14707329834112862,-0.16058209226953446,-0.0029414659668225724,-0.003211641845390689,4.092069377108098,4.1336746506705495,0.08184138754216197,0.08267349301341098
19477aca-b8db-4061-9a78-ebb189a9df22,Breeding Pool,0.17480564033808998,0.21516709469829448,0.8124180910803346,0.4165517689117382,1.191014708899055,0.7812017301326226,1.8158127178918086,2739.749942364995,False,0.03992270289933635,0.04360540272306873,0.28264929228274727,0.22069719647397756,1.2807108418165813,0.2002952502162727,1.3266398174000107,0.8607792349726723,2.0446278599727243,2736.2533126955523,False,0.06388828115878536,0.07051406732407767,0.1648146430318407,0.21146671499201153,0.7793881086111676,0.43575112653852177,1.1791745302377126,0.7790655281530766,1.7847697305484211,2926.3425370334553,False,0.040723346770561275,0.0411214255595726,99,0.7926616185116572,False,False,0.7438594731644836,False,False,0.7420128011838141,False,False,2736.2533126955523,3.496629669442882,-190.08922433790303,0.14746528716229812,1.2322763521789262,0.11966900679506524,low,3.9922702899336353,4.360540272306873,0.0798454057986727,0.08721080544613746,6.388828115878536,7.0514067324077665,0.12777656231757073,0.14102813464815533,4.072334677056127,4.11214255595726,0.08144669354112255,0.0822428511191452
b045c28a-39f9-4cd9-8f3a-a626b697f409,Cathartic Pyre,0.2981441811949326,0.187082437709661,1.5936513595019097,0.11101414425845052,1.347356037279117,0.9337585399476436,1.9441517410853064,2737.860810753218,False,0.06782870668986363,0.07408643960101163,0.2765141800305511,0.19041848420375945,1.4521393823021087,0.1464628534878874,1.3185256493191888,0.9078228223343514,1.9150321462972595,2735.781551176651,False,0.06253015970820179,0.06894875741422035,0.159022709165038,0.18502998281129618,0.859442922432837,0.39009619754398517,1.1723645697989225,0.8157592069030666,1.6848583171224099,2926.210899503111,False,0.039306629998013536,0.03969758837458032,133,0.5725992703856921,False,False,0.6921486360963497,False,False,0.7185481569158223,False,False,2735.781551176651,2.079259576566983,-190.4293483264596,0.17499146748019445,1.2794154187990763,0.13677454946138623,medium,6.782870668986362,7.4086439601011636,0.13565741337972725,0.14817287920202327,6.253015970820179,6.894875741422036,0.12506031941640358,0.1378975148284407,3.9306629998013536,3.9697588374580315,0.07861325999602707,0.07939517674916063
32a180dd-9641-4546-8940-9b21084f0c71,Lightning Bolt,0.056562641864249426,0.17110717615053556,0.3305684959378157,0.7409704461326512,1.0581928999000785,0.7566856091336583,1.4798381254811797,2740.3019239344453,False,0.012943136672976568,0.014137697578102126,-0.009093080533335069,0.17663415173218852,-0.05147974185151881,0.9589432441045053,0.9909481364989176,0.7009659140161437,1.4008929529889547,2737.896088191136,False,-0.002065993898950039,-0.0022556975286458503,0.15872576054769155,0.1714827665926164,0.9256076496874401,0.3546499164866648,1.1720164894444425,0.8374611017997069,1.640222630732048,2926.0919612273096,False,0.03924281315205123,0.039593732364441525,161,0.9374126485600502,False,False,0.9942424259274407,False,False,0.6892008482968122,False,False,2737.896088191136,2.405835743309126,-188.19587303617345,0.18106835294552492,1.0737191752811461,0.16863660174282852,medium,1.2943136672976567,1.4137697578102126,0.025886273345953136,0.028275395156204253,-0.2065993898950039,-0.22556975286458503,-0.004131987797900078,-0.0045113950572917005,3.9242813152051226,3.9593732364441525,0.07848562630410245,0.07918746472888305
0e51d796-7279-4c06-87f0-37adbdaa41df,Underworld Breach,0.3502634208275121,0.20616081421500004,1.6989815555454248,0.08932265893804853,1.419441409780453,0.9476104536621056,2.126204821837004,2737.515961839982,False,0.07947087812231789,0.08681134897081821,0.47860394008221413,0.21481052518638763,2.22802835041224,0.025878624529189508,1.6138198396142316,1.0592650416605573,2.4586995438362553,2732.9186222910957,False,0.10704119553357667,0.11908295336142771,0.15645513619310394,0.20524558827592532,0.7622825781900407,0.4458913695565976,1.1693582992772749,0.7820581216581498,1.7484619035595832,2926.3691441369137,False,0.03866550611504327,0.039061164583739316,109,0.5336858032092169,False,False,0.4431684263420406,True,False,0.7420128011838141,False,False,2732.9186222910957,4.597339548886339,-193.450521845818,0.44446154033695673,1.4008731828906533,0.31727464396157956,low,7.947087812231788,8.681134897081822,0.15894175624463577,0.17362269794163643,10.704119553357668,11.908295336142771,0.21408239106715335,0.23816590672285542,3.866550611504327,3.9061164583739316,0.07733101223008654,0.07812232916747863
60d0e6a6-629a-45a7-bfcb-25ba7156788b,Elvish Mystic,0.2072502590150198,0.18617366774586824,1.1132093035730577,0.26561854787847317,1.230290424527514,0.854148570856368,1.7720740633758167,2739.1701772115966,False,0.04727874216619621,0.05166114074438044,0.14993253560131162,0.20622483720819107,0.727034326374323,0.4672049279394793,1.1617558629236748,0.7754838317991356,1.7404317533045912,2737.3693452702455,False,0.03401945637105612,0.03737239048477414,0.15620033572188474,0.1964258898343472,0.7952125651746516,0.42648986386094845,1.1690603841876592,0.7954920632174522,1.7180588532200123,2926.318368449971,False,0.03859358549116656,0.038977090347837084,136,0.6896918746929498,False,False,0.9084793269322036,False,False,0.7420128011838141,False,False,2737.3693452702455,1.8008319413511344,-188.94902317972537,0.06853456160383908,1.1870355572129494,0.05773589610470637,medium,4.727874216619621,5.166114074438044,0.09455748433239242,0.10332228148876088,3.401945637105612,3.7372390484774143,0.06803891274211224,0.07474478096954829,3.859358549116656,3.8977090347837082,0.07718717098233312,0.07795418069567417
377cee38-e769-47b0-abd5-0f528600f36a,Badlands,0.07368015202761093,0.1692322721263423,0.43537885003756355,0.6632874595906582,1.0764624460970906,0.7725835649717251,1.4998654519653682,2740.22164678804,False,0.016854674001643023,0.018413521112230213,0.09064876334155215,0.17141944867979902,0.5288125941349774,0.5969354602740304,1.0948843741851777,0.7824436624170461,1.5320870375916178,2737.618860694127,False,0.020588806820952623,0.02255349810499263,0.1529770711710131,0.16599473994970024,0.921577823594701,0.35674883033988614,1.165298259711903,0.841665494066226,1.6133725852621714,2926.100775432391,False,0.0378067766302856,0.03819212231771674,164,0.9373483511095011,False,False,0.9197216625869145,False,False,0.6892008482968122,False,False,2737.618860694127,2.6027860939129823,-188.4819147382641,0.08883581361481241,1.112215026664724,0.07987287663358632,medium,1.6854674001643022,1.8413521112230213,0.033709348003286045,0.03682704222446043,2.0588806820952623,2.255349810499263,0.041177613641905246,0.04510699620998526,3.7806776630285603,3.8192122317716737,0.0756135532605712,0.07638424463543347
fe964e7e-e2c5-4263-889d-0a531eb51442,Luminarch Aspirant,0.07884912745434841,0.17034068027825147,0.46289076294369835,0.6434426688404462,1.082041059465561,0.774902080083296,1.5109171654868965,2740.1967433826967,False,0.018042097538547686,0.019704278531520514,-0.08191484502595427,0.17963442046310846,-0.4560086247099683,0.6483837762266387,0.9213504129264171,0.6479133510193094,1.3101853543597999,2737.6909917124094,False,-0.018592692509272746,-0.02024491225979319,0.14843132011088594,0.17048525849677834,0.8706402032624472,0.3839506376940739,1.1600131254656878,0.8305062814158173,1.6202531893662395,2926.191167743082,False,0.036713810120624545,0.037038094817825495,168,0.936361909765726,False,False,0.9206718127548238,False,False,0.7185481569158223,False,False,2737.6909917124094,2.5057516702872817,-188.50017603067272,0.23866271253927074,1.0544681992858886,0.22633467059594486,low,1.8042097538547686,1.9704278531520514,0.03608419507709537,0.03940855706304103,-1.8592692509272746,-2.024491225979319,-0.03718538501854549,-0.04048982451958638,3.6713810120624544,3.7038094817825495,0.07342762024124909,0.07407618963565099
d67be074-cdd4-41d9-ac89-0a0456c4e4b2,"Sheoldred, the Apocalypse",0.027856179702279132,0.17600577231071945,0.15826855753970395,0.874245183286965,1.028247790883218,0.7282469043002063,1.4518338673505276,2740.386261166037,False,0.006373744381240262,0.0069636852478895395,0.10531048545062911,0.17972683522355315,0.5859474758994043,0.557910811848908,1.1110555233825474,0.7811765396601691,1.5802373898426085,2737.5551467607393,False,0.023914210472044894,0.026208631675259553,0.1478039707841327,0.1720996865039291,0.8588276584731507,0.39043560567109736,1.15928562023622,0.8273632726874117,1.6243688759849462,2926.2128850288127,False,0.03653396328509778,0.03690010243406622,154,0.9763649910213398,False,False,0.9090895122587523,False,False,0.7185481569158223,False,False,2737.5551467607393,2.8311144052977397,-188.65773826807344,0.13103782935300212,1.0995296448339953,0.11917625865629657,medium,0.6373744381240263,0.696368524788954,0.012747488762480524,0.013927370495779079,2.3914210472044894,2.6208631675259553,0.04782842094408979,0.052417263350519105,3.6533963285097784,3.690010243406622,0.07306792657019556,0.07380020486813244
068bb15a-fc2d-42a2-859b-837b946d23c0,Underground Sea,-0.2909044123842866,0.19403821166849022,-1.499211984499682,0.13381864694952264,0.7475871346745925,0.5110850280320662,1.093529438893878,2738.170059532147,False,-0.06608248759328345,-0.07230251690679695,-0.19778903741831153,0.1988253323602052,-0.9947879129405087,0.3198394261379788,0.8205429387366389,0.5557222339195124,1.211559792311774,2736.910667520492,False,-0.04479025677758675,-0.04863212824103863,0.1475146057727381,0.1891268368907628,0.7799771211630881,0.4354043420051835,1.1589502120695452,0.7999756457955542,1.6790081062034103,2926.3423684135687,False,0.03645759940378371,0.03682849441352459,127,0.5828013423757537,False,False,0.8092332095943887,False,False,0.7420128011838141,False,False,2736.910667520492,1.259392011655109,-189.4317008930766,0.4113630773949527,0.9090267618269255,0.45253131664486057,low,-6.608248759328345,-7.230251690679696,-0.1321649751865669,-0.1446050338135939,-4.479025677758675,-4.863212824103863,-0.0895805135551735,-0.09726425648207726,3.6457599403783707,3.6828494413524595,0.07291519880756742,0.07365698882704919
1ac01fff-4de6-4783-9489-4127e25bc641,Prismatic Vista,0.1321957981494028,0.17093965942227704,0.7733477333240486,0.43931661340408024,1.14133176803913,0.8164040115775478,1.5955803575955265,2739.8123186877133,False,0.03022047031037946,0.03301115362657325,0.17547228092777037,0.17324477771120642,1.01285754898931,0.31112820764389304,1.1918089523549622,0.8486677743018894,1.6736921348072333,2736.870763563853,False,0.039798308065558854,0.04372902411839663,0.14405892365228287,0.16543191105607416,0.8708049295486481,0.3838606732093567,1.1549521605194677,0.8351135110296276,1.5972852498146954,2926.1917953691554,False,0.03561545348657516,0.03596426391330659,164,0.8034993598998726,False,False,0.8092332095943887,False,False,0.7185481569158223,False,False,2736.870763563853,2.9415551238603257,-189.32103180530248,0.05047718431583226,1.1626976269711866,0.043413853391379764,medium,3.022047031037946,3.3011153626573253,0.06044094062075892,0.0660223072531465,3.9798308065558854,4.372902411839663,0.07959661613111771,0.08745804823679326,3.561545348657516,3.5964263913306596,0.07123090697315032,0.07192852782661319
43aa7e35-55ee-4e02-a8aa-ea2b267055d1,Woodfall Primus,-0.021730513169476946,0.19695297017935773,-0.11033351337472991,0.9121448796755226,0.9785038934362797,0.6651396005483178,1.4395021265921526,2740.3991437554296,False,-0.0049716935582910845,-0.0054324488583611386,0.045497264603681656,0.20353655746658098,0.2235336254576868,0.8231202157837552,1.0465481418860991,0.7022720685298022,1.559599281199046,2737.848761415951,False,0.01033686770991997,0.011305918470563503,0.13662885195751767,0.19219153568674416,0.710899423688518,0.477146563174515,1.1464025844765273,0.7865755064407507,1.6708362705589246,2926.445684305647,False,0.03377429566059506,0.034121601780426725,124,0.987736996775704,False,False,0.982130324906701,False,False,0.7686809685859134,False,False,2737.848761415951,2.5503823394788014,-188.5969228896961,0.16789869104024757,1.0571515399329687,0.1588217816443739,medium,-0.49716935582910843,-0.5432448858361139,-0.009943387116582169,-0.010864897716722277,1.033686770991997,1.1305918470563503,0.02067373541983994,0.022611836941127006,3.377429566059506,3.4121601780426722,0.06754859132119012,0.06824320356085345
672b9b16-daef-44e6-9a3a-cfd9f3c78bc7,Pentad Prism,-0.038188881241270387,0.19649079552731127,-0.194354555585085,0.8458982707605465,0.9625311196477886,0.6548750398026179,1.414722046162679,2740.3735560422483,False,-0.008736097463491995,-0.009546247553087028,0.09823524409556751,0.20160206575976783,0.4872730035049649,0.6260648764569279,1.1032222811125898,0.7431147499569642,1.637835074076718,2737.6611497745607,False,0.022308395893483705,0.02444488040109244,0.1364429968518873,0.1956230901339669,0.6974789977934006,0.4855030784643163,1.1461895395014559,0.7811576758625322,1.6817993358536143,2926.464438293935,False,0.033731021559100745,0.03407364802922308,117,0.958358734503278,False,False,0.9197216625869145,False,False,0.776804925542906,False,False,2737.6611497745607,2.7124062676875837,-188.8032885193743,0.18365841985366727,1.0706476467539447,0.17153955403581575,medium,-0.8736097463491995,-0.9546247553087028,-0.01747219492698399,-0.019092495106174057,2.2308395893483706,2.4444880401092437,0.04461679178696741,0.04888976080218488,3.3731021559100745,3.407364802922308,0.06746204311820149,0.06814729605844616
2398892d-28e9-4009-81ec-0d544af79d2b,Ancestral Recall,0.10495722367228953,0.1612431200670633,0.6509252836873681,0.5150947192824953,1.1106630992508277,0.8097098610974982,1.5234747399092352,2739.9873884077333,False,0.023997405817020173,0.02622101000801269,0.18924319582261234,0.16669664335899445,1.1352549877987772,0.25626849603207147,1.2083347787232992,0.8715498415175766,1.6752604015508148,2736.609409067002,False,0.04288865677943601,0.04717057213053899,0.1348428223974424,0.16102978856117298,0.8373781248940627,0.40238005774437946,1.144356902940546,0.8346226577297543,1.5690356704067616,2926.2498348428467,False,0.033333056270714034,0.03366972548737035,183,0.8343683056146205,False,False,0.80563680895586,False,False,0.7202419298438207,False,False,2736.609409067002,3.3779793407311445,-189.6404257758445,0.09767167947247146,1.1544515936382242,0.08460439572408722,medium,2.399740581702017,2.622101000801269,0.047994811634040346,0.05244202001602538,4.288865677943601,4.717057213053899,0.08577731355887203,0.09434114426107798,3.3333056270714034,3.366972548737035,0.06666611254142807,0.0673394509747407
a1febcf1-afa4-4406-9ac1-5bf98b2765d2,Time Walk,-0.02160822354548509,0.17454208897394688,-0.1237995011547642,0.9014740267972192,0.9786235616264225,0.6950922433815593,1.3778086066839748,2740.395991816399,False,-0.0049436129596780055,-0.0054018887240324664,0.10552916382000996,0.1796973824724952,0.5872604395679634,0.5570288059871291,1.111298513760094,0.7813924912001942,1.5804917510641758,2737.553633130966,False,0.023962329778232268,0.026258761443844703,0.12704230719590295,0.173005572126412,0.7343249447657991,0.46275071836897963,1.1354650551078445,0.8089253713735729,1.593819327463834,2926.4116722126428,False,0.03141353550616025,0.03173033158219141,154,0.9872457930608796,False,False,0.9090895122587523,False,False,0.755826173336,False,False,2737.553633130966,2.8423586854332825,-188.8580390816769,0.15684149348142196,1.0751290434981202,0.14588155201454772,medium,-0.49436129596780054,-0.5401888724032466,-0.009887225919356011,-0.010803777448064933,2.3962329778232268,2.6258761443844705,0.047924659556464536,0.052517522887689405,3.1413535506160253,3.1730331582191407,0.0628270710123205,0.06346066316438281
6a058e68-70af-4a64-859c-c881e5578368,Chrome Mox,0.1458069632071061,0.17617018924704517,0.8276483315950781,0.40786968825706416,1.156972828168937,0.819151191043952,1.6341136285418723,2739.724876587279,False,0.03332747014374194,0.03640024972730099,0.08598353993964634,0.18229928614802943,0.47166141873877976,0.6371684797367878,1.0897883901748227,0.7623701646176093,1.5578242571383014,2737.6760696581996,False,0.019533168836336965,0.021390527187255926,0.12662399266269103,0.17483359396179335,0.7242543597791758,0.4689095911318325,1.1349901729053269,0.8056951357593042,1.598871130551923,2926.425910681359,False,0.03132163643939178,0.0316258656288555,152,0.7926616185116572,False,False,0.9197216625869145,False,False,0.7627077166957608,False,False,2737.6760696581996,2.0488069290795465,-188.7498410231592,0.06718443799411444,1.1272504637496956,0.05960027532003096,medium,3.332747014374194,3.6400249727300995,0.06665494028748388,0.07280049945460199,1.9533168836336965,2.1390527187255923,0.03906633767267393,0.04278105437451185,3.132163643939178,3.16258656288555,0.06264327287878356,0.063251731257711
1e3e8085-cfcd-4e88-b441-4d1f8ac63904,Forth Eorlingas!,0.15727760472409275,0.16167744318104108,0.9727863184227775,0.3306595138811308,1.170320455297167,0.8524760330783497,1.6066726980476722,2739.4622769933444,False,0.035953446838297196,0.03925787530786756,0.04156546014869311,0.1683173840308136,0.24694692344484032,0.8049493009775242,1.0424413979869913,0.7495092555485412,1.449860772488746,2737.8377071335863,False,0.009445878586403856,0.010331839480362814,0.12463203104944214,0.1627505344363277,0.7657856945360845,0.44380382752868297,1.1327315663251174,0.8233622506107025,1.558343001999023,2926.363697507438,False,0.030838026701300307,0.031116268391732094,185,0.7492400545745853,False,False,0.9813912231725166,False,False,0.7420128011838141,False,False,2737.8377071335863,1.6245698597581395,-188.52599037385153,0.1278790573101758,1.1151644732030919,0.11467282215588182,medium,3.5953446838297194,3.9257875307867565,0.07190689367659439,0.07851575061573512,0.9445878586403855,1.0331839480362814,0.01889175717280771,0.02066367896072563,3.0838026701300305,3.1116268391732094,0.061676053402600614,0.06223253678346419
01006833-6007-4c16-9ebb-20d31c60a57a,Taiga,-0.07694069064642128,0.19048330927755217,-0.4039235297739994,0.6862689529513333,0.9259447691636848,0.6374445559246027,1.345016923547152,2740.2482396930322,False,-0.017594043903275944,-0.019227319268644627,-0.1255276893243914,0.19275548969567216,-0.6512275708597357,0.5148995951651052,0.8820313412369727,0.6045152092900562,1.2869474166546666,2737.475144395601,False,-0.028483123882285626,-0.030968132061528097,0.12439535442433523,0.18654281584490548,0.6668461278495946,0.5048704249191066,1.1324635069637914,0.7856620313117748,1.632347680673147,2926.506334696641,False,0.030758388950121042,0.03106562875027924,128,0.9373483511095011,False,False,0.9084793269322036,False,False,0.7894783769218487,False,False,2737.475144395601,2.773095297431155,-189.03119030103971,0.2504321657268187,0.980146539121483,0.255504820688633,low,-1.7594043903275944,-1.9227319268644627,-0.03518808780655189,-0.038454638537289254,-2.8483123882285626,-3.0968132061528095,-0.05696624776457125,-0.061936264123056195,3.075838895012104,3.106562875027924,0.061516777900242084,0.06213125750055848
09fd2d9c-1793-4beb-a3fb-7a869f660cd4,Bonecrusher Giant // Stomp,0.4926208270490738,0.18195649977589168,2.707354931842581,0.0067821704577268336,1.6365998493312224,1.14566595439302,2.3379057888213515,2733.002429655069,False,0.11094131665961911,0.12118566174195294,0.3231626196723313,0.19196508558008146,1.683444771718754,0.09228902227544561,1.381489990089277,0.9482956596672211,2.0125733712485965,2735.0426574998473,False,0.07298845706390202,0.080606005238891,0.12350729374292786,0.1828374594445384,0.675503226298068,0.49935610228850247,1.1314582570776435,0.7906861811650928,1.6190972069636782,2926.493963862813,False,0.030561906273134213,0.030841998401602566,149,0.174907454086304,True,False,0.6289144618827833,False,False,0.7893048068431168,False,False,2733.002429655069,-2.040227844778201,-191.45130636296562,0.5051415922535789,1.383182698832714,0.3652023645754639,low,11.09413166596191,12.118566174195294,0.22188263331923821,0.2423713234839059,7.2988457063902015,8.0606005238891,0.14597691412780403,0.161212010477782,3.056190627313421,3.084199840160257,0.061123812546268426,0.06168399680320513
9721f8da-39ed-4ada-a571-61e08a86032b,Broadside Bombardiers,0.5030318374015402,0.17304429284270026,2.9069542204365177,0.0036496660563384914,1.6537275107314406,1.1780552944978353,2.321465463058561,2731.8774556049375,False,0.11315507251884603,0.12371667245891033,0.3510621274013062,0.18427156358990476,1.9051345772622457,0.05676257975435164,1.4205755798398076,0.9899407984025946,2.0385410736617606,2734.244282909809,False,0.07918390841152484,0.08754075972629172,0.12200437905430012,0.17722785159138255,0.6884040965276386,0.4911983448433187,1.1297590490457083,0.7982270405228241,1.5989880624247879,2926.4765635265194,False,0.030188580505653206,0.03045930101604355,162,0.174907454086304,True,False,0.5705366990693805,False,False,0.781579359605824,False,False,2731.8774556049375,-2.366827304871549,-192.23228061671034,0.5239684616857323,1.4013540465389855,0.37390155826774185,low,11.315507251884602,12.371667245891032,0.22631014503769206,0.24743334491782065,7.918390841152484,8.754075972629172,0.15836781682304968,0.17508151945258343,3.0188580505653206,3.045930101604355,0.06037716101130641,0.0609186020320871
d2507bc2-da17-4e46-b4c5-ba0080ce2c6f,Rishadan Port,0.17552417142390253,0.21958453996588978,0.7993466728175327,0.42408942280971273,1.1918707975173688,0.7750238104734096,1.8329191681310635,2739.770502928962,False,0.04009089735288668,0.043783262814480584,0.03498817202739393,0.22517754349749186,0.15538037889548098,0.8765214516698009,1.0356074595905191,0.6660704633398389,1.6101641934125703,2737.874582623482,False,0.007950009736666831,0.008694822165748073,0.12108773980174486,0.21485608816135898,0.5635760235512005,0.5730427080288417,1.1287239420377577,0.7407958534989093,1.719795988748918,2926.6330465358697,False,0.029950859438578392,0.030235435982353842,96,0.8001702702994058,False,False,0.9892481634296231,False,False,0.848910527469205,False,False,2737.874582623482,1.895920305479649,-188.75846391238747,0.15626333792684965,1.1187340663818819,0.13967871599031909,low,4.009089735288668,4.378326281448058,0.08018179470577336,0.08756652562896117,0.7950009736666831,0.8694822165748073,0.015900019473333662,0.017389644331496146,2.9950859438578394,3.023543598235384,0.059901718877156784,0.060470871964707684
62d37423-3445-412a-9abd-0480da404637,Phyrexian Fleshgorger,-0.15729204742528843,0.24002757755586626,-0.6553082317746544,0.5122693219143224,0.8544544811439562,0.5337935637863658,1.3677430937312391,2739.9822577064565,False,-0.03592175470389113,-0.03925087763236906,-0.04716197562637191,0.24923921803307128,-0.1892237345252545,0.8499174662265181,0.9539328712016251,0.5852765297730542,1.5547999560341697,2737.8629346250777,False,-0.010714370851906447,-0.01168455277108138,0.12043667448584554,0.24321774853535585,0.4951804513079686,0.6204727484425852,1.1279893082011272,0.7002834392753697,1.8169212750949155,2926.7061313753243,False,0.029779414631965026,0.030084585044268253,77,0.8339885983864328,False,False,0.9861429262040047,False,False,0.8766905314821356,False,False,2737.8629346250777,2.1193230813787522,-188.84319675024653,0.273534827057171,0.9787922201822362,0.27946158685879524,low,-3.592175470389113,-3.925087763236906,-0.07184350940778227,-0.07850175526473813,-1.0714370851906447,-1.168455277108138,-0.021428741703812895,-0.02336910554216276,2.9779414631965024,3.0084585044268253,0.05955882926393005,0.060169170088536506
641b21e1-9188-4bc3-96e8-cda2acbc5ed5,Time Spiral,-0.01218540538273952,0.1843663415565661,-0.06609343809645901,0.9473034350704178,0.9878885360293433,0.6882910898381117,1.4178939318359325,2740.4069476532886,False,-0.0027880075756856804,-0.003046320557898996,0.1292336761575477,0.19230780358817173,0.6720147271522187,0.5015743207761093,1.137956006286373,0.7806021898673636,1.6589037144044683,2737.447041680722,False,0.029329472221112447,0.03216259097450458,0.11828234705181008,0.18656440913069425,0.6340027425539111,0.5260790322854355,1.1255618655811253,0.7808408751994553,1.62246823070943,2926.5493066887925,False,0.029248965792196744,0.02955075292625109,137,0.9918416633418081,False,False,0.9084793269322036,False,False,0.8055585181870731,False,False,2737.447041680722,2.959905972566503,-189.1022650080704,0.1500674702570296,1.0838021359656138,0.13846389970741932,medium,-0.27880075756856804,-0.3046320557898996,-0.005576015151371361,-0.006092641115797992,2.9329472221112445,3.216259097450458,0.05865894444222489,0.06432518194900916,2.9248965792196744,2.955075292625109,0.05849793158439349,0.05910150585250218
c1e0f201-42cb-46a1-901a-65bb4fc18f6c,Urza's Saga,0.004613139275633092,0.1860173651632634,0.024799508753305048,0.9802148828970847,1.0046237961835864,0.6976896542968505,1.4465872693432547,2740.4107007952325,False,0.001055519968704229,0.001153283142456052,0.055106429790159006,0.18814661789575213,0.29289088693952636,0.7696055547295173,1.0566530680554973,0.7307667589972958,1.5278687659015797,2737.8128883396753,False,0.012520354183080694,0.013701188975240919,0.11705377969090684,0.18095158983966758,0.6468789790386618,0.5177102716263022,1.1241798861116572,0.7885090963337119,1.602746781507214,2926.532414887206,False,0.02895344229994658,0.02923408147553358,136,0.993986806607904,False,False,0.9695332822545241,False,False,0.7989859310138208,False,False,2737.8128883396753,2.597812455557232,-188.71952654753068,0.11955608992807076,1.0618189167835803,0.11259555470176151,medium,0.1055519968704229,0.11532831424560519,0.002111039937408458,0.002306566284912104,1.2520354183080693,1.3701188975240919,0.025040708366161388,0.027402377950481838,2.895344229994658,2.923408147553358,0.05790688459989316,0.05846816295106716
e6befbc4-1320-4f26-bd9f-b1814fedda10,Grief,0.07091671722313247,0.17760297134872802,0.399299159718931,0.6896727861954699,1.0734918187657618,0.7579141891908516,1.520468545637479,2740.251809680858,False,0.016221726306231032,0.017723219047633965,0.11674243671880644,0.18168571573388537,0.6425515415300936,0.5205151351283195,1.123829935084963,0.7871302312923405,1.6045549678856073,2737.485479797451,False,0.026503032164017375,0.029054827489099322,0.1156878052226788,0.17457003324489762,0.6627013988155963,0.5075218137354742,1.1226453334080482,0.7973436928675087,1.5806640924070017,2926.5118654411517,False,0.028611244633867352,0.028900966703510556,149,0.9373483511095011,False,False,0.9084793269322036,False,False,0.7894783769218487,False,False,2737.485479797451,2.766329883407252,-189.0263856437009,0.050338116319201154,1.1066556957529243,0.04548670061735245,medium,1.6221726306231032,1.7723219047633965,0.032443452612462065,0.03544643809526793,2.6503032164017375,2.9054827489099324,0.05300606432803475,0.058109654978198644,2.861124463386735,2.8900966703510553,0.057222489267734704,0.05780193340702111
773199f9-c83b-4a77-8342-9f1552ecf595,Intrepid Adversary,0.4119396228433964,0.18954272132487063,2.173333905749639,0.029755195380871638,1.5097432795704577,1.041264551099501,2.188996799901963,2735.6517671862725,False,0.0932195409885491,0.10180260655626294,0.2899821621225604,0.19959017694841327,1.4528879454699322,0.1462548684187301,1.3364036492083513,0.9037390835005292,1.9762061265510737,2735.779007250148,False,0.06556303335018857,0.07235503080120503,0.1146013959063476,0.19176577277460968,0.5976113163898304,0.5500993116143384,1.1214263433398777,0.7700810432245792,1.6330710314211636,2926.5934737192074,False,0.02835626806468377,0.02861861360594209,131,0.3518779753032992,True,False,0.6921486360963497,False,False,0.8325827419027826,False,False,2735.6517671862725,-0.1272400638754334,-190.81446646905943,0.38831693623058006,1.3225244240395622,0.2936179696738545,low,9.32195409885491,10.180260655626295,0.1864390819770982,0.20360521311252588,6.556303335018857,7.235503080120504,0.13112606670037713,0.14471006160241007,2.835626806468377,2.861861360594209,0.05671253612936754,0.05723722721188418
fd97b3cf-924e-4f77-bb82-0bf19592389f,Dreadhorde Arcanist,0.1681944680031548,0.22503623055757804,0.7474106173322183,0.45481573840697365,1.1831666763378248,0.7611867549843765,1.8390800612722538,2739.8504912950284,False,0.038429194991845446,0.041961973644264294,0.03429107651247168,0.23352474771806755,0.14684129561236484,0.8832572887764493,1.0348857938394216,0.6548052413480748,1.6355834355964547,2737.877153941561,False,0.007791947703335883,0.008521375195797876,0.11386239756322666,0.2255010692483442,0.504930632669551,0.6136075579291034,1.120597917270665,0.7202767987351181,1.7434126635712321,2926.6956681672964,False,0.02817061453740044,0.02843517320852651,90,0.8103989520706076,False,False,0.9892481634296231,False,False,0.8766905314821356,False,False,2737.877153941561,1.9733373534672864,-188.81851422573527,0.1482808824984032,1.1128834624826371,0.133240260545894,low,3.8429194991845446,4.196197364426429,0.07685838998369089,0.08392394728852859,0.7791947703335883,0.8521375195797876,0.015583895406671766,0.01704275039159575,2.817061453740044,2.843517320852651,0.05634122907480088,0.05687034641705302
06c0c35d-a26e-473a-9206-8fbda7191700,Entomb,0.12404582393569573,0.19856330946541734,0.6247167428346077,0.5321569824435434,1.1320677456101946,0.7670998814066285,1.6706786322283407,2740.02094118792,False,0.0283507725029269,0.030978024678079363,0.29893215063548645,0.21324273980143318,1.401839757423138,0.1609631032333977,1.3484181310558039,0.8877868315439305,2.04804958978495,2735.931336170961,False,0.06748461742586592,0.07448650133691859,0.11244019575215473,0.200396834249721,0.5610876847088281,0.5747377631668937,1.1190053336393393,0.7555286323999899,1.6573467675681248,2926.6364679713174,False,0.02780679368423392,0.028093785377926006,122,0.841151359346246,False,False,0.7079606246306034,False,False,0.848910527469205,False,False,2735.931336170961,4.089605016959013,-190.7051318003564,0.2294127974164646,1.1998304034351126,0.19120435418177112,medium,2.83507725029269,3.097802467807936,0.0567015450058538,0.06195604935615873,6.748461742586592,7.448650133691858,0.13496923485173185,0.14897300267383717,2.780679368423392,2.8093785377926004,0.05561358736846784,0.05618757075585201
0d60eabe-b281-4eba-9c26-287364ed2067,Earthshaker Khenra,0.21607387502118597,0.21521457501760755,1.0039927593356914,0.3153821036421449,1.2411940688519676,0.8140392528129421,1.8924919298790968,2739.3994580279314,False,0.049304529979917154,0.05383746921433946,0.045122126684465164,0.22643460499312532,0.19927222115999052,0.8420498076940779,1.046155615624138,0.671198942677649,1.630577020481895,2737.859010021757,False,0.010252596962194768,0.01121731927525399,0.1119315690258345,0.21468442580053052,0.5213772196490553,0.6021040175616817,1.1184363223392,0.7342909747604826,1.7035478442802106,2926.679033660275,False,0.027691956805334348,0.02795433641610956,101,0.7465337651916201,False,False,0.9823914423097576,False,False,0.8645596149603636,False,False,2737.859010021757,1.5404480061743016,-188.8200236385178,0.19503845322782953,1.1352620022717685,0.17180038866582234,medium,4.930452997991716,5.383746921433946,0.09860905995983431,0.10767493842867892,1.0252596962194767,1.121731927525399,0.020505193924389535,0.02243463855050798,2.769195680533435,2.795433641610956,0.055383913610668696,0.05590867283221912
400382a4-aea2-4827-b06a-1b0b3745908b,Noble Hierarch,0.02743005716957074,0.15934377286821505,0.1721438916364602,0.8633244072383198,1.0278097246718854,0.7521016903448813,1.4045877621225409,2740.381678302232,False,0.006276088978541738,0.006857189818062104,0.008905604379258221,0.17162083641193465,0.05189116056911909,0.9586154176320821,1.0089453772534254,0.7207440231877422,1.4123887837164788,2737.8960451182993,False,0.002023549139253171,0.002210795080460237,0.1089796728378375,0.1643020864912225,0.6632884290465753,0.5071458458116862,1.1151396824859023,0.8081137774610352,1.5388136499315141,2926.511188210524,False,0.02695507642778935,0.027222335262968633,189,0.9696938900785713,False,False,0.9942424259274407,False,False,0.7894783769218487,False,False,2737.8960451182993,2.485633183932805,-188.61514309222457,0.10619430523247697,1.0506315948037377,0.10107663405298077,medium,0.6276088978541738,0.6857189818062104,0.012552177957083476,0.013714379636124208,0.2023549139253171,0.22107950804602372,0.004047098278506342,0.004421590160920474,2.695507642778935,2.722233526296863,0.0539101528555787,0.054444670525937267
04fc99dc-bfbe-4567-b791-6b1db96471ec,Reanimate,-0.22846518354077897,0.1699268651832785,-1.3444912509529474,0.17878958371750497,0.795754002058952,0.5703404365701403,1.1102569468874839,2738.6031241157434,False,-0.05205616723886563,-0.05692274458173496,-0.09040153963845393,0.17571714732792393,-0.5144719283983497,0.6069220817512821,0.9135642793420895,0.6473895051411603,1.2891770500787632,2737.6340314964345,False,-0.020528882502021045,-0.022368653919194625,0.10205308469252669,0.16965217315359044,0.6015430441915732,0.5474783512268534,1.1074422583993615,0.7941640915325169,1.5443009433000314,2926.5896423888157,False,0.025238150178408494,0.025499069773658234,163,0.642986392818917,False,False,0.9197216625869145,False,False,0.831827572406692,False,False,2737.6340314964345,0.9690926193088671,-188.95561089238117,0.31168825634040953,0.9389201799334677,0.3319645940110648,low,-5.205616723886563,-5.692274458173497,-0.10411233447773126,-0.11384548916346993,-2.0528882502021046,-2.2368653919194625,-0.04105776500404209,-0.04473730783838925,2.523815017840849,2.5499069773658234,0.05047630035681699,0.05099813954731647
0a26d900-c652-4f9c-8681-a35c5f8b1937,Sacred Foundry,-0.07676373757074424,0.18392277568737192,-0.417369394757426,0.6764082372846747,0.9261086324361228,0.6458084230564017,1.32806753280423,2740.2373531763596,False,-0.017549296572759332,-0.019183262822691727,-0.20324808088369697,0.18880277209914964,-1.0765100460334416,0.2816992104392755,0.8160757635146224,0.5636614271577515,1.181524262098543,2736.743410848676,False,-0.04599586169075809,-0.04985052420657937,0.10195391115278259,0.18233114192301833,0.5591689388740204,0.5760464293541034,1.1073324348764177,0.7745948759489868,1.5830018496147267,2926.6382171110677,False,0.02522868484511722,0.025466664719271614,137,0.9373483511095011,False,False,0.8092332095943887,False,False,0.848910527469205,False,False,2736.743410848676,3.493942327683726,-189.89480626239174,0.29125667136179534,0.9498389436090543,0.3066379551201831,low,-1.7549296572759332,-1.9183262822691727,-0.035098593145518664,-0.038366525645383454,-4.599586169075809,-4.985052420657937,-0.09199172338151618,-0.09970104841315874,2.522868484511722,2.5466664719271614,0.05045736969023444,0.05093332943854323
53d4fd57-74b6-42c7-88b1-110e5a8dfc3c,Spell Pierce,-0.05269620485409668,0.18517974442472995,-0.2845678668463446,0.7759752323292316,0.9486681694946967,0.6599121862655407,1.3637743241345157,2740.330364683934,False,-0.012053279447111482,-0.013171557744215634,0.0739338846811598,0.19212401254800185,0.3848237588869197,0.7003679951415812,1.0767356144243814,0.7388730345394618,1.569091750780263,2737.750626342786,False,0.016793975103215012,0.018383575746792113,0.10169329765694486,0.18696833722351314,0.5439065200402067,0.5865058020157267,1.1070438867009176,0.7673865382860877,1.5970389183775084,2926.6554059186055,False,0.025157232314776058,0.025408356173282465,135,0.9374126485600502,False,False,0.9425636711937635,False,False,0.8514697847975463,False,False,2737.750626342786,2.579738341148186,-188.9047795758197,0.1583757172062209,1.0441492235399985,0.15167919837097305,medium,-1.2053279447111482,-1.3171557744215634,-0.024106558894222963,-0.026343115488431268,1.6793975103215013,1.8383575746792113,0.033587950206430024,0.03676715149358423,2.515723231477606,2.5408356173282467,0.050314464629552115,0.05081671234656493
4b4956a2-9a39-4152-9c98-70e4b2acfa26,Miscalculation,-0.007402804676838203,0.16028902369436399,-0.046184102355964984,0.9631635134357406,0.9926245285924976,0.7250103915064818,1.3590197689665378,2740.4091829769886,False,-0.001693743282212046,-0.0018506947698994636,0.07805256205993578,0.1659010864551281,0.47047649733774927,0.6380146218629695,1.081179486197539,0.7810519864571478,1.4966341570638952,2737.677355457943,False,0.017730373994772057,0.019414688626697985,0.10070344150262119,0.15779951226663053,0.6381733381562339,0.5233608508298231,1.1059486146668724,0.8117331689110043,1.5068034486313728,2926.5439295883766,False,0.02491497441338963,0.025159778076468353,190,0.993986806607904,False,False,0.9197216625869145,False,False,0.8045390334325124,False,False,2737.677355457943,2.7318275190455097,-188.8665741304335,0.11332408607437483,1.0599175431523031,0.10691783224696651,medium,-0.1693743282212046,-0.18506947698994636,-0.003387486564424092,-0.003701389539798927,1.7730373994772057,1.9414688626697985,0.035460747989544114,0.03882937725339597,2.491497441338963,2.515977807646835,0.04982994882677926,0.050319556152936706
a249b1f4-2b22-4b67-a207-e0c4ae95d2e1,Ketria Triome,-0.10078038971989502,0.19608331717604868,-0.5139671807439475,0.6072749364573029,0.9041315676717544,0.6156333575790865,1.3278258586817577,2740.1472142756397,False,-0.02303994885921562,-0.02517724667822452,-0.031317180056143576,0.20016364468069878,-0.1564578827793667,0.8756721150147551,0.9691681235203391,0.6546608762346899,1.4347685736931215,2737.874261890004,False,-0.007115308705834751,-0.00776177115220833,0.09572454029934614,0.19316764549817733,0.4955516233190789,0.6202107914121004,1.1004558909896087,0.7536071674052952,1.6069422112627645,2926.7057806639677,False,0.023679003755167755,0.023916088808427438,119,0.9155837503510106,False,False,0.9892481634296231,False,False,0.8766905314821356,False,False,2737.874261890004,2.2729523856355627,-188.83151877396358,0.19632432331785432,0.9912518607272341,0.1980569531277556,medium,-2.303994885921562,-2.517724667822452,-0.04607989771843124,-0.05035449335644904,-0.7115308705834751,-0.776177115220833,-0.014230617411669502,-0.01552354230441666,2.3679003755167756,2.391608880842744,0.04735800751033551,0.047832177616854876
b598c93e-dae1-4d71-a9e4-917abf76d2d0,Raucous Theater,0.156972127070899,0.22718580374827116,0.6909416190671356,0.4896022300721957,1.1699630031505994,0.749527666926881,1.8262346930479647,2739.9337666722354,False,0.03585434821086609,0.039172346840190164,0.21399137814745006,0.22900999040954165,0.934419401375313,0.3500875936803137,1.2386119756175948,0.790675051317905,1.940316219142325,2737.025306600205,False,0.04846503801512079,0.05336115343308867,0.09560879167951251,0.22319588406854443,0.42836270067664256,0.6683870760811894,1.100328522110567,0.7104511124257673,1.7041606880396418,2926.767828227566,False,0.023652171954713194,0.023887261844013685,86,0.8314108026455493,False,False,0.8417274981732761,False,False,0.9006490665408559,False,False,2737.025306600205,2.908460072030266,-189.74252162736093,0.13828345350702786,1.1696345002929205,0.11822791946748876,low,3.585434821086609,3.917234684019016,0.07170869642173218,0.07834469368038033,4.846503801512079,5.336115343308867,0.09693007603024158,0.10672230686617734,2.3652171954713195,2.3887261844013685,0.04730434390942639,0.04777452368802737
a9225cc3-90f0-448f-a8d9-7c6c2796d077,Sheoldred's Edict,0.06747081127737005,0.20419260061141947,0.33042730772486545,0.7410771105968679,1.069799033074927,0.7169517851360824,1.5962997720283523,2740.302091042762,False,0.015433720814082952,0.016862262120402483,0.09040145253286613,0.20814756212539617,0.4343142509562749,0.6640602565942848,1.0946136309254273,0.7279173487023884,1.6460371540033558,2737.7100659516946,False,0.02053050217353685,0.022495720669931996,0.09344569896686825,0.20195907854398742,0.4626962038080176,0.6435821397294246,1.0979509818499176,0.7390467528761899,1.6311503350142593,2926.7371666545596,False,0.023119442875754258,0.0233476093068975,108,0.9374126485600502,False,False,0.9316031658051308,False,False,0.8914635999078955,False,False,2737.7100659516946,2.592025091067626,-189.02710070286503,0.02815194877499061,1.0874545486167573,0.025887931418191134,medium,1.5433720814082952,1.6862262120402483,0.030867441628165904,0.033724524240804965,2.053050217353685,2.2495720669931996,0.0410610043470737,0.04499144133986399,2.3119442875754257,2.33476093068975,0.046238885751508516,0.046695218613795
df3784d4-80cd-4f78-afb3-d61f3bab5b2c,Zealous Conscripts,0.32465035525719005,0.17985515717932327,1.8050655891590575,0.0710644190106879,1.3835468115315113,0.9725189159656462,1.9682925938754998,2737.1285292285265,False,0.07382988125251809,0.08059365793525819,0.07907967185006481,0.19506863131081514,0.40539409806009347,0.6851878485532906,1.0822905467255954,0.7384108916829162,1.5863157501129919,2737.7341219269006,False,0.017969325834041042,0.019680928638674156,0.09308172397109496,0.18710948235626515,0.4974719762938739,0.6188562600204619,1.0975514278641805,0.7605960616544235,1.5837830322003688,2926.703437122285,False,0.02304217569028326,0.023253684374006656,147,0.4908423571123028,False,False,0.9425636711937635,False,False,0.8766905314821356,False,False,2737.1285292285265,-0.6055926983740392,-188.9693151953843,0.30125626480591583,1.187796262040429,0.2536262105156061,low,7.382988125251809,8.059365793525819,0.14765976250503618,0.16118731587051638,1.7969325834041043,1.9680928638674156,0.035938651668082085,0.03936185727734831,2.3042175690283258,2.3253684374006656,0.04608435138056652,0.04650736874801331
5cb76266-ae50-4bbc-8f96-d98f309b02d3,"Teferi, Time Raveler",-0.04255120400025987,0.21037199519248115,-0.20226648495360508,0.8397083995676382,0.9583413933516577,0.6345239066655999,1.4474131180296284,2740.3704258629236,False,-0.009733632269505325,-0.010636422392359568,0.0015110432340143705,0.22325147337925996,0.006768346076925584,0.9945996823949647,1.0015121854350746,0.6465777373642735,1.5512854829547695,2737.8986920936923,False,0.00034333884525373934,0.00037500393500666807,0.09091784729688876,0.21554508443042475,0.42180431781656286,0.6731678538262105,1.09517902964497,0.71780989284655,1.6709397835375108,2926.7733055093695,False,0.022496122469019303,0.022713105930919575,103,0.9541034569000412,False,False,0.998281733290187,False,False,0.9006490665408559,False,False,2737.8986920936923,2.4717337692313777,-188.87461341567723,0.13683763629331225,1.0183442028105674,0.13437267666045408,medium,-0.9733632269505325,-1.0636422392359568,-0.01946726453901065,-0.021272844784719136,0.034333884525373934,0.03750039350066681,0.0006866776905074787,0.0007500078700133361,2.2496122469019304,2.2713105930919575,0.044992244938038606,0.04542621186183915
486d7edc-d983-41f0-8b78-c99aecd72996,"Otawara, Soaring City",-0.20392610369234765,0.20731986392364668,-0.9836303180647036,0.3252973125986728,0.8155226330720908,0.5432025344440043,1.2243631479620702,2739.445319663901,False,-0.046502232517685975,-0.05083113308816406,-0.08692121571204825,0.21562021176318635,-0.4031218363124186,0.6868585973637524,0.916749318230379,0.6007737743092117,1.39891145122341,2737.73624339989,False,-0.019737802770521153,-0.021490524973373448,0.0902024115151102,0.20830457474866218,0.43303135144270044,0.6649919935910227,1.094395779595673,0.7275485440164517,1.646216094097135,2926.76384566017,False,0.022316389468783244,0.022537543328124632,106,0.7465337651916201,False,False,0.9425636711937635,False,False,0.9006490665408559,False,False,2737.73624339989,1.709076264010946,-189.02760226027976,0.2788731465235821,0.9422225769660475,0.2959737469054842,low,-4.6502232517685975,-5.083113308816406,-0.09300446503537195,-0.10166226617632812,-1.9737802770521153,-2.149052497337345,-0.039475605541042305,-0.042981049946746896,2.2316389468783244,2.253754332812463,0.04463277893756649,0.045075086656249264
17f28b16-da65-41a8-ba4f-f1c5e104aad6,Council's Judgment,0.250403834395183,0.18573097757461368,1.3482071632051162,0.1775917613333977,1.2845440550302414,0.8925891506342476,1.848614704918894,2738.588975569549,False,0.05705715844591339,0.06233469051409113,0.14835014730429527,0.19336430789368678,0.7672054316552533,0.44295938397448276,1.1599189677661859,0.79402217003424,1.6944262547804638,2737.3093318499186,False,0.03366496171603776,0.03698175027676365,0.08716040824713937,0.18609569778562046,0.4683633704823574,0.639524757900177,1.0910716825780573,0.7576095289236214,1.5713073437909824,2926.731784993116,False,0.021570539202295663,0.021776127003449885,137,0.642986392818917,False,False,0.8950519511236972,False,False,0.8914635999078955,False,False,2737.3093318499186,1.2796437196302577,-189.42245314319734,0.19347237245218407,1.1785115684581615,0.16416671471906094,medium,5.70571584459134,6.233469051409113,0.11411431689182679,0.12466938102818226,3.366496171603776,3.6981750276763647,0.06732992343207551,0.0739635005535273,2.157053920229566,2.1776127003449885,0.043141078404591325,0.04355225400689977
3ee3945e-5089-4751-b7b3-5961c39d2a33,Nethergoyf,-0.19604595381586667,0.19995168691447013,-0.9804666159167033,0.32685584084550356,0.8219744609472442,0.5554641212660826,1.2163558159427217,2739.4511573493523,False,-0.04471325114068377,-0.048879555271622244,-0.16041622759785518,0.2020958755618449,-0.7937629956667026,0.4273334188561797,0.851789177008664,0.5731979590270445,1.2657839942428415,2737.269219074136,False,-0.036373542215647585,-0.03951606974116134,0.08588567024722361,0.19317962719701767,0.44458968832997897,0.6566163007499883,1.0896817381393564,0.7462113566058127,1.5912466085150434,2926.7536390178975,False,0.021250349388176198,0.021460793723216076,117,0.7465337651916201,False,False,0.8816563167980129,False,False,0.8999775870419421,False,False,2737.269219074136,2.181938275216453,-189.48441994376162,0.2677072771921122,0.9211484586984215,0.29062337852725856,low,-4.471325114068377,-4.887955527162225,-0.08942650228136755,-0.09775911054324449,-3.6373542215647583,-3.9516069741161344,-0.07274708443129517,-0.07903213948232268,2.12503493881762,2.1460793723216076,0.042500698776352396,0.04292158744643215
928036c9-11b8-493e-b9f2-8fbd3487cd19,"Minsc & Boo, Timeless Heroes",0.17622648579948896,0.17813176092643768,0.9893041245590363,0.32251436666829925,1.1927081595235756,0.8412118353780049,1.6910755340893175,2739.4299622676626,False,0.040254442622509747,0.04396530465377296,0.03742806583114229,0.18295927928504507,0.2045704704205272,0.8379077286421269,1.0381373168507793,0.7252984007480643,1.4859112987517662,2737.856864440736,False,0.008504833261316196,0.009300969107268686,0.08498796066145867,0.1778166171253017,0.4779528597238489,0.6326837573471575,1.0887039593439591,0.7683325675476872,1.542660510765929,2926.722672017987,False,0.021034910099560038,0.021236416440697736,147,0.7465337651916201,False,False,0.982130324906701,False,False,0.8889320174913468,False,False,2737.856864440736,1.5730978269266416,-188.86580757725096,0.1545708426727963,1.1065164785727712,0.13969140601698757,medium,4.025444262250975,4.396530465377296,0.08050888524501949,0.08793060930754593,0.8504833261316196,0.9300969107268686,0.017009666522632392,0.018601938214537372,2.1034910099560036,2.1236416440697736,0.042069820199120075,0.04247283288139547
10158a5e-5a03-41ab-85d2-0907ccf32c9b,Dack Fayden,-0.052769491995623134,0.19722288694478388,-0.26756271958637795,0.7890359303792691,0.9485986468638858,0.6444704221217227,1.3962462231696342,2740.3397655278914,False,-0.012069888090865238,-0.013189803344408224,-0.010896969137379166,0.2014710181528674,-0.05408703066716536,0.956865825150965,0.98916218775887,0.6664566620108578,1.4681252202352106,2737.8958126849056,False,-0.0024759317956069386,-0.002703112205724667,0.08341355346590967,0.19583432969919448,0.4259393825078299,0.6701520169474582,1.0869912446055332,0.7405058592514769,1.5955984022103864,2926.7698540680744,False,0.02064110086826165,0.020844096478397023,117,0.9374126485600502,False,False,0.9942424259274407,False,False,0.9006490665408559,False,False,2737.8958126849056,2.443952842985709,-188.8740413831688,0.13839259774164736,1.0082506930760964,0.1372601067294306,medium,-1.2069888090865237,-1.3189803344408224,-0.024139776181730476,-0.026379606688816448,-0.24759317956069388,-0.2703112205724667,-0.004951863591213877,-0.005406224411449334,2.064110086826165,2.0844096478397023,0.0412822017365233,0.041688192956794046
e9be371c-c688-44ad-ab71-bd4c9f242d58,Force of Negation,0.06575165956109119,0.20547558542131983,0.3199974314528411,0.7489702776697224,1.0679614662118306,0.7139227699245011,1.5975701313377888,2740.308912830422,False,0.015039446601525728,0.016432868387154298,0.21954706717883737,0.21202327848577496,1.0354856728317556,0.3004421539624955,1.2455124693342778,0.8219969793796893,1.8872348076483716,2736.8267786595084,False,0.0497063416188208,0.054734066439304396,0.0777233820543945,0.20221626013625307,0.3843577267328778,0.7007133278248601,1.0808236420998756,0.727151459788362,1.6065150246167965,2926.803678610486,False,0.019231017526649966,0.019423546820085014,110,0.9374126485600502,False,False,0.8092332095943887,False,False,0.9217437064004871,False,False,2736.8267786595084,3.4821341709134686,-189.97689995097744,0.1775510031224472,1.1314325258819946,0.1569258431774705,medium,1.5039446601525728,1.6432868387154298,0.030078893203051457,0.032865736774308596,4.97063416188208,5.473406643930439,0.0994126832376416,0.10946813287860879,1.9231017526649967,1.9423546820085014,0.03846203505329993,0.03884709364017003
22c26e44-e129-4c4d-b552-3cc8774ce1a4,Mox Poison,0.057985596513581254,0.2400173227146293,0.24158921471898817,0.809098479984629,1.059699732229663,0.6620273855456058,1.6962493501113038,2740.3529419303977,False,0.013264433013449251,0.014492777531770085,0.1277766366491772,0.2424213769887765,0.5270848562793741,0.5981346625723657,1.1362991667598683,0.7065443799149068,1.8274517964953236,2737.620916811986,False,0.028999717383530757,0.031831354279135304,0.07568798915401946,0.23625465410589702,0.32036612967672434,0.748690798169915,1.0786259786451957,0.6788391086466913,1.7138582426809281,2926.848748268557,False,0.01872893923113604,0.01891348072121668,77,0.9374126485600502,False,False,0.9197216625869145,False,False,0.9378749560790772,False,False,2737.620916811986,2.7320251184119115,-189.22783145657104,0.07659943453020523,1.0915416258782422,0.07017545892358817,low,1.326443301344925,1.4492777531770085,0.026528866026898502,0.02898555506354017,2.899971738353076,3.1831354279135304,0.057999434767061514,0.06366270855827061,1.8728939231136041,1.891348072121668,0.03745787846227208,0.03782696144243336
89f5cc05-5d9d-4709-b3c5-a6249c294acc,Hexdrinker,0.07809811630952586,0.15990882325705333,0.4883915391209101,0.6252725337030973,1.0812287396395481,0.7903153963769787,1.4792266388606312,2740.1727592517527,False,0.017860929201246812,0.019517027377395857,0.012542577352077077,0.1714258981414574,0.07316617551991579,0.9416738822459589,1.012621565367701,0.7236465596988962,1.4169934492252618,2737.893384350483,False,0.0028498939715083634,0.0031141349157097764,0.07534961090207214,0.1664670625441216,0.45263975798275974,0.6508081650032512,1.078261056816324,0.7780800783077298,1.4942509634423902,2926.746336260523,False,0.018645080275109284,0.018829920922967536,184,0.9249314460815629,False,False,0.9942424259274407,False,False,0.8973307422642923,False,False,2737.893384350483,2.2793749012698754,-188.85295191004025,0.06860717427184704,1.0573704539411912,0.06488470905927435,medium,1.7860929201246811,1.9517027377395857,0.035721858402493624,0.039034054754791714,0.2849893971508363,0.31141349157097764,0.005699787943016727,0.006228269831419553,1.8645080275109285,1.8829920922967536,0.03729016055021857,0.03765984184593507
05cf51d8-9f91-42ff-99e9-4397f2251c20,Dark Confidant,0.08692117945373776,0.1911576785266451,0.4547093275231525,0.6493183695297876,1.0908106980346728,0.7499506531184518,1.5865950299518645,2740.2043970800523,False,0.019880334017473866,0.021718954464598927,0.1259169673422313,0.2031397070317508,0.6198540363285571,0.5353538890850486,1.1341879897299347,0.7616738308471047,1.688888791960943,2737.514092651737,False,0.028584372718252052,0.031375341985758254,0.07522130954114437,0.1949328787749256,0.385883130715967,0.6995832246040594,1.078122723329676,0.7357630663082513,1.579786564161167,2926.8023713848297,False,0.018616439116291125,0.018796435275589385,128,0.936361909765726,False,False,0.9084793269322036,False,False,0.9217437064004871,False,False,2737.514092651737,2.6903044283153577,-189.28827873309274,0.05606526640025877,1.101040470364761,0.05092025943577265,medium,1.9880334017473866,2.1718954464598927,0.03976066803494773,0.043437908929197855,2.8584372718252054,3.1375341985758256,0.057168745436504104,0.06275068397151651,1.8616439116291124,1.8796435275589385,0.03723287823258225,0.03759287055117877
1453f92e-df2d-4789-aa1b-a5b5c51567d4,Preordain,-0.10041637828602361,0.165948343909001,-0.6051062392107249,0.5451084089030049,0.9044607418080509,0.653328552961794,1.2521253353514588,2740.0451356169906,False,-0.022956215586669344,-0.025087792955000743,0.03481106761380411,0.17168383274348184,0.20276264257110577,0.8393205582748593,1.0354240651791382,0.7395678539149118,1.4496343899709832,2737.8576247302035,False,0.007908934523096127,0.008646608503288078,0.07411373525630303,0.16453776225864666,0.45043602294650914,0.6523960753707228,1.0769292833591253,0.7800632453756766,1.4867726280294793,2926.7484940187073,False,0.018338842366423445,0.018523575485518085,173,0.8479464138491187,False,False,0.982130324906701,False,False,0.8973307422642923,False,False,2737.8576247302035,2.187510886787095,-188.89086928850384,0.17246854155107438,1.0056046967821048,0.1715072951657514,medium,-2.295621558666934,-2.5087792955000743,-0.04591243117333869,-0.050175585910001486,0.7908934523096126,0.8646608503288078,0.015817869046192253,0.017293217006576156,1.8338842366423445,1.8523575485518085,0.03667768473284689,0.03704715097103617
7832abb5-5107-4603-904e-491b221bd3e3,Smuggler's Copter,0.05455019092487205,0.18937622142179894,0.28805195560097296,0.7733069684351551,1.0560654799867306,0.7286023252182746,1.5307037315389982,2740.328278646438,False,0.012480850438321915,0.0136347550779356,0.0010392469039589563,0.19475909721830026,0.0053360634691897975,0.9957424575470534,1.0010397871081416,0.6833906755196317,1.4663364474669756,2737.8987094310824,False,0.0002361374990490405,0.00025790917351337095,0.07292522769252403,0.18529878638104544,0.39355480473877347,0.6939097542942252,1.0756501050673108,0.7480687498894776,1.5466802332035121,2926.796353946891,False,0.01804975306881259,0.01822472589601437,130,0.9374126485600502,False,False,0.998281733290187,False,False,0.9217437064004871,False,False,2737.8987094310824,2.4295692153555137,-188.89764451580868,0.07461031795916928,1.0442517907207278,0.07144858991113082,medium,1.2480850438321915,1.36347550779356,0.02496170087664383,0.0272695101558712,0.023613749904904047,0.025790917351337095,0.000472274998098081,0.0005158183470267419,1.8049753068812588,1.822472589601437,0.03609950613762518,0.03644945179202874
ff84ea71-e477-44f7-a3f8-77fef708efeb,Thieving Skydiver,-0.2972400011992698,0.19153588405561028,-1.5518763111405773,0.12069182205365069,0.7428657023060322,0.5103541747741652,1.0813068236520869,2738.006686305331,False,-0.06752535842688652,-0.0738604413000451,-0.23581633867997626,0.20614207395645973,-1.1439505490266106,0.2526441457298493,0.7899257394149577,0.5273689905449572,1.1831994011355778,2736.590194961032,False,-0.05334906427578868,-0.05773078675605747,0.07263747665889074,0.1977694017359527,0.3672836951586222,0.7134074149037455,1.0753406301657469,0.7297957702638457,1.5844946189085247,2926.8164702058316,False,0.017975068284690563,0.01815219970452575,128,0.582096723909123,False,False,0.80563680895586,False,False,0.9260122736498948,False,False,2736.590194961032,1.4164913442991747,-190.22627524479958,0.33247492785971466,0.869377357295579,0.3824287866134024,low,-6.752535842688652,-7.38604413000451,-0.13505071685377304,-0.1477208826000902,-5.334906427578868,-5.773078675605747,-0.10669812855157736,-0.11546157351211495,1.7975068284690563,1.815219970452575,0.035950136569381126,0.0363043994090515
b83cfbaa-7890-4f6f-878b-4edb45677371,Skyclave Apparition,0.00132938882162868,0.1763935908843056,0.00753649163194716,0.993986806607904,1.0013302728506444,0.7086439609512593,1.4149027869809352,2740.411259041599,False,0.0003041721515943761,0.0003323471663184696,-0.11965484774111479,0.18275672533770737,-0.6547219946079158,0.5126467615570234,0.8872266121448726,0.6201102281522106,1.269405059877276,2737.470889033456,False,-0.02714048660223684,-0.02950559999950464,0.0685536554716695,0.17548910021378133,0.39064338120234954,0.6960608549594578,1.070958086170663,0.7592645732670704,1.510608110423309,2926.7986035063145,False,0.016971030644990476,0.017132153590147026,151,0.993986806607904,False,False,0.9084793269322036,False,False,0.9217437064004871,False,False,2737.470889033456,2.9403700081429633,-189.3277144728586,0.18373147402579026,0.9865049903887266,0.18624485006750136,medium,0.030417215159437613,0.03323471663184696,0.0006083443031887522,0.0006646943326369392,-2.7140486602236837,-2.950559999950464,-0.05428097320447368,-0.05901119999900928,1.6971030644990477,1.7132153590147026,0.03394206128998095,0.03426430718029405
62b3f560-262b-4bc3-9aef-535fd7082c28,Vaultborn Tyrant,-0.021322678474310595,0.230602396747811,-0.09246512080977755,0.9263285020301171,0.9789030426612971,0.6229410570794884,1.5382694013203737,2740.4027657707375,False,-0.004878574491691505,-0.005330491304533558,0.04298512269475414,0.2365525121806412,0.18171492789697763,0.8558064502516349,1.043922363983422,0.6566147557638262,1.6596853671937746,2737.865721132128,False,0.009765503976350438,0.010682721918221394,0.06725142639541393,0.2262012905789029,0.2973078810616046,0.7662314653181492,1.0695643610830239,0.6865315458356122,1.6663005938154756,2926.863016938498,False,0.016642479651850554,0.01680771965844563,88,0.9888159179696749,False,False,0.9892481634296231,False,False,0.9378749560790772,False,False,2737.865721132128,2.5370446386095864,-188.99729580636995,0.09066131842172676,1.0307965892425812,0.08795267598658214,low,-0.4878574491691505,-0.5330491304533558,-0.00975714898338301,-0.010660982609067116,0.9765503976350438,1.0682721918221394,0.019531007952700876,0.021365443836442788,1.6642479651850555,1.680771965844563,0.03328495930370111,0.03361543931689126
24e58478-c6a8-4f86-854a-a489c99bd777,Usher of the Fallen,0.5686351953713156,0.22152956180947853,2.5668592070811633,0.010262427153022939,1.7658553584963834,1.1438928823048593,2.725994011648502,2733.7871140456273,False,0.12726558946414512,0.13892047276268693,0.4118158098156997,0.23019442455985975,1.788991243393956,0.07361622580132081,1.5095563652554218,0.9613994819984457,2.3702534300791775,2734.6843435232986,False,0.0925302318566983,0.1025647840893586,0.06661686991673808,0.2216342922638326,0.3005711311020301,0.7637415480785061,1.0688858773792194,0.6922650732230032,1.6504039609300039,2926.86094479005,False,0.016489660679708758,0.016648315859372487,94,0.174907454086304,True,False,0.613990649236548,False,False,0.9378749560790772,False,False,2733.7871140456273,-0.897229477671317,-192.17660126675128,0.6969694811171641,1.4480992003770083,0.4812995414511037,low,12.726558946414512,13.892047276268693,0.25453117892829025,0.27784094552537386,9.25302318566983,10.256478408935859,0.1850604637133966,0.2051295681787172,1.6489660679708757,1.6648315859372487,0.032979321359417516,0.03329663171874497
ee8e9928-d9b2-4570-adb8-44b34115decd,Tireless Tracker,0.06940034137891996,0.18238336302720148,0.3805190354372908,0.7035601691297746,1.071865235270466,0.7497083234545534,1.5324560854379474,2740.2665170326445,False,0.015873293007525876,0.017344428084415164,0.03018213301648098,0.18619443520559112,0.16210008093504322,0.8712270424625566,1.0306422308385135,0.7155105322369116,1.4845671169464718,2737.8724601454023,False,0.006857451440367363,0.007498081783432142,0.059161485071611314,0.18061152827003046,0.32756206449435266,0.7432428088632526,1.0609465539377632,0.7446528738426821,1.5115869821382233,2926.8440907061713,False,0.014641998174101377,0.014786829072937102,139,0.9374126485600502,False,False,0.9892481634296231,False,False,0.9378749560790772,False,False,2737.8724601454023,2.3940568872421863,-188.97163056076897,0.04122300443195259,1.0544846733489142,0.03909303328329408,medium,1.5873293007525875,1.7344428084415164,0.03174658601505175,0.03468885616883033,0.6857451440367363,0.7498081783432142,0.013714902880734726,0.014996163566864285,1.4641998174101378,1.4786829072937102,0.029283996348202754,0.029573658145874204
5eccf31d-869d-4003-a92b-71b4f4b479ee,Strix Serenade,-0.23068767670170762,0.20363094529909923,-1.1328714128536144,0.2572682565431613,0.7939874080802829,0.5326960237136408,1.1834441710211374,2739.1289725664146,False,-0.05256145888797689,-0.057455843082204694,-0.16852156050512915,0.20972786193539558,-0.8035249057993087,0.42167140733855846,0.8449130464704817,0.5601289970535609,1.274488662167525,2737.252840039641,False,-0.03820939926611832,-0.04145515807409239,0.05692144845745386,0.20022854125638034,0.28428239101322444,0.7761939796320523,1.0585726546146184,0.714961565409457,1.5673235028460422,2926.870567884489,False,0.014088401643469917,0.014226679289266297,112,0.6896918746929498,False,False,0.8745777337392323,False,False,0.9378749560790772,False,False,2737.252840039641,1.8761325267737448,-189.6177278448481,0.26458524653433546,0.8991577030551277,0.2942589999900314,low,-5.256145888797689,-5.74558430822047,-0.10512291777595378,-0.11491168616440939,-3.820939926611832,-4.1455158074092395,-0.07641879853223664,-0.08291031614818478,1.4088401643469917,1.4226679289266297,0.028176803286939833,0.028453358578532595
6f11029a-b24d-4248-834f-b852b56857f6,Biogenic Ooze,0.1991228906651568,0.22721557496397496,0.8763610975908132,0.38083375995751567,1.2203319240873163,0.781750505307691,1.9049683944374423,2739.6451816797276,False,0.04541394680997231,0.049636674624363,0.12407158178086151,0.24295884229832335,0.5106691347685836,0.6095827568591593,1.1320969056114512,0.7031902842954004,1.8226125023602036,2737.6380349677333,False,0.02815425302214968,0.030914262245238966,0.056084947888726436,0.23591575339014312,0.23773294950751578,0.8120882261805155,1.0576875282429632,0.6661036907418003,1.679472615074202,2926.894883591967,False,0.013879838429545084,0.014017543937442145,87,0.7882371007995955,False,False,0.9197216625869145,False,False,0.9412929855398815,False,False,2737.6380349677333,2.00714671199421,-189.2568486242335,0.16264439584435308,1.1367054526472435,0.143084028906147,low,4.5413946809972305,4.9636674624363,0.09082789361994462,0.099273349248726,2.815425302214968,3.0914262245238966,0.05630850604429936,0.06182852449047793,1.3879838429545084,1.4017543937442145,0.027759676859090168,0.02803508787488429
2b9b0195-beda-403e-bc27-7ae3be9f318c,Temple Garden,0.06240319610416216,0.20380186838408373,0.3061954073284426,0.7594558690084767,1.064391416694663,0.7138742404862817,1.5870149442029675,2740.3175320090468,False,0.014274903696795162,0.015596497040287705,0.0004558391984034792,0.21167073505597722,0.002153529623653126,0.998281733290187,1.000455943108879,0.6607241810284858,1.5148712925018923,2737.898733267185,False,0.00010357540873523366,0.00011312301948857018,0.05589632221732938,0.20573317505243674,0.2716932852617604,0.7858578647364387,1.0574880400377098,0.7065645600738694,1.5827017345815984,2926.877550169561,False,0.013835225619875425,0.013970408121437461,109,0.9374126485600502,False,False,0.998281733290187,False,False,0.9378749560790772,False,False,2737.898733267185,2.4187987418617922,-188.9788169023759,0.063935473585784,1.0407784666137505,0.061430434657053175,medium,1.4274903696795163,1.5596497040287705,0.028549807393590323,0.03119299408057541,0.010357540873523367,0.011312301948857018,0.00020715081747046732,0.00022624603897714035,1.3835225619875424,1.397040812143746,0.02767045123975085,0.027940816242874922
995486ce-58bb-4753-a812-0ca73ef1a235,Gitaxian Probe,-0.005582738615088168,0.17294702240590615,-0.03228005048844089,0.9742487183173559,0.9944328159110548,0.7085328165817248,1.395696292701958,2740.4102738587644,False,-0.0012773428900190661,-0.0013956817836173752,0.08951942148611244,0.176670656006321,0.5067022645962755,0.6123637413680367,1.0936485733866732,0.7735576624612873,1.546190103353236,2737.6418896440355,False,0.02032912894859697,0.022272224781649808,0.05398287735156056,0.16813913235627814,0.3210607584031873,0.7481643475335842,1.0554665296180294,0.7591394255599176,1.467463759140513,2926.84829729374,False,0.013361604152095734,0.013493400865072835,159,0.993986806607904,False,False,0.9197216625869145,False,False,0.9378749560790772,False,False,2737.6418896440355,2.7683842147289397,-189.2064076497045,0.0992157574756184,1.0478493063052525,0.09468513924531388,medium,-0.12773428900190661,-0.13956817836173752,-0.0025546857800381323,-0.0027913635672347503,2.032912894859697,2.2272224781649808,0.04065825789719394,0.044544449563299615,1.3361604152095734,1.3493400865072835,0.02672320830419147,0.02698680173014567
a8069994-b103-40dc-9e14-062004914ec8,Cathar Commando,0.2320137777826794,0.1830497213783222,1.2674904721824711,0.20497996829612009,1.261137104381584,0.8809418355929151,1.8054163530302856,2738.7997782900648,False,0.05290926413787896,0.05779283530870161,0.11887375130739936,0.19067928908703544,0.6234224591278998,0.533006942937051,1.1262277245348609,0.7750268110660926,1.636574205434559,2737.5097518445195,False,0.026991567589197178,0.029615645607594943,0.05324367387040383,0.18050079507557454,0.29497750327421574,0.7680110652627234,1.0546866133790045,0.7404198532074444,1.502342012605679,2926.864317784327,False,0.013181115488898387,0.013307783016205887,142,0.6486701736975794,False,False,0.9084793269322036,False,False,0.9378749560790772,False,False,2737.5097518445195,1.2900264455452088,-189.35456593980734,0.2064504910025795,1.1473504807651498,0.17993672767269941,medium,5.290926413787896,5.779283530870161,0.10581852827575793,0.11558567061740321,2.6991567589197176,2.961564560759494,0.053983135178394356,0.059231291215189885,1.3181115488898387,1.3307783016205887,0.026362230977796774,0.026615566032411775
16c8d2fa-54a7-46e8-980c-905258497c90,Arid Mesa,0.025942688063801286,0.16267593409210987,0.15947465252673512,0.8732949270882773,1.0262821285720425,0.7460951479394109,1.4116899303463841,2740.3858768315013,False,0.005936173067974971,0.006485394094535635,-0.041658960767683724,0.16464199667285373,-0.253027548314181,0.8002469252297354,0.959196848554679,0.6946429723592982,1.3245057258008726,2737.8347515815194,False,-0.009462658186029873,-0.010320327244577154,0.052868298552325395,0.157994683924179,0.33462074317447715,0.7379111953342942,1.0542907843529055,0.7735219112680061,1.436971651067228,2926.83935079987,False,0.0130883831094499,0.01321463629638514,183,0.9763649910213398,False,False,0.9813912231725166,False,False,0.9378749560790772,False,False,2737.8347515815194,2.551125249981851,-189.00459921835045,0.09509393579822645,1.0132565871598755,0.09384980764326593,medium,0.593617306797497,0.6485394094535635,0.011872346135949941,0.01297078818907127,-0.9462658186029873,-1.0320327244577154,-0.018925316372059745,-0.02064065448915431,1.3088383109449901,1.321463629638514,0.0261767662188998,0.02642927259277028
3a9d1082-a862-45d4-9e5e-392e879fead6,Zuran Orb,0.03687073982196739,0.2461261901062615,0.14980421143336664,0.8809190866123262,1.0375588971221548,0.6404805065888609,1.6808137857791048,2740.3888802440274,False,0.008435133319457245,0.009216748167760469,0.015566871449560909,0.25376707109961644,0.061343149771587675,0.9510859269379026,1.01568866636081,0.6176603377523905,1.670211609713818,2737.894974978891,False,0.00353698028155344,0.003865396886458927,0.0514201296223561,0.2421273968871312,0.21236807682001319,0.83181988875945,1.0527650981881411,0.6549806614566399,1.692132939464591,2926.9063030106736,False,0.01272666571204916,0.012852505263628966,75,0.9782444247932914,False,False,0.9942424259274407,False,False,0.9471688353536661,False,False,2737.894974978891,2.4939052651366183,-189.0113280317828,0.03707643182733111,1.0353375538903686,0.03581096009510452,low,0.8435133319457244,0.9216748167760469,0.01687026663891449,0.018433496335520938,0.353698028155344,0.3865396886458927,0.00707396056310688,0.007730793772917854,1.272666571204916,1.2852505263628966,0.02545333142409832,0.025705010527257932
52eef0d6-24b7-40b7-8403-e8e863d0cd55,"Bristly Bill, Spine Sower",0.23684633057352705,0.17035477595791476,1.390312242446544,0.16443408188861308,1.267246365789723,0.9075115094772589,1.769579046476548,2738.47961812405,False,0.05393243852767142,0.058995886456315816,0.22144388008090293,0.19126615960411225,1.157778671037539,0.2469543696004416,1.2478772154872915,0.8577541210701358,1.8154358069297911,2736.5557973732402,False,0.05010985162885577,0.055244542795437834,0.04935710539401235,0.18399302018665672,0.26825531394582625,0.7885028002730614,1.0505954570644387,0.7325166454598503,1.5067928097545653,2926.8794245435006,False,0.012215852180719048,0.012336939347897313,162,0.6236970515566691,False,False,0.80563680895586,False,False,0.9378749560790772,False,False,2736.5557973732402,1.923820750809682,-190.32362717026035,0.21665090872528436,1.1885730127804843,0.1822781658305221,medium,5.393243852767142,5.899588645631582,0.10786487705534284,0.11799177291263163,5.010985162885577,5.524454279543783,0.10021970325771154,0.11048908559087567,1.221585218071905,1.2336939347897313,0.024431704361438097,0.024673878695794627
985bdb0c-ce6c-4506-8163-76f3b2fdf5fb,Lose Focus,-0.20727359052252983,0.16883866997071723,-1.227642876827202,0.219581058706812,0.8127972459419107,0.5837996712605537,1.1316199640611089,2738.9042048685856,False,-0.047257412188420785,-0.05167424217774014,-0.1100281332058859,0.17604980447497082,-0.624982990092038,0.5319822221324875,0.8958089329648732,0.6343935663821775,1.2649460633026515,2737.5080605760627,False,-0.024976797979454905,-0.02717026825148461,0.048622610766211216,0.16972757684182793,0.2864744296180194,0.7745147753736014,1.0498240836647201,0.7527339453509864,1.4641701937974452,2926.8693389879218,False,0.01203460806451552,0.012153858030838516,166,0.657508648124563,False,False,0.9084793269322036,False,False,0.9378749560790772,False,False,2737.5080605760627,1.3961442925228766,-189.36127841185908,0.2370268377228094,0.9194767541905012,0.25778448083930694,low,-4.725741218842079,-5.1674242177740135,-0.09451482437684157,-0.10334848435548027,-2.4976797979454903,-2.717026825148461,-0.04995359595890981,-0.05434053650296922,1.203460806451552,1.2153858030838516,0.02406921612903104,0.02430771606167703
0055ea30-20fb-4324-a632-8fed87628f05,"Boseiju, Who Endures",-0.016895258806378304,0.1768017600258945,-0.0955604672934467,0.9238696639866425,0.9832466656710241,0.695289684202475,1.3904621735645553,2740.40218341086,False,-0.003865701738628194,-0.0042237342455686555,-0.07692939826340676,0.18986010173398024,-0.40518991384085157,0.6853379183448143,0.9259552253457061,0.6382308688696928,1.3433901761340075,2737.734602609498,False,-0.017474157266114537,-0.019021420357763164,0.047823820193441086,0.18398606329865477,0.2599317542645131,0.7949164165538734,1.0489858289231861,0.7314043221442252,1.5044637226859072,2926.8838271217846,False,0.01183626993869986,0.011953653323681923,147,0.9888159179696749,False,False,0.9425636711937635,False,False,0.9378749560790772,False,False,2737.734602609498,2.6675808013619644,-189.14922451228676,0.12303060357748008,0.9860625733133054,0.12476957031649664,medium,-0.3865701738628194,-0.42237342455686555,-0.007731403477256388,-0.008447468491137311,-1.7474157266114538,-1.9021420357763164,-0.034948314532229074,-0.03804284071552633,1.1836269938699862,1.1953653323681923,0.02367253987739972,0.023907306647363846
493a5ca7-5f90-4af4-b6db-43ae09a2f2c9,Dark Ritual,-0.11490220224458594,0.17553351076848597,-0.6545884130132413,0.5127327862528834,0.8914533217777881,0.6319481790628284,1.2575224539568528,2739.9825497249517,False,-0.02626745528257272,-0.028700369741969156,0.039363143806446066,0.18390080889093754,0.21404551749302198,0.8305115618021011,1.0401481384287674,0.7253634483874407,1.4915393824737464,2737.852931247971,False,0.0089422548306939,0.00977799797039669,0.04769866583934483,0.17685101638001166,0.26971100769277745,0.7873825913749728,1.048854551994422,0.7416118200598507,1.4833850290447612,2926.8786744652443,False,0.011804985601135028,0.011923399765815301,152,0.8339885983864328,False,False,0.982130324906701,False,False,0.9378749560790772,False,False,2737.852931247971,2.129618476980795,-189.02574321727343,0.15740123021663377,0.9934853374003257,0.15843337016780631,medium,-2.6267455282572723,-2.870036974196916,-0.05253491056514544,-0.05740073948393831,0.8942254830693899,0.977799797039669,0.0178845096613878,0.01955599594079338,1.1804985601135027,1.1923399765815301,0.023609971202270055,0.023846799531630603
b256ddc8-8b12-434c-a610-1a872e948f2f,White Plume Adventurer,0.008331909452046874,0.17937790461648775,0.046448917272506905,0.9629524482150048,1.0083667164119274,0.7094616871729831,1.4332041506273083,2740.4091581783578,False,0.001906412025139153,0.0020829676481964876,-0.06161167911911256,0.18417293833724827,-0.33453166179220284,0.737978403072241,0.9402479338147224,0.6553468521363733,1.3490049950814231,2737.7868946739018,False,-0.013992923550467953,-0.015244251609935366,0.04694400331462658,0.1765638197715951,0.2658755535270695,0.7903350531197804,1.0480633193645104,0.7414696243083131,1.4814318555828132,2926.88067045783,False,0.011621140138570763,0.011733849054800016,147,0.993986806607904,False,False,0.9685604714091975,False,False,0.9378749560790772,False,False,2737.7868946739018,2.6222635044559865,-189.09377578392832,0.10781538554978798,0.9988926565303867,0.10793490656371463,medium,0.1906412025139153,0.20829676481964876,0.003812824050278306,0.004165935296392975,-1.3992923550467953,-1.5244251609935366,-0.027985847100935907,-0.030488503219870733,1.1621140138570762,1.1733849054800016,0.023242280277141526,0.023467698109600033
cb94a02f-4660-45b6-8a39-941b710cf8f3,Collective Brutality,0.0615810684434227,0.17599964116542516,0.34989314771125907,0.7264188897279157,1.0635167106784176,0.7532348392871347,1.5016137529733615,2740.2888517433134,False,0.014087169879304466,0.015391381478942923,0.09901199420727999,0.17786423784649494,0.5566717368599523,0.5777517306826985,1.104079542038346,0.7791108760575169,1.564593272418409,2737.5886957124303,False,0.022483234502825272,0.024640584626000328,0.04567902001143282,0.16989672289156119,0.2688634555981875,0.7880347599759406,1.0467383749577799,0.7502726862566661,1.4603506773994854,2926.879090053303,False,0.0113073030734262,0.01141828069514278,154,0.9374126485600502,False,False,0.9197216625869145,False,False,0.9378749560790772,False,False,2737.5886957124303,2.700156030883136,-189.2903943408728,0.057341167080566136,1.0714448758915145,0.05351760820439261,medium,1.4087169879304466,1.5391381478942923,0.028174339758608932,0.030782762957885845,2.2483234502825273,2.4640584626000326,0.044966469005650544,0.049281169252000656,1.13073030734262,1.141828069514278,0.0226146061468524,0.02283656139028556
005dae9a-dddc-4a11-95bb-cce319edcce4,Skullclamp,0.04694421054201796,0.1796847535816525,0.26125873011638423,0.7938929901711993,1.0480635365519606,0.7369480288245095,1.490521900712452,2740.3430551251276,False,0.01073943994732538,0.011734313365650617,-0.007519021274568672,0.18323980728511027,-0.041033776371907665,0.9672689688781627,0.9925091758500422,0.6930389728093542,1.421383937693084,2737.897054127908,False,-0.0017084523535183752,-0.0018653252955270205,0.0437260556717991,0.17706096596583104,0.2469548013210167,0.8049432041129798,1.044696127106281,0.7383676279040315,1.4781119279144705,2926.890395831496,False,0.010823615824447434,0.010929908754786666,144,0.9374126485600502,False,False,0.9942424259274407,False,False,0.9412929855398815,False,False,2737.897054127908,2.446000997219471,-188.9933417035877,0.05555436070191844,1.0284229465027612,0.05401898206456372,medium,1.073943994732538,1.1734313365650617,0.02147887989465076,0.023468626731301234,-0.17084523535183752,-0.18653252955270205,-0.0034169047070367504,-0.003730650591054041,1.0823615824447435,1.0929908754786666,0.021647231648894868,0.02185981750957333
69af2825-18c2-4463-b6ba-42eaa070ccc1,"Grist, the Hunger Tide",-0.15565785048753547,0.2071065544803747,-0.7515834101826339,0.4523016230309712,0.8558519696151701,0.5703034466473074,1.2843734299700895,2739.8457094772284,False,-0.035560518665552925,-0.038847465101948864,-0.15347203880873003,0.2194008398868995,-0.6995052475088264,0.484236334766007,0.8577247468692385,0.5579434393072669,1.3185776363018475,2737.409579971044,False,-0.034822914884363496,-0.03776149835970899,0.042246281301503846,0.21235155572681352,0.19894500493254183,0.8423057642486993,1.0431513557910286,0.6880025271151522,1.5816290030959919,2926.9118168914383,False,0.010456085536438488,0.010560037841355674,107,0.809599252183291,False,False,0.9084793269322036,False,False,0.9471688353536661,False,False,2737.409579971044,2.436129506184443,-189.50223692039435,0.1872993861758585,0.9189093574251457,0.20382792346427478,low,-3.5560518665552925,-3.884746510194886,-0.07112103733110585,-0.07769493020389773,-3.4822914884363496,-3.776149835970899,-0.06964582976872699,-0.07552299671941798,1.0456085536438489,1.0560037841355674,0.020912171072876976,0.021120075682711348
3c02b8ee-84cb-44cb-ba14-9e725a9d03ee,Ponder,-0.13456982035388546,0.17054982111448375,-0.7890352477329996,0.43009140561840997,0.8740918473438654,0.6257230175734461,1.2210459518589312,2739.7892260738868,False,-0.030736992058165373,-0.03360267435914249,-0.046986229017637646,0.17651527185366303,-0.26618789708230334,0.790094503611327,0.9541005364015624,0.6750583402457115,1.348487648090401,2737.8278925890054,False,-0.01067361256463287,-0.01164004943466418,0.04156177398671677,0.17128849163484658,0.24264195212436282,0.8082827790962229,1.0424375553862297,0.7451545223065341,1.4583231052747918,2926.892509597088,False,0.010288412308573176,0.010389328035329604,160,0.8001702702994058,False,False,0.9801172323279753,False,False,0.9412929855398815,False,False,2737.8278925890054,1.9613334848813793,-189.06461700808268,0.16834570804236437,0.9568766463772193,0.17593250778951422,medium,-3.073699205816537,-3.360267435914249,-0.061473984116330746,-0.06720534871828499,-1.067361256463287,-1.164004943466418,-0.02134722512926574,-0.02328009886932836,1.0288412308573176,1.0389328035329604,0.020576824617146352,0.020778656070659207
94c6fdd8-21e7-48ae-aa05-a3666b928c1a,Timetwister,0.08230828149530311,0.1782525424139766,0.46175095390308113,0.6442599264329378,1.0857904873544821,0.7656220015220397,1.5398473137994664,2740.1981080698124,False,0.0188222960380182,0.02056773742116913,0.19234615516634104,0.18364790105534878,1.0473637545597145,0.29493184189845034,1.212090015575868,0.8456888886674848,1.7372372104517098,2736.802290196634,False,0.04357660451558768,0.04793368046385171,0.04038276115386678,0.1753170323100456,0.2303413457424402,0.8178265349761737,1.0412092323775677,0.7384228712749671,1.4681515263963032,2926.8983393720073,False,0.009996065527926147,0.010094672860095466,149,0.936361909765726,False,False,0.8092332095943887,False,False,0.9429058873842945,False,False,2736.802290196634,3.3958178731782027,-190.09604917537308,0.17088078319830036,1.1130299117693059,0.15352757494779554,medium,1.8822296038018198,2.056773742116913,0.0376445920760364,0.04113547484233826,4.357660451558768,4.793368046385171,0.08715320903117536,0.09586736092770343,0.9996065527926148,1.0094672860095466,0.019992131055852295,0.020189345720190932
2b5315a4-6a78-456f-8d5a-fea9d62f3f0e,Strip Mine,0.09440928466660414,0.16721675750811688,0.564592245858023,0.5723511406585712,1.0990094616011152,0.7918878030255998,1.5252435914203963,2740.092509698223,False,0.021586757152312785,0.023588708536144365,0.05040014380873211,0.1724232772276169,0.29230475501401476,0.7700536235263324,1.051691840169936,0.7500994512639076,1.4745454416962138,2737.8132901980025,False,0.011449754770133328,0.01252722101472753,0.03702865019412905,0.16786685984533206,0.22058344469090704,0.8254167927790077,1.0377227513705412,0.7467757086428821,1.4420240190579345,2926.902732441522,False,0.009166183493832076,0.00925638422395253,164,0.879849596620235,False,False,0.9695332822545241,False,False,0.9471688353536661,False,False,2737.8132901980025,2.279219500220279,-189.08944224351944,0.06128671023057408,1.0628080177138644,0.05766489263263543,medium,2.1586757152312783,2.3588708536144365,0.04317351430462557,0.04717741707228873,1.144975477013333,1.252722101472753,0.022899509540266656,0.02505444202945506,0.9166183493832075,0.925638422395253,0.01833236698766415,0.01851276844790506
c7bbb911-9de2-455d-9677-e1004db65dbd,"Chandra, Torch of Defiance",0.15213821674252265,0.17317607261107276,0.878517536797373,0.3796629250728061,1.1643211539882603,0.8292058150717398,1.6348700467172546,2739.637910467477,False,0.03476992362723589,0.037976581698365486,-0.06149089202199392,0.18632754133067564,-0.3300150454562484,0.7413885937798166,0.9403615104923801,0.6526639721572619,1.3548775604890293,2737.789896751863,False,-0.013964079428935577,-0.01521771248508369,0.03685464222551309,0.17898329107124994,0.20591107697780536,0.8368603726829061,1.0375421950521633,0.7305536495373223,1.473531488338237,2926.9089789448453,False,0.009124712580383795,0.00921280546849379,160,0.7882371007995955,False,False,0.9685604714091975,False,False,0.9471688353536661,False,False,2737.789896751863,1.848013715613888,-189.1190821929822,0.22395964349588016,1.0474082865109346,0.21382267677289574,low,3.476992362723589,3.7976581698365486,0.06953984725447178,0.07595316339673097,-1.3964079428935576,-1.521771248508369,-0.027928158857871154,-0.03043542497016738,0.9124712580383795,0.921280546849379,0.01824942516076759,0.01842561093698758
33672990-4860-4aa6-ac1b-f9da66f5da59,Wurmcoil Engine,-0.1127171801557955,0.21044775517829653,-0.5356064742068583,0.5922305533415535,0.893403296570178,0.5914401522532571,1.349535447131229,2740.1245152434385,False,-0.025764942212334472,-0.028153688295128876,-0.037167352011338466,0.21220107675917252,-0.17515157123127975,0.8609605365510837,0.9635148757034633,0.6356663485731144,1.4604531414723458,2737.868059879963,False,-0.008444350592140826,-0.009210227726364872,0.0355254191216923,0.20604501067002517,0.17241581830188152,0.8631106371919354,1.036163986171776,0.6918938010782842,1.5517349693929519,2926.9216682915585,False,0.008793910419700002,0.008880593066587505,102,0.903324423773887,False,False,0.9892481634296231,False,False,0.9508955139552177,False,False,2737.868059879963,2.256455363475652,-189.05360841159563,0.14276068960159793,0.9643607194818058,0.14803660779372022,medium,-2.5764942212334474,-2.8153688295128876,-0.051529884424668944,-0.05630737659025775,-0.8444350592140826,-0.9210227726364872,-0.01688870118428165,-0.018420455452729745,0.8793910419700003,0.8880593066587505,0.017587820839400005,0.01776118613317501
e6d7fba8-a157-4d81-9d6b-bd210a96b248,Gleemox,-0.17337359618852066,0.24501051922211775,-0.7076169494230833,0.4791831643417591,0.8408234277309043,0.5201728005474595,1.359133034016921,2739.9103149497155,False,-0.03958721374237259,-0.04324638040698314,-0.1536467777307207,0.24686043056051987,-0.6224034260243783,0.5336766282184945,0.8575748820655943,0.5286158874082751,1.3912458854680747,2737.511461137534,False,-0.03485788452567185,-0.03783095005336118,0.03478539389116459,0.23776659136311032,0.14630059543580426,0.8836840958263474,1.0353974823301164,0.6497048311320155,1.6500538322112477,2926.9299956628065,False,0.008610528705329062,0.0086955681845155,76,0.8314108026455493,False,False,0.9084793269322036,False,False,0.9508955139552177,False,False,2737.511461137534,2.398853812181642,-189.41853452527266,0.19457405459921207,0.9112652640422051,0.2135207631377469,low,-3.958721374237259,-4.324638040698314,-0.07917442748474518,-0.08649276081396629,-3.4857884525671854,-3.7830950053361176,-0.0697157690513437,-0.07566190010672236,0.8610528705329061,0.8695568184515501,0.017221057410658124,0.017391136369031
1716b4dd-9045-462b-b053-72de450a8cde,Blood Crypt,-0.1352211493385433,0.1792637376294394,-0.7543140131221762,0.4506606898818142,0.8735227113559401,0.6147263465924213,1.241270902873061,2739.842467726524,False,-0.030891851900064726,-0.03376385528671155,-0.1644149417531144,0.1821434557171929,-0.9026673020215183,0.36670249531837584,0.8483899164343834,0.5936792343678773,1.2123810445785825,2737.08426735494,False,-0.037276936932081575,-0.040508302233734195,0.034725026459906924,0.17580034271373582,0.19752536271474375,0.843416435821814,1.035334979930351,0.7335616430988404,1.4612521398190796,2926.912376527617,False,0.00859593118190418,0.00868056420527541,145,0.809599252183291,False,False,0.8505762021585995,False,False,0.9471688353536661,False,False,2737.08426735494,2.7582003715838255,-189.82810917267716,0.18694506349596762,0.9190825359068914,0.20340399930622366,low,-3.0891851900064724,-3.3763855286711553,-0.06178370380012945,-0.0675277105734231,-3.7276936932081575,-4.05083022337342,-0.07455387386416315,-0.08101660446746839,0.8595931181904181,0.868056420527541,0.01719186236380836,0.01736112841055082
0ecbe097-ba51-42e5-957c-382eb66c08f0,Robber of the Rich,0.5642183540391771,0.21629119093687757,2.608605332446658,0.009091202748268109,1.758073054814423,1.150604687963381,2.6862578419834193,2733.5596279627366,False,0.12632490211068412,0.13791340885990194,0.39216276745104983,0.22906351967342903,1.712026288647568,0.08689182392517734,1.4801786166965243,0.9447813715527085,2.3189796108330727,2734.951755583531,False,0.08822363918898216,0.09771517944010166,0.03409474734253869,0.21962352558483483,0.15524178136995062,0.8766307107685277,1.034682635514147,0.6727595037180261,1.5913088560146282,2926.9272811665787,False,0.008440939366310976,0.008522831808502329,100,0.174907454086304,True,False,0.6193017268849004,False,False,0.9508955139552177,False,False,2733.5596279627366,-1.3921276207943265,-191.97552558304778,0.723390419300276,1.4243114356750315,0.5078878124414101,low,12.632490211068411,13.791340885990195,0.25264980422136823,0.2758268177198039,8.822363918898215,9.771517944010167,0.1764472783779643,0.19543035888020333,0.8440939366310976,0.8522831808502329,0.016881878732621952,0.017045663617004658
2a717b98-cdac-416d-bf6c-f6b6638e65d1,"Tamiyo, Inquisitive Student // Tamiyo, Seasoned Scholar",-0.13907302257122967,0.1682934695760879,-0.826372068515426,0.40859306293041897,0.8701644844901577,0.6256724904762966,1.210195815851852,2739.728172176446,False,-0.03177333672333503,-0.03472464219604232,-0.017308157836126273,0.17629235715205102,-0.09817871923510614,0.9217903804047335,0.9828407678799344,0.6956969168024556,1.388501158588733,2737.8890979131183,False,-0.003932710953867369,-0.0042925707948193725,0.03390856619284171,0.168980767606342,0.20066523944213097,0.8409603417221316,1.0344900150432021,0.7428257839179373,1.440673727801444,2926.9111327748583,False,0.008393447496577281,0.008476515590257305,168,0.7926616185116572,False,False,0.9942424259274407,False,False,0.9471688353536661,False,False,2737.8890979131183,1.8390742633278023,-189.02203486173994,0.16432553055304444,0.9624984224710981,0.17072810377305198,medium,-3.177333672333503,-3.472464219604232,-0.06354667344667006,-0.06944928439208464,-0.3932710953867369,-0.42925707948193725,-0.007865421907734737,-0.008585141589638745,0.8393447496577281,0.8476515590257305,0.016786894993154562,0.01695303118051461
4e117771-5a8b-4812-b487-32ba34b7f724,Giver of Runes,0.28050960518570967,0.16537904747180016,1.6961616932371144,0.08985526278522528,1.3238042579870755,0.9573049101678098,1.8306160292832052,2737.523577727159,False,0.06385253090696638,0.06977546063864559,0.10613586005979381,0.1786047069487189,0.5942500725373805,0.5523448667051893,1.1119729389545974,0.7835429774279381,1.578067639666955,2737.545530128915,False,0.024105655349832455,0.026431274476767685,0.03378344872348786,0.17095947320733684,0.19761086115722787,0.8433495364065363,1.034360590367261,0.7398579144180597,1.4460909453762447,2926.9123333229018,False,0.00836434206651978,0.008445093921633173,176,0.5336858032092169,False,False,0.9090895122587523,False,False,0.9471688353536661,False,False,2737.523577727159,-0.021952401755697792,-189.36680319398693,0.28944366761981444,1.1567125957696447,0.2502295459376636,low,6.385253090696638,6.977546063864559,0.12770506181393276,0.13955092127729118,2.4105655349832453,2.6431274476767683,0.04821131069966491,0.05286254895353537,0.836434206651978,0.8445093921633173,0.01672868413303956,0.016890187843266347
15faa763-b897-4e86-b094-73f3236291a9,Verdant Catacombs,-0.20124553311845664,0.17258674329293325,-1.1660544099663583,0.2435924475927297,0.8177116316164418,0.5830306331749868,1.1468562275014091,2739.0504477145696,False,-0.04590363737416902,-0.05017774982309475,-0.1181695168310204,0.17509478172096052,-0.6748888554505356,0.49974638154454465,0.8885454164440817,0.6304286532353839,1.2523430732914438,2737.443020972064,False,-0.02682393989343233,-0.029177443033830963,0.033348059495584774,0.1669296565072043,0.1997731271563813,0.8416580190817439,1.0339103389328723,0.7454001674753306,1.4340895475954738,2926.911490786356,False,0.008254744158153473,0.008336443916532266,162,0.6855551015165355,False,False,0.9084793269322036,False,False,0.9471688353536661,False,False,2737.443020972064,1.607426742505595,-189.4684698142919,0.21619870731643054,0.9133891289977987,0.23669945311660437,low,-4.590363737416902,-5.017774982309476,-0.09180727474833804,-0.1003554996461895,-2.682393989343233,-2.9177443033830963,-0.05364787978686466,-0.058354886067661926,0.8254744158153473,0.8336443916532266,0.016509488316306945,0.01667288783306453
8ca3c48b-f104-4292-9a4e-2ce87a65893c,Mutavault,0.2771868365474156,0.22515086359951517,1.2311160264544172,0.2182794722886513,1.3194128625512846,0.8486496361557858,2.0513180324350118,2738.8940636809693,False,0.06308241950273803,0.06891051824506755,0.1327269692001293,0.23280255820562384,0.5701267641693939,0.568591723575216,1.1419381714713033,0.7235641686334974,1.80222134261563,2737.5736873122687,False,0.030122932573111598,0.03307462966927821,0.031994413760004836,0.2235789131359828,0.14310121339817736,0.8862102466530085,1.032511737430645,0.6661634247826969,1.6003287605887484,2926.9309124735732,False,0.007920406725066347,0.007997938987258757,89,0.657508648124563,False,False,0.9160379966359338,False,False,0.9508955139552177,False,False,2737.5736873122687,1.3203763687006358,-189.35722516130454,0.2869011251206397,1.1646209238177443,0.2463472184409576,low,6.308241950273803,6.891051824506755,0.12616483900547606,0.1378210364901351,3.0122932573111596,3.307462966927821,0.060245865146223196,0.06614925933855642,0.7920406725066347,0.7997938987258757,0.015840813450132694,0.015995877974517514
8c39f9b4-02b9-4d44-b8d6-4fd02ebbb0c5,"Narset, Parter of Veils",-0.18861782049667483,0.20998516084396016,-0.8982435698722379,0.36905570969764,0.8281029301921576,0.5487080654918653,1.24976195197372,2739.604380576532,False,-0.04304377782451289,-0.047034840909189024,-0.07521813815058356,0.2176084548563047,-0.34565816020454265,0.7295996314508226,0.9275411321516146,0.6054818390991474,1.4209056263572257,2737.7792301564077,False,-0.01708479727498174,-0.018615770116662878,0.029977659867790413,0.208645800373842,0.1436772741846604,0.8857553175526545,1.0304315137201308,0.6845674439509769,1.5510365178037837,2926.93075323248,False,0.007420771585570289,0.007494025317376918,105,0.7882371007995955,False,False,0.9662265389483868,False,False,0.9508955139552177,False,False,2737.7792301564077,1.8251504201243733,-189.1515230760724,0.20232858352797312,0.9286918586879676,0.21786406506655268,low,-4.304377782451288,-4.703484090918902,-0.08608755564902577,-0.09406968181837805,-1.708479727498174,-1.8615770116662878,-0.03416959454996348,-0.037231540233325755,0.7420771585570289,0.7494025317376918,0.014841543171140578,0.014988050634753836
30377bf0-d9b1-4c14-8dde-f74b1e02d604,Gilded Goose,-0.05562625189721322,0.16576867203054435,-0.33556552764664477,0.7371985230115803,0.9458925953968415,0.6834971113581135,1.3090220677725648,2740.298687479291,False,-0.012725229369957684,-0.01390379051416607,-0.07529592348624956,0.17412386348614745,-0.4324273650879552,0.6654308327179506,0.9274689858593044,0.6592986266424675,1.304717900159324,2737.7117436035796,False,-0.017102802182402777,-0.01861911588071119,0.02876792910647355,0.16788128260797913,0.17135876411934356,0.8639416766089573,1.0291857227083372,0.7406112762373823,1.4302013563822347,2926.922031537279,False,0.007121147252352424,0.007191512647772347,171,0.9374126485600502,False,False,0.9316031658051308,False,False,0.9508955139552177,False,False,2737.7117436035796,2.586943875711313,-189.21028793369942,0.10171673684903282,0.9675157679881611,0.1051318647349192,medium,-1.2725229369957685,-1.390379051416607,-0.025450458739915367,-0.02780758102833214,-1.7102802182402776,-1.861911588071119,-0.034205604364805554,-0.03723823176142238,0.7121147252352424,0.7191512647772347,0.014242294504704848,0.014383025295544694
f1a21287-e244-4960-84fb-c4f6e5c346d9,Third Path Iconoclast,-0.13491639850404927,0.23069813589290514,-0.5848178962602466,0.5586701695984202,0.8737889586986647,0.5559456480286117,1.3733485405472639,2740.069286770526,False,-0.030829517352275303,-0.03368400426333068,-0.003754775139084994,0.23692220592952948,-0.015848135147795393,0.987355546954216,0.9962522652146827,0.626176938310806,1.5850449213649336,2737.898486742142,False,-0.0008531579830062353,-0.0009316529963669384,0.02772544583237194,0.2306874381654848,0.12018619675546856,0.9043356519068053,1.028113372856978,0.6541478171399411,1.615868890412005,2926.9369515486933,False,0.006863355207525079,0.006930994998575579,83,0.8656075355042716,False,False,0.9975344701186925,False,False,0.964139475526038,False,False,2737.898486742142,2.170800028384292,-189.03846480655147,0.15432441415831333,0.9660515322567752,0.15974760041816705,low,-3.0829517352275304,-3.368400426333068,-0.06165903470455061,-0.06736800852666136,-0.08531579830062354,-0.09316529963669384,-0.0017063159660124707,-0.0018633059927338769,0.6863355207525079,0.6930994998575579,0.013726710415050159,0.013861989997151158
f3537373-ef54-4578-9d05-6216420ee349,Esper Sentinel,0.14343991161489028,0.17266656310015577,0.8307335771297395,0.4061241535203838,1.1542374524587615,0.8228457235603694,1.619093419959602,2739.7202852381206,False,0.032779074540165945,0.03581144565639127,0.05398103064617508,0.17772852602300673,0.30372744237572363,0.761335549079005,1.0554645804841047,0.7450031142880355,1.4953031192642596,2737.8064440632515,False,0.012264472625237607,0.01342372391120994,0.027236381913199346,0.1726048623772851,0.15779614512634768,0.8746174363453401,1.0276106826353395,0.7326632116682131,1.4412948517803716,2926.926488805523,False,0.006742964976700333,0.006808701919673366,155,0.7926616185116572,False,False,0.9695332822545241,False,False,0.9508955139552177,False,False,2737.8064440632515,1.9138411748690487,-189.1200447422716,0.12662676982342203,1.0791042385260685,0.11734433551700207,medium,3.2779074540165944,3.581144565639127,0.06555814908033189,0.07162289131278254,1.2264472625237606,1.342372391120994,0.024528945250475213,0.02684744782241988,0.6742964976700333,0.6808701919673366,0.013485929953400666,0.013617403839346731
37dbe1a3-3c44-452b-9fb9-37f5d793d0b5,Memory Jar,0.04101503604567755,0.2345640355513271,0.17485645635859925,0.8611924258553173,1.0418677709991007,0.657881487780293,1.6499756755720507,2740.3807481031145,False,0.009382959862232785,0.010252484488738167,0.1645693303555028,0.24027989228169613,0.6849067926273548,0.4934027393822523,1.178885299255294,0.73610739151228,1.8879997196401737,2737.4304026928808,False,0.037312999841214584,0.04100226338770502,0.026709374587926462,0.23469454976853957,0.1138048353243302,0.9093925054653306,1.0270692669556076,0.64837117677223,1.62695585016004,2926.9384458332465,False,0.006611784563564903,0.006677053655222309,82,0.9696938900785713,False,False,0.9084793269322036,False,False,0.9660755071610015,False,False,2737.4304026928808,2.9503454102336946,-189.50804314036577,0.15181603229968643,1.0826074457366675,0.1402318383247237,low,0.9382959862232785,1.0252484488738167,0.01876591972446557,0.020504968977476334,3.7312999841214585,4.100226338770502,0.07462599968242917,0.08200452677541004,0.6611784563564903,0.6677053655222309,0.013223569127129806,0.013354107310444618
3c3ac3dd-35db-447f-8674-37b4680a1ef7,Leyline Binding,-0.20528062298976787,0.21712320188284168,-0.9454568706136529,0.3444256797512718,0.8144187397193142,0.5321434949396833,1.2464267437510939,2739.5186752974996,False,-0.04681343847461785,-0.051164433632593764,-0.19735571979376526,0.22738572830824913,-0.8679336265388894,0.3854306691437137,0.8208985714990977,0.5256962275266216,1.2818704594092485,2737.1456952576987,False,-0.04471225020249939,-0.04840646107816715,0.026165947484185305,0.2194981561863635,0.11920805139688405,0.905110528044852,1.0265112813045192,0.6676104470559702,1.5783536870822887,2926.937183306899,False,0.00647759754656947,0.006541097068930246,96,0.7585104857443739,False,False,0.8579558660970787,False,False,0.964139475526038,False,False,2737.1456952576987,2.37298003980095,-189.79148804920032,0.21209254158520496,0.8872761975076436,0.2390377902404824,low,-4.681343847461785,-5.116443363259377,-0.0936268769492357,-0.10232886726518753,-4.471225020249939,-4.840646107816715,-0.08942450040499877,-0.0968129221563343,0.647759754656947,0.6541097068930246,0.01295519509313894,0.013082194137860492
224d904a-5972-4152-878a-9a922e7a55b6,"Titania, Protector of Argoth",0.08934917496271663,0.23029352406574963,0.3879795375279729,0.6980311765246061,1.0934623993674266,0.6962641726851349,1.7172505289469662,2740.2608620716665,False,0.02043029237759012,0.02232418867712449,0.050842922227113695,0.2355811094512576,0.21581918153600188,0.8291286959467111,1.0521576097282959,0.6630558511511059,1.6695963602270893,2737.8521662822086,False,0.011549903645051911,0.012640333378497237,0.01896563526912004,0.2226811774933682,0.0851694583377388,0.9321266710486646,1.019146625316122,0.6586984261815687,1.5768366867282237,2926.944141223671,False,0.004695083231052778,0.004741283802865315,87,0.9373483511095011,False,False,0.982130324906701,False,False,0.9769883824895095,False,False,2737.8521662822086,2.408695789457852,-189.09197494146247,0.07431577405130452,1.054922211470615,0.07044668625159059,low,2.0430292377590122,2.232418867712449,0.04086058475518024,0.04464837735424898,1.154990364505191,1.2640333378497237,0.023099807290103823,0.025280666756994474,0.4695083231052778,0.4741283802865315,0.009390166462105555,0.00948256760573063
69c68c95-b788-43b1-9f22-1b22c5a00b25,Deep-Cavern Bat,-0.04571902261441561,0.1639144374909152,-0.278920047033377,0.7803061835182273,0.955310345087371,0.6928156585912773,1.3172592797434817,2740.3335254814724,False,-0.010458411657236752,-0.01142822681039063,-0.011598894710249932,0.16761201350492816,-0.06920085540234203,0.9448297422292048,0.9884681131464228,0.7116860248380288,1.372893630909246,2737.8939491466626,False,-0.002635441736163801,-0.0028771134463118075,0.014876386567465101,0.1613121553733545,0.0922211133626845,0.926522363487154,1.0149875907606776,0.7398591579712387,1.392426921122483,2926.9428896832706,False,0.003682906269308003,0.003719043705869063,177,0.9374126485600502,False,False,0.9942424259274407,False,False,0.9757325364440489,False,False,2737.8939491466626,2.4395763348097717,-189.04894053660792,0.05967724567330657,0.9862553496648238,0.06050891961558203,medium,-1.0458411657236752,-1.142822681039063,-0.020916823314473504,-0.02285645362078126,-0.2635441736163801,-0.28771134463118075,-0.005270883472327602,-0.005754226892623615,0.36829062693080034,0.3719043705869063,0.007365812538616006,0.007438087411738126
32aa6e33-221f-414c-9b51-850d97a7e051,Galvanic Discharge,-0.045599894358376906,0.19602410391220448,-0.23262391434677973,0.8160534557204119,0.9554241563216893,0.6506345652900978,1.4029923511303257,2740.3572383523656,False,-0.010430261053288392,-0.011398319681301783,-0.17651318934891672,0.2028157520036537,-0.8703130186147319,0.38412936631382255,0.8381877239319303,0.5632497951987917,1.2473305210918555,2737.1431675010454,False,-0.03999400326319247,-0.04336030014098485,0.01334356295595409,0.19557235245982482,0.0682282684036087,0.9456039244652492,1.0134329855883113,0.6907493557469683,1.4868583050183264,2926.946738781113,False,0.0033035224206794957,0.0033358414168601636,119,0.9374126485600502,False,False,0.8579558660970787,False,False,0.9797783022359419,False,False,2737.1431675010454,3.21407085132023,-189.80357128006744,0.175245261656381,0.9356816219473103,0.187291550401157,medium,-1.0430261053288392,-1.1398319681301783,-0.020860522106576785,-0.022796639362603566,-3.999400326319247,-4.336030014098485,-0.07998800652638494,-0.0867206002819697,0.33035224206794955,0.33358414168601636,0.0066070448413589914,0.006671682833720327
00cb17a0-5a13-4d02-b7fb-f99531bc8ca5,Dark Depths,-0.059449234669132135,0.23933071768767986,-0.24839784564015635,0.8038266002898173,0.9422833677039953,0.5894664688187998,1.5062738798880175,2740.349634465618,False,-0.013598143076470033,-0.014858408727080608,0.01586053380480199,0.25080882718077313,0.06323754224714882,0.9495773502001438,1.0159869796863181,0.6214344977012081,1.6610431939496757,2737.8947386356494,False,0.0036037740049881775,0.0039380664766941464,0.013051981042955425,0.24053601348005269,0.05426206601714469,0.9567263719373624,1.0131375299365328,0.632295389626411,1.6233672922593523,2926.9484502618047,False,0.003231236817844332,0.003262962499124611,80,0.9374126485600502,False,False,0.9942424259274407,False,False,0.9797783022359419,False,False,2737.8947386356494,2.4548958299683363,-189.0537116261553,0.07370361198232278,0.9904692924422821,0.07441281879682073,low,-1.3598143076470033,-1.4858408727080608,-0.027196286152940067,-0.029716817454161215,0.3603774004988178,0.39380664766941464,0.007207548009976355,0.007876132953388293,0.3231236817844332,0.3262962499124611,0.006462473635688664,0.006525924998249222
652236c2-84ef-45e4-b5fc-ed6170bc3d6c,Meticulous Archive,0.00947778785591921,0.21577126037303315,0.043925163339796354,0.96496405721052,1.009522844319945,0.6613752614300915,1.5409351281149435,2740.409386320586,False,0.0021685632252185995,0.0023694315995805293,0.03090939206736486,0.2197033674751604,0.14068692902879365,0.8881172715106338,1.0313920473514882,0.6705149979629998,1.586496288034701,2737.878942125846,False,0.007022840001254096,0.00767969882670444,0.012658097864995266,0.21435923377862348,0.059050863552104975,0.952911595504971,1.0127385506872963,0.6653207655966035,1.541571261688336,2926.947907518057,False,0.0031337258222790695,0.003164483523043826,96,0.993986806607904,False,False,0.9918574656187135,False,False,0.9797783022359419,False,False,2737.878942125846,2.53044419473963,-189.06896539221088,0.02186920303154305,1.0178844807862433,0.02148495575318198,low,0.21685632252185996,0.23694315995805293,0.004337126450437199,0.004738863199161059,0.7022840001254096,0.767969882670444,0.014045680002508191,0.01535939765340888,0.3133725822279069,0.3164483523043826,0.006267451644558139,0.006328967046087652
4acaef84-55d1-43dc-b10a-696182e6709b,Repeal,0.15315070943250936,0.18566190875404384,0.8248903098125324,0.4094338682631674,1.1655006176438754,0.8099792639335182,1.6770697105645282,2739.7310560140645,False,0.03497563703066573,0.03822652779391622,0.2418524435093645,0.18964992427809577,1.2752572637715418,0.20221819879818392,1.2736062500817371,0.8782171362895447,1.847006637903355,2736.2736062465815,False,0.05469849862703043,0.06032487543358278,0.00799038833783001,0.18227961080792035,0.043835886539444015,0.9650352212449534,1.008022396686974,0.7051973058680421,1.4408863218383983,2926.9494731724935,False,0.0019781488550973153,0.0019975883028616748,134,0.7926616185116572,False,False,0.7438594731644836,False,False,0.9800470071775625,False,False,2736.2736062465815,3.4574497674830127,-190.67586692591203,0.2655838533947632,1.1490430881375289,0.23113480785585258,low,3.497563703066573,3.822652779391622,0.06995127406133146,0.07645305558783244,5.469849862703043,6.032487543358278,0.10939699725406087,0.12064975086716556,0.19781488550973153,0.19975883028616748,0.003956297710194631,0.0039951766057233495
c8090bcf-e17a-4110-a518-77ccd045b18f,Charming Scoundrel,0.017035782919721625,0.18925724404033525,0.09001390148157759,0.928276167889899,1.0171817194058477,0.7019392512376577,1.4740002763332143,2740.403212437349,False,0.003897886241773036,0.004258860643712226,-0.08105908154855515,0.19385797738821406,-0.4181364246168148,0.6758473748779945,0.9221392084227362,0.6306396121571686,1.3483782231849208,2737.723994990687,False,-0.018406419614964527,-0.020045699579949283,0.007511704241031144,0.18462731780873154,0.04068576812025752,0.9675464075962161,1.0075399878663895,0.7016238542863846,1.446839101818012,2926.949739330216,False,0.0018596703036252555,0.0018779183447749093,130,0.9888159179696749,False,False,0.9425636711937635,False,False,0.9800470071775625,False,False,2737.723994990687,2.6792174466618235,-189.22574433952877,0.09504251098311145,0.9822869718983244,0.09675635909070085,medium,0.38978862417730364,0.42588606437122256,0.007795772483546072,0.008517721287424451,-1.8406419614964526,-2.0045699579949283,-0.036812839229929055,-0.040091399159898566,0.18596703036252554,0.18779183447749093,0.003719340607250511,0.0037558366895498185
6efb6a69-562c-4d95-858d-b067444cfd7e,Palantír of Orthanc,-0.047358777292788784,0.20579313408680766,-0.2301280725566476,0.8179922514835021,0.9537451540950483,0.637173480825215,1.427601503097256,2740.3583484240025,False,-0.010834444166807069,-0.01183780719622618,-0.006504206451516482,0.21058683029384734,-0.030886102623040024,0.9753603731367974,0.9935169001139867,0.657536900660508,1.5011717666652162,2737.897783953239,False,-0.0014778846976156012,-0.001613709668956076,0.006650397915686751,0.20311118355229388,0.032742647644384934,0.9738798142071474,1.0066725609155875,0.6760775288639004,1.4989251996043649,2926.9503227032,False,0.0016464056882154426,0.001662594791644767,108,0.9374126485600502,False,False,0.9942424259274407,False,False,0.9813904554478196,False,False,2737.897783953239,2.4605644707635292,-189.05253874996106,0.0529274068205392,0.9846448717082076,0.05375278777283254,medium,-1.083444416680707,-1.183780719622618,-0.021668888333614137,-0.02367561439245236,-0.14778846976156013,-0.1613709668956076,-0.0029557693952312024,-0.003227419337912152,0.16464056882154426,0.1662594791644767,0.0032928113764308852,0.003325189583289534
17260fff-b239-4af4-9306-3236ae3fa5a5,Thundering Falls,-0.05548711621770833,0.1957454314920284,-0.2834657023398679,0.776819869450094,0.9460242119619084,0.6445852695491214,1.388430440311122,2740.330966881125,False,-0.012692470098576618,-0.01386879939932828,0.015566154620481493,0.20139524554596053,0.07729156951189858,0.9383915974006851,1.0156879382858992,0.6844302582080997,1.507271158175181,2737.8927634895504,False,0.003536856344667648,0.003865112066376797,0.00662148147919284,0.19254882663281128,0.034388583898358104,0.9725672868182653,1.0066434519532754,0.6901997581519723,1.468170667103139,2926.9502121740106,False,0.001639262251622269,0.001655365216518212,123,0.9374126485600502,False,False,0.9942424259274407,False,False,0.9813904554478196,False,False,2737.8927634895504,2.4382033915744614,-189.05744868446027,0.06966372632399076,0.9894518674003611,0.07040638217907652,medium,-1.2692470098576618,-1.386879939932828,-0.025384940197153236,-0.02773759879865656,0.35368563446676476,0.3865112066376797,0.007073712689335296,0.007730224132753594,0.1639262251622269,0.1655365216518212,0.003278524503244538,0.003310730433036424
b6cb2549-e485-44d6-9d65-7605c568909e,Unearth,0.17849798325449362,0.20787541105024093,0.8586777163911553,0.3905183478634461,1.1954204724121817,0.7953779866587777,1.796667911146536,2739.6741694578664,False,0.040743322835622965,0.044523421780267525,0.13903893248405932,0.209326212558403,0.6642213165026659,0.506548672169381,1.1491688391302077,0.7624331517877023,1.7320718776871653,2737.457592180359,False,0.031546431314013086,0.0346497998660395,-0.0005892571586413459,0.20106852654035332,-0.0029306285214314,0.9976617000964159,0.9994109164192625,0.6738932461084634,1.482166775859376,2926.9513861632204,False,-0.00014588091037510379,-0.00014731428555087023,107,0.7890886204251075,False,False,0.9084793269322036,False,False,0.9976617000964159,False,False,2737.457592180359,2.21657727750744,-189.49379398286146,0.19600955599291925,1.1146667426538839,0.17584588154684216,medium,4.074332283562296,4.452342178026752,0.08148664567124593,0.08904684356053505,3.1546431314013086,3.46497998660395,0.06309286262802617,0.069299599732079,-0.014588091037510378,-0.014731428555087023,-0.00029176182075020757,-0.00029462857110174046
01e7b0bc-1c6c-48f4-8b72-1a809f536c6c,Birds of Paradise,-0.0533145264372738,0.162659806033039,-0.32776706020690016,0.7430877948257115,0.9480817688010104,0.6892661857211088,1.3040811502924203,2740.3038881630755,False,-0.012195430065558694,-0.013326218521403754,-0.15623844661921685,0.16877512058541183,-0.9257196562934726,0.354591690026115,0.8553552094947763,0.6144438784402048,1.1907231239200182,2737.0421280761357,False,-0.03542863193023447,-0.038447957192890625,-0.002498815018022557,0.16266205952073892,-0.015362002825889252,0.9877433771998214,0.9975043044213829,0.7251937259033334,1.3720676307558404,2926.95115876179,False,-0.000618624384891645,-0.0006247034641002069,179,0.9374126485600502,False,False,0.8417274981732761,False,False,0.9902695750954731,False,False,2737.0421280761357,3.26176008693983,-189.90903068565422,0.14214909492660666,0.9336470942390566,0.15225141898230976,medium,-1.2195430065558694,-1.3326218521403754,-0.024390860131117388,-0.02665243704280751,-3.5428631930234467,-3.8447957192890625,-0.07085726386046894,-0.07689591438578125,-0.061862438489164506,-0.062470346410020694,-0.00123724876978329,-0.0012494069282004139
fc310a26-b6a0-4e42-98ab-bdfd7b06cb63,"Beza, the Bounding Spring",0.09350769285101733,0.20195871654335912,0.4630039963189303,0.6433615025949161,1.0980190502057767,0.7390930950772224,1.6312503020865414,2740.196788667267,False,0.021384114472084735,0.02336250377628285,0.06847628069515564,0.20886783120293886,0.32784503147649935,0.7430288371004761,1.070875224233843,0.7111266977764984,1.6126152336335229,2737.791188274131,False,0.015555258686570383,0.017036378475761838,-0.004229001786955562,0.20198993181641656,-0.020936695947792055,0.9832961538998441,0.9957799278488513,0.6702334006056706,1.4794512834045623,2926.9509564258924,False,-0.0010469536596347132,-0.001057248798333299,112,0.936361909765726,False,False,0.9685604714091975,False,False,0.9883386982788177,False,False,2737.791188274131,2.4056003931359555,-189.15976815176145,0.10223912235692545,1.0548914007628236,0.09691909734309453,medium,2.1384114472084734,2.336250377628285,0.04276822894416947,0.0467250075525657,1.5555258686570383,1.7036378475761838,0.031110517373140766,0.034072756951523675,-0.10469536596347132,-0.1057248798333299,-0.0020939073192694263,-0.002114497596666598
aced2c55-7543-4076-bcdd-36c4d649b8ae,Mox Emerald,0.06433340334493536,0.1633016003614383,0.39395451852612046,0.6936146183629154,1.0664478967920856,0.7743450270291261,1.4687394854664502,2740.2560884682707,False,0.014715703451245815,0.016079100801564716,-0.015900277884562584,0.16489661303851044,-0.09642573968968778,0.9231824500541221,0.9842254642069906,0.7124128860979232,1.3597448660695837,2737.889440486537,False,-0.003612721849363688,-0.003943343709172653,-0.006695802916598419,0.15968104296179572,-0.04193235961140619,0.9665526198369007,0.9933265640223692,0.7263882357373348,1.3583612925544133,2926.949636460683,False,-0.0016576405162917454,-0.0016739453731353104,177,0.9373483511095011,False,False,0.9942424259274407,False,False,0.9800470071775625,False,False,2737.889440486537,2.366647981733877,-189.06019597414615,0.08222243258509498,1.0146666416738153,0.08103393686960984,medium,1.4715703451245816,1.6079100801564716,0.02943140690249163,0.03215820160312943,-0.3612721849363688,-0.3943343709172653,-0.007225443698727376,-0.007886687418345306,-0.16576405162917454,-0.16739453731353104,-0.003315281032583491,-0.003347890746270621
504a69eb-3c2d-4bb1-b117-252b15acf0c2,Mana Confluence,0.16518989742948956,0.1717927770314899,0.9615648590348475,0.3362682306908362,1.1796171036994052,0.842380096521917,1.6518629975773287,2739.486461095201,False,0.03771579818059275,0.04122362725133194,0.24046114479825897,0.17792079161542187,1.3515067160785732,0.17653316998477375,1.2718355154435885,0.897391006905571,1.8025203795182096,2736.0700030312655,False,0.054391474552269094,0.05997024694324593,-0.008528403697695973,0.1696232162283777,-0.05027851662836932,0.9599004433604162,0.9915078599734857,0.7110660846008744,1.3825548112606356,2926.9488668616114,False,-0.0021113247819733957,-0.0021320906706041587,160,0.7505701522779046,False,False,0.7361808790854395,False,False,0.9798983692637583,False,False,2736.0700030312655,3.4164580639353517,-190.87886383034584,0.28032765547010285,1.1476534930388265,0.2442615799720474,low,3.771579818059275,4.122362725133194,0.0754315963611855,0.08244725450266388,5.43914745522691,5.997024694324593,0.10878294910453819,0.11994049388649186,-0.21113247819733957,-0.21320906706041587,-0.004222649563946791,-0.004264181341208317
5ad67b3c-cd5a-497b-8639-9b844e8d517a,Mind Twist,-0.513631667080898,0.2054825960339251,-2.4996358669524383,0.012432101730307532,0.5983187339668856,0.39996527213432365,0.8950409756962893,2734.143312851471,False,-0.11534067371280053,-0.12606594000313703,-0.4140443873266744,0.21130601411870398,-1.959453870982013,0.05005965706015001,0.6609716118519104,0.43683305807925515,1.0001154070048615,2734.044449187988,False,-0.09297878467093268,-0.10014668433293294,-0.010628006299894913,0.19842093107318012,-0.05356292928579783,0.9572833922356269,0.9894282714093245,0.6706331376772459,1.4597672695607085,2926.948525351527,False,-0.0026312129452602394,-0.0026569826164744015,115,0.1932292276650361,True,False,0.5606681590736801,False,False,0.9797783022359419,False,False,2734.044449187988,0.09886366348291631,-192.90407616353923,0.3911095374424389,0.7495728724093734,0.5217765367965951,low,-11.534067371280052,-12.606594000313704,-0.23068134742560106,-0.25213188000627407,-9.297878467093268,-10.014668433293295,-0.18595756934186536,-0.2002933686658659,-0.26312129452602395,-0.26569826164744015,-0.005262425890520479,-0.005313965232948803
0027e5ca-8046-40a0-bd73-79be55f28bff,Remand,-0.21073902906647096,0.17215619700270765,-1.224115267039481,0.22090874750673373,0.8099854219530236,0.5780093839743681,1.135061820735961,2738.9112063358375,False,-0.04806085413107998,-0.0525315486142936,-0.12297252720307503,0.17749811970689824,-0.6928103092367341,0.48842860168229374,0.8842879560905547,0.6244594760035134,1.2522272770866096,2737.418397307981,False,-0.027914814461264825,-0.030377435529106045,-0.010854552360012391,0.1697177954912294,-0.06395647744890327,0.949004881783197,0.9892041457210223,0.7092824657896589,1.379598240627936,2926.947304095931,False,-0.00268725983839036,-0.0027136201574443075,160,0.657508648124563,False,False,0.9084793269322036,False,False,0.9797783022359419,False,False,2737.418397307981,1.4928090278563104,-189.52890678794984,0.17921872376799874,0.8944925079215335,0.20035799314231947,low,-4.806085413107998,-5.25315486142936,-0.09612170826215996,-0.1050630972285872,-2.7914814461264825,-3.0377435529106043,-0.05582962892252965,-0.06075487105821209,-0.268725983839036,-0.27136201574443075,-0.00537451967678072,-0.005427240314888615
45026d57-0324-4312-8b86-2e7d4f581ee9,Marsh Flats,-0.06891657365793824,0.16941630987743203,-0.40678830572922675,0.6841634764708382,0.9334045473571155,0.6696684491995634,1.301008058642028,2740.245865090399,False,-0.015761063913434632,-0.017223808094987803,-0.11083314202800056,0.17314465454371547,-0.6401187626616418,0.5220953918007791,0.8950880890526897,0.6375027648536146,1.2567517057717636,2737.4890519624596,False,-0.02515689688856613,-0.027351439675673106,-0.013192859959090204,0.16597773682363515,-0.07948572026324646,0.9366462892540502,0.9868937843704882,0.7128322040992089,1.3663234293123383,2926.9450769425803,False,-0.003266027425690212,-0.0032981699583925495,170,0.9373483511095011,False,False,0.9084793269322036,False,False,0.9791075877002339,False,False,2737.4890519624596,2.7568131279394947,-189.45602498012067,0.09180569531779859,0.9384621402600978,0.0978256781806396,medium,-1.5761063913434632,-1.7223808094987803,-0.031522127826869265,-0.034447616189975605,-2.5156896888566127,-2.7351439675673106,-0.05031379377713226,-0.05470287935134621,-0.3266027425690212,-0.32981699583925495,-0.006532054851380424,-0.006596339916785099
7f7e780e-fbc5-4dc0-b5c7-efcb8645c7c6,Ertai Resurrected,0.15399991360994705,0.2456586374030351,0.6268858088522655,0.530734090219114,1.1664907860052345,0.7207297664988931,1.8879486002708328,2740.018760917901,False,0.035171203830927436,0.03843190201673058,0.28522716588708596,0.2515785698886222,1.1337498500502667,0.25689949265174106,1.3300641390055494,0.8123152046361073,2.17781300137188,2736.617501719873,False,0.06441953188913332,0.07115502938764395,-0.01331442017150192,0.24022083957134466,-0.05542574988606511,0.9557992819217136,0.9867738246437451,0.6162224467806016,1.5801478607103165,2926.9483223710135,False,-0.003296207516448454,-0.00332856034422252,76,0.841151359346246,False,False,0.80563680895586,False,False,0.9797783022359419,False,False,2736.617501719873,3.4012591980281286,-190.33082065114058,0.34329031436180435,1.1611095832181764,0.29565711912421533,low,3.5171203830927436,3.8431902016730577,0.07034240766185487,0.07686380403346116,6.441953188913333,7.115502938764395,0.12883906377826665,0.1423100587752879,-0.3296207516448454,-0.332856034422252,-0.006592415032896908,-0.00665712068844504
8870ef0b-cb1f-463b-8509-fece4743d3d4,Ramunap Excavator,0.15820186567536365,0.1895053797019862,0.834814641801462,0.40382208061720704,1.1714026368264983,0.8079713503797072,1.6983079126743952,2739.7149823945997,False,0.03611940182711943,0.03948249641777135,0.12029810078733418,0.19878023498937078,0.6051813994171341,0.5450584734592161,1.1278330093805116,0.7639055219803386,1.6651369317906828,2737.5327601072713,False,0.027299066928736227,0.029959436323986954,-0.013693961221358991,0.19106640695420077,-0.07167121337369095,0.9428635656293453,0.986399374534457,0.6782874462608554,1.4344710807278875,2926.9462576234478,False,-0.003390184724309048,-0.00342344739740319,129,0.7926616185116572,False,False,0.9090895122587523,False,False,0.9797783022359419,False,False,2737.5327601072713,2.1822222873283863,-189.41349751617645,0.18500326229204123,1.095211673580489,0.16892009714179237,medium,3.611940182711943,3.948249641777135,0.07223880365423886,0.0789649928355427,2.7299066928736226,2.9959436323986957,0.054598133857472454,0.05991887264797391,-0.3390184724309048,-0.342344739740319,-0.006780369448618096,-0.00684689479480638
4c6cf93a-d073-48ac-88db-c46bf3e10beb,Generous Plunderer,-0.02162928741956102,0.23995056511009832,-0.09014059795873658,0.9281754880103805,0.9786029482400523,0.6114437010649532,1.566233700071089,2740.4031922187064,False,-0.004948567764244347,-0.005407133865784175,-0.2209038261243397,0.24876506912879426,-0.8880017877830354,0.3745397896452861,0.801793788198344,0.49239040964570835,1.3056169783160891,2737.112327220122,False,-0.05000743218899436,-0.054116548954648735,-0.01570341688755758,0.23970122967850507,-0.06551245860782401,0.9477659871115645,0.9844192388858646,0.6153784546303913,1.5747727769745767,2926.947103481744,False,-0.003887484985201827,-0.003925776293488503,79,0.9888159179696749,False,False,0.8554099555234297,False,False,0.9797783022359419,False,False,2737.112327220122,3.2908649985843113,-189.83477626162176,0.18262545068752056,0.921605325108087,0.19816015132736134,low,-0.49485677642443465,-0.5407133865784175,-0.009897135528488693,-0.01081426773156835,-5.000743218899436,-5.411654895464873,-0.10001486437798872,-0.10823309790929747,-0.3887484985201827,-0.3925776293488503,-0.007774969970403654,-0.007851552586977006
9417f14c-a853-42c6-a992-29139484260a,Ignoble Hierarch,-0.009518958276250076,0.17904951904965583,-0.05316383046865478,0.9576013739451238,0.990526203595493,0.697358247303075,1.4069413587689188,2740.4084894587572,False,-0.002177961327136231,-0.002379725089740825,-0.06859644758186705,0.18194334981133342,-0.37702091147051153,0.7061580645917114,0.9337034023253299,0.6536355059701514,1.3337740002663012,2737.7566069057884,False,-0.015580649633950889,-0.016970714274292364,-0.01585046961981629,0.17395546360866523,-0.09111797520469908,0.9273988499085299,0.9842744879903665,0.699910241707324,1.3841721551973123,2926.943092329276,False,-0.003923965047870146,-0.003962545036498233,146,0.993986806607904,False,False,0.9425636711937635,False,False,0.9757325364440489,False,False,2737.7566069057884,2.6518825529688,-189.18648542348774,0.05682280127016315,0.969501364637063,0.05861033655319815,medium,-0.21779613271362308,-0.2379725089740825,-0.004355922654272462,-0.00475945017948165,-1.558064963395089,-1.6970714274292364,-0.031161299267901777,-0.03394142854858473,-0.3923965047870146,-0.3962545036498233,-0.007847930095740292,-0.007925090072996466
564caf57-4ba5-4993-a35e-945699c94eb7,Toxic Deluge,-0.16598190273552665,0.1952025558270441,-0.8503059912934342,0.39515498646012126,0.8470615635478302,0.5777702895907455,1.2418660242089188,2739.6872099968823,False,-0.037910509946495106,-0.041416010521593494,-0.020067232231252185,0.20209948210486053,-0.09929383302842994,0.920904974751332,0.9801327745781626,0.6595600763721655,1.456516684706401,2737.888877190254,False,-0.0045597419598100665,-0.004976706176947898,-0.01782007988310913,0.19340370272692037,-0.09213929015759587,0.9265873721760607,0.9823377587838911,0.6724070872811465,1.4351238863862215,2926.942903824227,False,-0.004411728388612166,-0.004454942441896648,123,0.7903099729202425,False,False,0.9942424259274407,False,False,0.9757325364440489,False,False,2737.888877190254,1.798332806628423,-189.05402663397308,0.13527619523606083,0.9365106989699613,0.1444470366273945,medium,-3.7910509946495106,-4.141601052159349,-0.07582101989299021,-0.08283202104318699,-0.45597419598100664,-0.4976706176947898,-0.009119483919620133,-0.009953412353895796,-0.4411728388612166,-0.44549424418966477,-0.008823456777224332,-0.008909884883793295
f231caf8-56c0-4719-a90d-5e5efbee3148,Den of the Bugbear,0.15886047995121327,0.19918063711207526,0.7975698956210558,0.42512012668543275,1.1721743934429454,0.7933160643969966,1.7319614089596376,2739.7739415939623,False,0.03629445291067372,0.03964489912642083,-0.10070613144848604,0.21863214589545152,-0.4606190504878595,0.6450719413697501,0.9041987094119799,0.5890612344018364,1.3879292310459008,2737.686778420817,False,-0.022859302891478986,-0.024862521274684524,-0.018997832179941283,0.21153708175903652,-0.08980851972602069,0.9284393777898731,0.9811814892654142,0.6481646584075434,1.4852971423069676,2926.9433308161356,False,-0.00470279830732913,-0.0047493181788739736,115,0.8001702702994058,False,False,0.9206718127548238,False,False,0.9757325364440489,False,False,2737.686778420817,2.0871631731452,-189.25655239531852,0.2679756840309655,1.019184864040113,0.2629313812301852,low,3.629445291067372,3.964489912642083,0.07258890582134744,0.07928979825284166,-2.2859302891478985,-2.486252127468452,-0.04571860578295797,-0.04972504254936905,-0.470279830732913,-0.47493181788739736,-0.00940559661465826,-0.009498636357747947
25b0b816-0583-44aa-9dc5-f3ff48993a51,Gaea's Cradle,0.07642586777053781,0.18327930984318508,0.41699124596185055,0.6766848108071922,1.0794221673992626,0.7536693164504044,1.5459727363726303,2740.2375026197196,False,0.017476605305326257,0.01909889784122709,-0.04942138748475078,0.2072164220296312,-0.23850130699430616,0.8114923017627426,0.9517799770135305,0.6340892417054732,1.4286397955709984,2737.8418290510826,False,-0.011228330181343449,-0.012235956096810274,-0.028286974837039233,0.20053757584242435,-0.1410557334116085,0.8878259135398205,0.972109355844622,0.656166557597513,1.4401779377185187,2926.9314956583803,False,-0.007002683661831179,-0.0070712706449020946,139,0.9373483511095011,False,False,0.982130324906701,False,False,0.9508955139552177,False,False,2737.8418290510826,2.395673568636994,-189.08966660729766,0.1276421903857321,1.0011038334191384,0.12750145002420676,medium,1.7476605305326256,1.9098897841227092,0.03495321061065251,0.03819779568245418,-1.1228330181343449,-1.2235956096810274,-0.022456660362686898,-0.02447191219362055,-0.7002683661831179,-0.7071270644902095,-0.014005367323662359,-0.014142541289804189
3028075c-5fc5-4942-a984-1ffcf7a8933d,Knight of Autumn,-0.07767793663213861,0.20329719483516198,-0.38209054824943184,0.7023942023260484,0.9252623716779352,0.621176239056579,1.3782086348687586,2740.2652636281105,False,-0.01776650424165288,-0.01941119590922885,-0.09375010809684559,0.2059286310405097,-0.4552553359052017,0.6489255546316601,0.9105102629567415,0.608127798053794,1.3632478923060511,2737.691511375473,False,-0.02129018046870357,-0.023158588953136328,-0.030398339729214418,0.19743145792011324,-0.1539690789373318,0.8776341162554268,0.9700590435197344,0.6587810817926933,1.4284176852099442,2926.9276857289933,False,-0.00752530998923826,-0.0075990299123713245,113,0.9374126485600502,False,False,0.9206718127548238,False,False,0.9508955139552177,False,False,2737.691511375473,2.573752252637405,-189.23617435352025,0.05954878056299284,0.9352772260514705,0.06366965740670749,medium,-1.776650424165288,-1.941119590922885,-0.03553300848330576,-0.0388223918184577,-2.1290180468703572,-2.3158588953136325,-0.04258036093740714,-0.046317177906272655,-0.752530998923826,-0.7599029912371325,-0.01505061997847652,-0.015198059824742649
0324641d-af55-4c53-b4dc-c8262e967da5,Volcanic Island,-0.2191599221580114,0.19717477040949077,-1.1115008360494705,0.26635283038305946,0.8031932594828497,0.5457346162837188,1.182111951174629,2739.1763146315116,False,-0.049961244550057876,-0.05460675792633751,-0.16750979179833647,0.20404174018076443,-0.820958455117744,0.41166993279859065,0.8457683356553161,0.566979799681736,1.26163944112065,2737.2246951185857,False,-0.03798448050902592,-0.04123488129673081,-0.030575241309755558,0.198057726722202,-0.1543754026453143,0.8773137470002563,0.9698874537194184,0.6578565466169936,1.4299191483610867,2926.9275624796833,False,-0.007568893743261478,-0.007643297475072586,117,0.6896918746929498,False,False,0.8669979999518213,False,False,0.9508955139552177,False,False,2737.2246951185857,1.951619512925845,-189.70286736109756,0.16669419423656873,0.8729496829525281,0.19095510026736986,medium,-4.996124455005788,-5.460675792633751,-0.09992248910011575,-0.10921351585267502,-3.798448050902592,-4.123488129673081,-0.07596896101805184,-0.08246976259346162,-0.7568893743261478,-0.7643297475072586,-0.015137787486522955,-0.015286594950145171
93f99e67-901f-4c8d-8a09-e443b7eb928f,Archangel Elspeth,0.22565237585427236,0.18275158673313224,1.2347492018429755,0.21692385820967142,1.2531399678423016,0.875867255677793,1.792919838964155,2738.8859369982883,False,0.05142807158895932,0.05621951218727339,0.11350525961587934,0.18938713360427267,0.5993293074124577,0.5489533079573472,1.1201977806869214,0.7728320516445937,1.6236943915377045,2737.539418360836,False,0.0257652410586034,0.028274397235369675,-0.031243311560836158,0.18105644067148227,-0.17256117178137598,0.8629963743904523,0.9692397171555479,0.6796930802491882,1.3821321072848873,2926.9216192538884,False,-0.007733988476204931,-0.007810183528980275,143,0.657508648124563,False,False,0.9090895122587523,False,False,0.9508955139552177,False,False,2737.539418360836,1.346518637452391,-189.3822008930524,0.28390025068675373,1.1141924885615901,0.25480359417362947,low,5.142807158895931,5.6219512187273395,0.10285614317791864,0.11243902437454678,2.57652410586034,2.8274397235369673,0.0515304821172068,0.05654879447073935,-0.7733988476204932,-0.7810183528980275,-0.015467976952409862,-0.01562036705796055
1fc6d14a-1328-4032-ad9e-cd85cd365bd3,Endurance,-0.014301987304095915,0.21521363522051762,-0.06645483818644415,0.947015712091524,0.9857998002836079,0.6465396759099374,1.503080603478034,2740.4068984498495,False,-0.0032724521684206016,-0.003575444096017122,0.0523306322492945,0.22367909138056016,0.23395406305661756,0.8150206413758945,1.0537240800871086,0.6797158832608455,1.6335272785281156,2737.84403407227,False,0.011885947860919554,0.013011560708162562,-0.031278431719030525,0.2173271420606227,-0.14392326435832625,0.8855610646412906,0.9692056779010887,0.6330286291359051,1.4839133695389906,2926.9306738309006,False,-0.007743616189726617,-0.007819004069324231,97,0.9918416633418081,False,False,0.982130324906701,False,False,0.9508955139552177,False,False,2737.84403407227,2.5628643775794444,-189.08663975863055,0.08451840218601991,1.0029098527572684,0.08427317964187522,low,-0.32724521684206015,-0.3575444096017122,-0.006544904336841203,-0.007150888192034244,1.1885947860919555,1.3011560708162562,0.023771895721839107,0.026023121416325123,-0.7743616189726618,-0.7819004069324231,-0.015487232379453235,-0.015638008138648463
05bdd22c-3e11-4c29-bdfa-d3dfc0e90a9f,Bitter Triumph,-0.04096463652141152,0.1802692800323528,-0.22724136089110483,0.820236067490044,0.959863073444861,0.6741568868261171,1.3666509054006768,2740.359658134954,False,-0.009372667668638751,-0.010240001822615086,0.0731961533196108,0.184929862633097,0.3958049407349251,0.6922489316882299,1.0759415657268503,0.7488127120193704,1.5459810367492803,2737.74215641825,False,0.016620863849058157,0.018200561299940077,-0.03182724584794778,0.17643110440300644,-0.1803947549704588,0.8568426717083172,0.9686739100654277,0.6854825676152294,1.3688592363564542,2926.9188441206697,False,-0.007879330717355266,-0.007956381062569351,146,0.9374126485600502,False,False,0.9425636711937635,False,False,0.9508955139552177,False,False,2737.74215641825,2.6175017167038277,-189.1766877024197,0.1160784922819893,1.001492849745713,0.11590546284125998,medium,-0.9372667668638751,-1.0240001822615086,-0.018745335337277503,-0.02048000364523017,1.6620863849058156,1.8200561299940077,0.03324172769811631,0.036401122599880154,-0.7879330717355266,-0.7956381062569351,-0.01575866143471053,-0.015912762125138702
6920c895-bc98-4871-a53f-219fa27a74e5,Occult Epiphany,-0.07237881294919253,0.18641779659989688,-0.3882612833609287,0.6978226856484182,0.9301784654150621,0.645482167928257,1.3404428821000167,2740.260474608064,False,-0.01655667990799,-0.018088223396802938,0.06261180437381983,0.19159128347878027,0.32679881483624185,0.7438200558852694,1.0646134807077279,0.7313178406179817,1.5498074850011465,2737.7919942363933,False,0.014219884278506071,0.015564465398043348,-0.03445887202436257,0.18413307497611914,-0.187141131645315,0.8515499794053811,0.9661280737612753,0.6734377608038166,1.3860277953460167,2926.9163612389634,False,-0.008530762309099337,-0.008614178970667574,134,0.9373483511095011,False,False,0.9685604714091975,False,False,0.9508955139552177,False,False,2737.7919942363933,2.468480371670921,-189.12436700257012,0.13443501529266577,0.9869733399613551,0.13620936842927245,medium,-1.655667990799,-1.8088223396802938,-0.03311335981598,-0.036176446793605876,1.4219884278506072,1.5564465398043348,0.028439768557012142,0.031128930796086696,-0.8530762309099337,-0.8614178970667574,-0.017061524618198674,-0.01722835794133515
b3dd3c7d-4685-4579-b483-14ddaaaddf5b,Scythecat Cub,-0.07604091652743802,0.20971139531176958,-0.3625979237532182,0.7169052614742789,0.9267782852344463,0.6144207952176809,1.3979311844056286,2740.279773874915,False,-0.017392438548607062,-0.01900237080537026,-0.20764385000641078,0.21578580753724758,-0.9622683362554723,0.3359148300506576,0.8124963557602876,0.5322808407513909,1.2402293631156263,2736.972876191243,False,-0.047044032294277685,-0.05091456697351521,-0.03651467067788788,0.20715453980202425,-0.1762677791796628,0.8600835741569566,0.9641439491472522,0.6424042062303809,1.4470228333839597,2926.9203230827125,False,-0.009039028307926158,-0.00912774090746521,106,0.9374126485600502,False,False,0.8334089454421378,False,False,0.9508955139552177,False,False,2736.972876191243,3.306897683672105,-189.94744689146955,0.15164759338696465,0.9011395300473287,0.1682842538036257,medium,-1.7392438548607063,-1.9002370805370261,-0.034784877097214124,-0.03800474161074052,-4.7044032294277685,-5.0914566973515205,-0.09408806458855537,-0.10182913394703041,-0.9039028307926158,-0.9127740907465209,-0.018078056615852316,-0.01825548181493042
d5c782cc-c951-4c6f-a93f-774ae6c1c214,Shallow Grave,-0.019328685267520962,0.24975631775373747,-0.0773901755173187,0.9383131561450864,0.980856916036203,0.6011859038519854,1.6003041381571035,2740.405324768637,False,-0.004422544404307101,-0.004832035922619049,0.18148769856494265,0.26491346405811605,0.6850829542024649,0.49329157597316875,1.1989997872009779,0.7133788230841023,2.0151992786846535,2737.43061106971,False,0.04112492589823375,0.045215122901233695,-0.0380023439032171,0.24988896798622023,-0.15207691723834996,0.8791262698087372,0.9627106843878848,0.5899103391598945,1.571106319571351,2926.928254045283,False,-0.009407789193260506,-0.009499862659178182,75,0.9906419070658742,False,False,0.9084793269322036,False,False,0.9508955139552177,False,False,2737.43061106971,2.9747136989271894,-189.4976429755734,0.23628910281309312,1.0475224625416886,0.2255694853929583,low,-0.4422544404307101,-0.4832035922619049,-0.008845088808614203,-0.009664071845238098,4.1124925898233755,4.521512290123369,0.0822498517964675,0.09043024580246739,-0.9407789193260506,-0.9499862659178182,-0.018815578386521013,-0.018999725318356364
4216656e-90e8-45fc-a0f6-0d0d79d0a021,Shelldock Isle,-0.19894687449587203,0.19393066648873306,-1.0258659865299355,0.3049547572372735,0.8195934334907031,0.5604299730700885,1.1986036231097001,2739.357162396351,False,-0.045400698132145416,-0.04960040244412656,-0.10633667410027607,0.19794551141974898,-0.5372017447507874,0.5911282662126173,0.8991218860606913,0.6099917317084327,1.325296924483147,2737.60990820369,False,-0.024146890370966276,-0.026279286243784172,-0.04036599254079081,0.18656617842131462,-0.216362863206824,0.8287049115268147,0.9604378617256052,0.6662863790796497,1.384451063685607,2926.9045610236776,False,-0.0099929053406437,-0.010090614591959257,128,0.7424985393603181,False,False,0.9197216625869145,False,False,0.9471688353536661,False,False,2737.60990820369,1.7472541926613303,-189.29465281998773,0.14084442823490206,0.8930510604256665,0.1577115066273697,medium,-4.540069813214542,-4.960040244412656,-0.09080139626429083,-0.09920080488825311,-2.4146890370966276,-2.6279286243784172,-0.04829378074193255,-0.052558572487568345,-0.9992905340643701,-1.0090614591959257,-0.0199858106812874,-0.020181229183918514
9814d8e8-c462-41ca-9909-1c659f488543,Lotus Petal,-0.08260645281261908,0.18504143130889933,-0.44642138913592716,0.6552928852693312,0.9207134201065781,0.6406399641992916,1.323228723365506,2740.21200381254,False,-0.018891098407450405,-0.020642012366978768,-0.13148205325110252,0.18955388958277408,-0.6936394369986649,0.4879083552908249,0.8767950106164861,0.6047091521249233,1.2713045402745093,2737.41745554139,False,-0.029838597518268246,-0.03245459016816393,-0.04349373001501867,0.18223346480154923,-0.23867037847512249,0.8113611875714228,0.9574385571975214,0.6698701971079657,1.368457045508363,2926.8944297351845,False,-0.01076592569219712,-0.010872236322614193,137,0.9373483511095011,False,False,0.9084793269322036,False,False,0.9412929855398815,False,False,2737.41745554139,2.794548271149779,-189.47697419379438,0.08064354658103523,0.9183156626401953,0.08781680402703981,medium,-1.8891098407450406,-2.064201236697877,-0.03778219681490081,-0.041284024733957536,-2.9838597518268246,-3.245459016816393,-0.05967719503653649,-0.06490918033632787,-1.076592569219712,-1.0872236322614193,-0.02153185138439424,-0.021744472645228385
6fd672bb-18cf-44e3-8dda-5310b1e0fffe,Godless Shrine,0.10369511865764945,0.18533931601716905,0.5594879752768893,0.5758287355091347,1.1092622100043164,0.7713832549946538,1.5951378806533572,2740.0983118278227,False,0.023705595441023332,0.02590478488131992,0.09524457120594874,0.1930767274891439,0.49329907568121617,0.6218012813943071,1.099927832909203,0.753379785834526,1.605884920668774,2737.6553937705307,False,0.021625771866218172,0.023714533028409646,-0.04398949369383979,0.1870023221896896,-0.23523501301346492,0.8140263318827037,0.9569640115771207,0.6633091915875564,1.3806232916235615,2926.896060929821,False,-0.010888374613416858,-0.010995574901888572,134,0.8817377512483626,False,False,0.9197216625869145,False,False,0.9412929855398815,False,False,2737.6553937705307,2.4429180572919904,-189.2406671592903,0.1522981984271956,1.0553846848302133,0.14430586364979972,medium,2.370559544102333,2.5904784881319918,0.047411190882046664,0.05180956976263984,2.1625771866218173,2.3714533028409646,0.043251543732436344,0.04742906605681929,-1.0888374613416858,-1.0995574901888572,-0.021776749226833716,-0.021991149803777144
4df8aabc-7fcb-4b7b-980b-18f499e6c170,Hullbreacher,-0.1094147039717095,0.1778789315901439,-0.6151077195798272,0.5384835843651439,0.8963586169314606,0.6325111627697372,1.2702681271726053,2740.032600162034,False,-0.025017690573039944,-0.02733178661121871,0.01644873407535928,0.18518714580137888,0.08882222361697421,0.9292231956031253,1.0165847592924804,0.7071460398440033,1.4614301920629136,2737.8908494012057,False,0.0037372081974045997,0.004083745188904808,-0.04624447712112627,0.1789783719197416,-0.2583802535753507,0.7961134546898605,0.9548085048198992,0.6723057303219231,1.3560189059222767,2926.884611023507,False,-0.011447788693436132,-0.011559897145207387,146,0.8443422602845456,False,False,0.9942424259274407,False,False,0.9378749560790772,False,False,2737.8908494012057,2.1417507608284723,-188.99376162230146,0.1202261423610198,0.9559172936812801,0.12577044390317868,medium,-2.5017690573039943,-2.733178661121871,-0.05003538114607989,-0.05466357322243742,0.37372081974045995,0.4083745188904808,0.0074744163948091994,0.008167490377809616,-1.1447788693436132,-1.1559897145207387,-0.022895577386872264,-0.023119794290414775
ec3de5f4-bb55-4ab9-995f-f3e0dc22c1bb,Voice of Victory,0.1539878432651105,0.2456347421034758,0.6268976527768282,0.5307263259908339,1.1664767061441732,0.7207548227028041,1.8878373936847277,2740.018122405245,False,0.03517568080088323,0.03842890163404744,0.0050569166571162545,0.25082018237776327,0.02016152212783249,0.9839145225354772,1.0050697244403513,0.6147432114039716,1.6432310796560954,2737.8983314006264,False,0.001149028139900533,0.0012551910468623362,-0.0472337400746819,0.24269091010251687,-0.19462508939757797,0.845686460137202,0.9538644151917818,0.5927942386786863,1.5348619524325908,2926.9135238585923,False,-0.011690959414807627,-0.011806151243380913,75,0.841151359346246,False,False,0.9975344701186925,False,False,0.9471688353536661,False,False,2737.8983314006264,2.1197910046184916,-189.0151924579659,0.21261229095239143,1.0418036152587689,0.20408096865701664,low,3.517568080088323,3.842890163404744,0.07035136160176646,0.07685780326809488,0.11490281399005331,0.12551910468623362,0.002298056279801066,0.0025103820937246724,-1.1690959414807627,-1.1806151243380913,-0.023381918829615253,-0.023612302486761827
07313dd3-d0dc-40ca-98a3-fa4d39e5bcae,Oust,0.239554496488992,0.1822268482696301,1.3145949609715997,0.18864606454706556,1.2706829304973952,0.8890425995436587,1.8161504417068797,2738.681945213505,False,0.054569445219108434,0.059657506334872545,0.1536415700725003,0.18648572697372695,0.823878441346592,0.4100086312168718,1.1660728564562268,0.8090695018515709,1.6806045753204462,2737.219585237854,False,0.03484733403581989,0.03830399721329214,-0.047588516331335165,0.1774320270039183,-0.2682070262900409,0.7885399668772478,0.9535260667677479,0.6734407304813443,1.3500994502600232,2926.879465539564,False,-0.011778529395368992,-0.0118948473945093,145,0.6461218267021279,False,False,0.8669979999518213,False,False,0.9378749560790772,False,False,2737.219585237854,1.4623599756509975,-189.65988030171002,0.31715686372964735,1.1300939512404566,0.28064645720961306,low,5.4569445219108434,5.9657506334872545,0.10913889043821687,0.11931501266974509,3.484733403581989,3.830399721329214,0.06969466807163978,0.07660799442658428,-1.1778529395368993,-1.18948473945093,-0.023557058790737984,-0.0237896947890186
63c59228-c742-4abd-b4d7-9f7880190e95,Windswept Heath,0.060689968033553116,0.16238283597854367,0.37374620087046845,0.7085931488408175,1.0625694326242432,0.7729194884437975,1.4607650810055934,2740.2716596498713,False,0.013880542386165762,0.01516893776589201,0.013281865814681076,0.16985011280442902,0.07819756840535191,0.9376708962280208,1.0133704615990242,0.7264218623634299,1.413668483352515,2737.8926231268215,False,0.0030177754282027683,0.003297785740162651,-0.047729662390800995,0.16389504148939457,-0.2912209055079285,0.7708823748745868,0.953391489818552,0.6914503411348625,1.3145634310724175,2926.8665869561482,False,-0.01181468868522439,-0.011930392860787842,178,0.9374126485600502,False,False,0.9942424259274407,False,False,0.9378749560790772,False,False,2737.8926231268215,2.3790365230497628,-188.97396382932675,0.10917794280569115,1.0097771280139398,0.10812083159422083,medium,1.3880542386165762,1.516893776589201,0.027761084772331523,0.03033787553178402,0.3017775428202768,0.3297785740162651,0.0060355508564055365,0.006595571480325302,-1.181468868522439,-1.1930392860787842,-0.02362937737044878,-0.023860785721575684
71384418-173a-4f77-adab-56e52fa23692,Delighted Halfling,-0.050885485923453405,0.18570388154500872,-0.27401412129945374,0.7840737696188385,0.9503874970478099,0.66042937074414,1.3676502508164918,2740.33618020505,False,-0.011642529508641291,-0.012719123597868254,-0.09795770692586421,0.20700388539592057,-0.4732167550309887,0.6360585452296721,0.9066872495340973,0.6042995125190949,1.3603879391541458,2737.6746880630044,False,-0.02224975109922621,-0.0241926020002749,-0.05137922274483546,0.2015155581497094,-0.25496404950859897,0.7987508660984725,0.9499183715677281,0.6399599282370398,1.4100022092440412,2926.8863724414477,False,-0.012719125910363692,-0.012842234614467318,132,0.9374126485600502,False,False,0.9197216625869145,False,False,0.9378749560790772,False,False,2737.6746880630044,2.6614921420455175,-189.21168437844335,0.0437002475137126,0.9356643727165451,0.04670504594167269,medium,-1.164252950864129,-1.2719123597868254,-0.023285059017282582,-0.025438247195736507,-2.224975109922621,-2.41926020002749,-0.04449950219845242,-0.0483852040005498,-1.2719125910363691,-1.2842234614467318,-0.025438251820727384,-0.025684469228934637
568dd5a6-86f4-4039-87d7-812120c8ab94,Triplicate Titan,0.0029540613793172877,0.20663390435092474,0.014296111708272368,0.9885937417226953,1.002958428918234,0.6689483737270062,1.5037417678941016,2740.411111471435,False,0.0006758961697749182,0.0007385148862442681,0.098716164314848,0.21793520062377608,0.45296108215791536,0.650576765645628,1.1037529706133649,0.7200484130338648,1.6919287621296801,2737.69386475336,False,0.02240698765256121,0.02455712664011339,-0.05363321506822638,0.21073787517379966,-0.2545020206927398,0.799107743189826,0.9477796740597166,0.6270810687790896,1.43248832612613,2926.8865851077976,False,-0.013276361766798596,-0.01340625042190452,106,0.993986806607904,False,False,0.9206718127548238,False,False,0.9378749560790772,False,False,2737.69386475336,2.71724671807533,-189.19272035443782,0.15597329655364822,1.018163691197105,0.1531907864149651,medium,0.06758961697749183,0.07385148862442681,0.0013517923395498365,0.0014770297724885362,2.2406987652561208,2.4557126640113394,0.04481397530512242,0.04911425328022678,-1.3276361766798594,-1.340625042190452,-0.02655272353359719,-0.02681250084380904
0e606072-a3aa-4300-ba90-ec92a721fa76,"Jace, the Mind Sculptor",-0.19989727560037354,0.20168272036360155,-0.9911472596164453,0.32161367911458383,0.8188148610229427,0.5514547969283248,1.215798249224702,2739.42776520909,False,-0.04561212694447292,-0.04983396960696679,-0.0950090628029629,0.21388612322917053,-0.44420395941799573,0.656895129890888,0.9093646930378518,0.5979633202231897,1.38293456634626,2737.701224220159,False,-0.021577130028498193,-0.02347537111145992,-0.054963971503846965,0.20554670337962783,-0.26740380945119335,0.7891582666845454,0.946519249004297,0.6326515324186727,1.4161013493645904,2926.879860388158,False,-0.01360492528686294,-0.01373792087285497,114,0.7465337651916201,False,False,0.9262693917885904,False,False,0.9378749560790772,False,False,2737.701224220159,1.7265409889309922,-189.17863616799877,0.1277043879813543,0.8915662676883639,0.14323600231361805,medium,-4.561212694447292,-4.983396960696679,-0.09122425388894584,-0.09966793921393358,-2.1577130028498193,-2.347537111145992,-0.04315426005699639,-0.04695074222291984,-1.3604925286862941,-1.373792087285497,-0.02720985057372588,-0.02747584174570994
02c532e8-21f1-4d6f-a931-1ea48a6aeea2,Coalition Relic,-0.1824104750400044,0.21134500368391107,-0.8630933869286954,0.38808612360796413,0.8332592380892169,0.5506550649629587,1.2608999753915415,2739.66567991883,False,-0.04164129422698898,-0.045494170804338485,-0.1011731424245527,0.21514615563216186,-0.47025308041074054,0.6381742148562264,0.9037765372773224,0.5928228810613114,1.3778348566281307,2737.6774283627665,False,-0.022974892786826597,-0.024997969064793735,-0.05991321282278286,0.20900947799679398,-0.2866530905536345,0.7743779590877198,0.9418462702165162,0.6252699580033488,1.4187062489831184,2926.86918681507,False,-0.01482892376646364,-0.014974805699426608,101,0.7882371007995955,False,False,0.9197216625869145,False,False,0.9378749560790772,False,False,2737.6774283627665,1.9882515560634602,-189.19175845230347,0.10858703212729937,0.8929606818610184,0.12160337440725077,medium,-4.164129422698898,-4.549417080433848,-0.08328258845397796,-0.09098834160867697,-2.2974892786826597,-2.4997969064793732,-0.045949785573653194,-0.04999593812958747,-1.482892376646364,-1.4974805699426608,-0.02965784753292728,-0.029949611398853215
cea3b218-0e6e-443a-84f7-380f1021e8e1,Barrowgoyf,-0.14462406013704435,0.1655999999686399,-0.873333696645122,0.3824812188758968,0.8653475506078656,0.6255024325739753,1.1971598260003125,2739.6478043058073,False,-0.033046247737613776,-0.03610741861786443,-0.08163085218353086,0.16943408826474834,-0.4817852949164456,0.6299584766463546,0.9216121070069161,0.6611849564514286,1.2846161539129375,2737.6665269340147,False,-0.01854221275678453,-0.02020060127055362,-0.06097988983584522,0.16194296482287918,-0.37655164521991036,0.7065068284242646,0.9408421600760468,0.684964613698427,1.2923061315489885,2926.8095350709536,False,-0.015094112814716381,-0.015242045506518531,175,0.7882371007995955,False,False,0.9197216625869145,False,False,0.9231689224743724,False,False,2737.6665269340147,1.9812773717926575,-189.143008136939,0.0754946094681812,0.9092672725636094,0.08302796300512383,medium,-3.3046247737613776,-3.610741861786443,-0.06609249547522755,-0.07221483723572886,-1.854221275678453,-2.0200601270553618,-0.03708442551356906,-0.04040120254110724,-1.509411281471638,-1.5242045506518531,-0.030188225629432762,-0.030484091013037062
d40b65c1-b24d-492d-81b9-d8474ebdc08c,Sylvan Caryatid,-0.16688534045743827,0.17381567867287648,-0.9601282331470155,0.3369906806145694,0.8462966417601657,0.6019601266568175,1.1898097135308368,2739.4872286852897,False,-0.03812843663361442,-0.041644710301074084,-0.1868906609079815,0.1794706938074315,-1.0413436140638732,0.29771610174148566,0.8295344319686168,0.5835336143521784,1.1792420468963627,2736.812524873761,False,-0.04238790495167084,-0.045897404063688085,-0.06221338351731628,0.1722885198286526,-0.36109999423751404,0.7180246975596017,0.9396823526709389,0.6703878306293943,1.3171523759495791,2926.8209201101545,False,-0.015401104008585945,-0.015548920324269633,159,0.7505701522779046,False,False,0.8092332095943887,False,False,0.9289296417272735,False,False,2736.812524873761,2.674703811528616,-190.00839523639343,0.11014792070232216,0.8718378087999071,0.1263399219333488,medium,-3.8128436633614418,-4.164471030107409,-0.07625687326722884,-0.08328942060214817,-4.238790495167084,-4.589740406368809,-0.08477580990334169,-0.09179480812737617,-1.5401104008585944,-1.5548920324269633,-0.03080220801717189,-0.031097840648539266
07c17b01-ee5d-491a-8403-b3f819b778c4,Wishclaw Talisman,-0.06319237870808078,0.24375090382929018,-0.25924982314050116,0.7954424914559861,0.9387628583305357,0.5821983101419904,1.513703645010557,2740.344088057367,False,-0.014454875643841575,-0.01579339037060823,0.011695705275997103,0.256273915859152,0.04563751732901704,0.9635991658078938,1.0117643674600718,0.6122582123736675,1.6719532944984405,2737.896655293101,False,0.0026574352191876347,0.0029035774599187603,-0.06338682769990181,0.2463431710050759,-0.257311081290724,0.7969386387553343,0.9385803345855286,0.5791351303605482,1.5211182991476382,2926.8851762995873,False,-0.01568695156775831,-0.015842824968390845,76,0.9374126485600502,False,False,0.9942424259274407,False,False,0.9378749560790772,False,False,2737.896655293101,2.4474327642660683,-188.98852100648628,0.07318403287454323,0.9630358534587121,0.07599305115350082,low,-1.4454875643841574,-1.579339037060823,-0.02890975128768315,-0.03158678074121646,0.2657435219187635,0.290357745991876,0.005314870438375269,0.0058071549198375205,-1.568695156775831,-1.5842824968390845,-0.03137390313551662,-0.03168564993678169
80c72839-0fa6-4b5f-83b7-6553ebf09bef,"Otharri, Suns' Glory",0.18187175566314892,0.18274222098951265,0.9952366490805993,0.31962118098599845,1.1994603600174687,0.8383639226963567,1.7160866734652105,2739.4185619853743,False,0.04153197110545128,0.04536634741133222,-0.012230518724131455,0.19427403051815995,-0.06295498524177782,0.9498023497482861,0.9878439700818272,0.6750236048723942,1.445631978175781,2737.894775266629,False,-0.0027788606455451813,-0.003033543030095953,-0.06362783683657197,0.18586724643369787,-0.34232947470531955,0.7321029564507323,0.9383541554061137,0.6518585816791626,1.3507661718585726,2926.8342923137316,False,-0.015741923903141847,-0.015902309623845534,143,0.7465337651916201,False,False,0.9942424259274407,False,False,0.9348024720804139,False,False,2737.894775266629,1.5237867187452139,-188.93951704710253,0.26110620461135503,1.0418861618351365,0.25060914922936783,low,4.153197110545128,4.536634741133222,0.08306394221090256,0.09073269482266444,-0.27788606455451814,-0.3033543030095953,-0.005557721291090363,-0.006067086060191906,-1.5741923903141848,-1.5902309623845534,-0.031483847806283695,-0.03180461924769107
1ee98955-4c47-4d45-9377-608dfa755337,Bone Shards,-0.018269346986226807,0.1828855595422517,-0.09989496727873737,0.9204277118962505,0.9818965258678577,0.6861046967796645,1.4052094265446868,2740.4013346330466,False,-0.004180265834004317,-0.00456723341575016,0.10754111569099888,0.1905613482242647,0.5643385539256243,0.5725237478974586,1.1135366436338876,0.7664704549390974,1.6177581911020296,2737.5806505602486,False,0.024404092205917445,0.02675381709190361,-0.0649952487678603,0.18159024276919825,-0.3579225831559103,0.7204012498920612,0.9370719156130293,0.6564477844892745,1.3376597435146333,2926.823201555354,False,-0.016088183513189608,-0.016245575354848274,142,0.9888159179696749,False,False,0.9160379966359338,False,False,0.9289384538081843,False,False,2737.5806505602486,2.8206840727980307,-189.24255099510538,0.17646472802085833,1.0108350283715917,0.17457322220534327,medium,-0.4180265834004317,-0.45672334157501604,-0.008360531668008634,-0.00913446683150032,2.4404092205917447,2.675381709190361,0.04880818441183489,0.05350763418380722,-1.608818351318961,-1.6245575354848274,-0.032176367026379216,-0.03249115070969655
fa7b7897-36e0-415a-8bb7-602886164852,Show and Tell,-0.28235039425221614,0.23624097415591122,-1.1951796053206005,0.232016865045935,0.7540094376674257,0.47455265217616877,1.1980340421329925,2738.975803967425,False,-0.06428360482659032,-0.07017438304848411,-0.1202603947233157,0.2515910494835999,-0.47799949549141235,0.6326505641209534,0.8866895173818286,0.5415180651907351,1.451878248896269,2737.6698087281147,False,-0.02730847319775763,-0.029714431984844525,-0.0655964548798713,0.24203531434949524,-0.2710201817291465,0.7863755101855525,0.9365087115677901,0.5827566026306783,1.5049997938816861,2926.8778446341294,False,-0.016237351908225218,-0.016395247622357556,82,0.6731487339361317,False,False,0.9197216625869145,False,False,0.9378749560790772,False,False,2737.6698087281147,1.3059952393100502,-189.20803590601463,0.18249927390036447,0.8590692222056816,0.21243838003158003,low,-6.4283604826590315,-7.017438304848412,-0.12856720965318064,-0.14034876609696822,-2.730847319775763,-2.9714431984844527,-0.05461694639551526,-0.05942886396968905,-1.6237351908225217,-1.6395247622357556,-0.032474703816450436,-0.03279049524471511
b34bf7fd-9fe3-43e2-8cfe-7ce7cff08afe,Stonecoil Serpent,0.14595092678195884,0.19359713320882635,0.7538899174944226,0.45091532528332845,1.1571394021032897,0.7917580277966731,1.69113737896171,2739.8437863011372,False,0.03332995503420047,0.03643387182421448,0.20103770520458947,0.19791296259942265,1.0157884686486722,0.3097301284009718,1.2226708720095878,0.829550159607504,1.8020900170376666,2736.868867782943,False,0.04551953047102977,0.050138121484162246,-0.06640779442459452,0.19289814830559915,-0.34426351423232887,0.7306481205618864,0.9357491931714365,0.6411523562135527,1.365707454765001,2926.832815562304,False,-0.01643563982307025,-0.016596947123021122,120,0.809599252183291,False,False,0.8092332095943887,False,False,0.9348024720804139,False,False,2736.868867782943,2.9749185181940447,-189.96394777936075,0.28692167883815134,1.1051864890947714,0.25961381329694067,low,3.332995503420047,3.6433871824214483,0.06665991006840094,0.07286774364842896,4.551953047102978,5.013812148416225,0.09103906094205955,0.10027624296832449,-1.643563982307025,-1.6596947123021122,-0.0328712796461405,-0.033193894246042244
33ab05b5-d6f5-439c-9aed-1a58ceb282ad,Flametongue Yearling,0.341507377795493,0.23772207104464257,1.4365825448801524,0.15083664629148824,1.407066974320145,0.8830019398879395,2.2421666145758476,2738.3463743265656,False,0.0774991813066331,0.08464700076829174,0.1690062652635585,0.24421713871453948,0.6920327793255596,0.4889167439770806,1.1841275577719652,0.7336968646463189,1.911086363645446,2737.419283288297,False,0.03832579647495617,0.04213945937300845,-0.06645096619083594,0.23367291576054017,-0.2843759875831419,0.7761222588294314,0.935708796098021,0.5918808796919567,1.4792688548258002,2926.870558196126,False,-0.016443565274975244,-0.016607166289569764,82,0.6021016446631203,False,False,0.9084793269322036,False,False,0.9378749560790772,False,False,2737.419283288297,0.9270910382688271,-189.45127490782897,0.4713581782221239,1.1756344427300436,0.4009394086205418,low,7.74991813066331,8.464700076829173,0.1549983626132662,0.16929400153658347,3.8325796474956166,4.213945937300845,0.07665159294991233,0.0842789187460169,-1.6443565274975245,-1.6607166289569764,-0.03288713054995049,-0.03321433257913953
24da9431-7e52-44f5-bc18-2f2d8a4ca81e,Abrade,0.005512708748908801,0.18677758362243901,0.029514830645054547,0.9764539909503057,1.0055279316881387,0.6972778189637349,1.4500481643137026,2740.4104447105883,False,0.0012613301835692242,0.0013781743198919005,-0.11366239793945343,0.19199362658286315,-0.5920113076795157,0.5538430164080621,0.8925592348601936,0.6126448308148892,1.3003651506772054,2737.5483090227763,False,-0.025802134880600323,-0.028039144235091296,-0.06770523198574696,0.18357517735136344,-0.3688147437066556,0.7122658143466906,0.9345359042738904,0.6521291984237154,1.3392397679601544,2926.815385455744,False,-0.016754287038523108,-0.016920005164789365,136,0.993986806607904,False,False,0.9090895122587523,False,False,0.9260122736498948,False,False,2737.5483090227763,2.8621356878120423,-189.26707643296777,0.11296869682794508,0.9442076902740743,0.11964390672898859,medium,0.12613301835692242,0.13781743198919005,0.0025226603671384485,0.002756348639783801,-2.5802134880600325,-2.80391442350913,-0.051604269761200645,-0.05607828847018259,-1.6754287038523108,-1.6920005164789365,-0.033508574077046216,-0.03384001032957873
1163fe84-c5d5-42c8-b7cd-d206a9b0bd3f,Tireless Provisioner,-0.22297218294051693,0.22024834070815733,-1.012367140763021,0.31136254339628555,0.8001371064464731,0.5196192585292462,1.232093265604975,2739.3843981837003,False,-0.05084881719956342,-0.055542769030716144,-0.28476556793472885,0.22748035249012935,-1.2518248930842728,0.21063367735014715,0.7521905712404986,0.4816068995339261,1.174797653461049,2736.332534025342,False,-0.06436082442189184,-0.06939800517913663,-0.06843615713425062,0.2186420614558889,-0.31300545136900676,0.7542765205172182,0.933853078057104,0.6083684376407199,1.4334760277484138,2926.8533799013303,False,-0.016937452950262832,-0.017102533375765006,94,0.7442324208008776,False,False,0.7438594731644836,False,False,0.9378749560790772,False,False,2736.332534025342,3.051864158358512,-190.52084587598847,0.18166250681660545,0.8287269185813586,0.21920671664386282,low,-5.084881719956342,-5.554276903071615,-0.10169763439912684,-0.11108553806143229,-6.436082442189184,-6.939800517913664,-0.12872164884378368,-0.13879601035827327,-1.6937452950262832,-1.7102533375765006,-0.033874905900525665,-0.03420506675153001
5ad36fb2-c44e-4085-ba0d-54277841ad3a,Lurrus of the Dream-Den,0.16219838296610342,0.20754732313879215,0.7815007224045827,0.4345080520000565,1.1760935351033872,0.7830220907816497,1.7664840105995099,2739.800898641113,False,0.03703417677191393,0.040473765566563624,0.17829300273541598,0.214855176081544,0.8298287524976751,0.4066356119848141,1.1951754596155135,0.784410230427644,1.8210425155831997,2737.2104504450645,False,0.04041170766047951,0.044463215371709164,-0.07028845835579,0.20219566600346864,-0.34762593949261117,0.7281211229764811,0.9321249019053962,0.6271359324237136,1.38543621538993,2926.8305521290818,False,-0.017393759330866152,-0.01756574330228522,111,0.8001702702994058,False,False,0.8669979999518213,False,False,0.9348024720804139,False,False,2737.2104504450645,2.590448196048328,-189.6201016840173,0.2630505577101173,1.1011312988747657,0.23889118216776317,low,3.703417677191393,4.047376556656363,0.07406835354382786,0.08094753113312725,4.041170766047951,4.446321537170917,0.08082341532095902,0.08892643074341833,-1.7393759330866152,-1.756574330228522,-0.034787518661732304,-0.03513148660457044
e41cf82d-3213-47ce-a015-6e51a8b07e4f,Questing Beast,0.27220308654586944,0.1723843128692675,1.579047896036238,0.11432507147533505,1.3128535971414546,0.9364396823709601,1.8405719022535805,2737.9212452120296,False,0.061867702014298594,0.06772239744071346,0.18187963162307721,0.1958460419898832,0.9286867877190622,0.3530514298856293,1.1994698069564016,0.8171124052364085,1.7607465124504773,2737.036216886124,False,0.04120302475736323,0.04536309774972486,-0.07211727245182828,0.18569999578279817,-0.3883536569175769,0.6977543345211514,0.9304217765700176,0.646560008706487,1.3389084859232216,2926.800522113129,False,-0.01784863421049622,-0.01802186030399311,164,0.572664370457836,False,False,0.8417274981732761,False,False,0.9217437064004871,False,False,2737.036216886124,0.8850283259057505,-189.76430522700502,0.382431820571437,1.1475817268892912,0.3332501830680777,low,6.18677020142986,6.772239744071346,0.12373540402859719,0.1354447948814269,4.120302475736323,4.536309774972485,0.08240604951472646,0.09072619549944971,-1.784863421049622,-1.802186030399311,-0.03569726842099244,-0.03604372060798622
0d08f5e4-d2d3-4659-86d4-a983d80e3b2c,Tundra,-0.08513668896112535,0.1955026540270031,-0.43547587312735997,0.6632170479117672,0.9183867424918137,0.6260519708167215,1.3472271442327952,2740.2216064475606,False,-0.019470641773868376,-0.02127341855970777,-0.05797459387055058,0.20202994927983278,-0.2869603941257722,0.7741426462899643,0.9436739222340701,0.6351123958212476,1.402146261612678,2737.816385057955,False,-0.01317067493029687,-0.014348755595353035,-0.07441659874189763,0.19599899315702207,-0.37967847458420223,0.7041841005392866,0.9282848909583884,0.6321841028170974,1.3630726159384885,2926.8072024668672,False,-0.018415564194388813,-0.018595556719649187,119,0.9373483511095011,False,False,0.9695332822545241,False,False,0.9231689224743724,False,False,2737.816385057955,2.4052213896056855,-188.99081740891233,0.02528717974225636,0.9301151852280908,0.02718714858531766,medium,-1.9470641773868376,-2.127341855970777,-0.03894128354773675,-0.04254683711941554,-1.3170674930296868,-1.4348755595353035,-0.02634134986059374,-0.02869751119070607,-1.8415564194388814,-1.8595556719649187,-0.036831128388777626,-0.03719111343929837
fadb218d-29e2-42d1-a7a1-1066741d63ad,Mox Diamond,-0.022826305694132673,0.18465118707306954,-0.12361851584035538,0.9016173314178441,0.9774322434447636,0.6806257847185813,1.4036696992319833,2740.3960342779596,False,-0.00522254246825877,-0.005706373900445871,-0.022012094048821318,0.1875465184955639,-0.11736871590789875,0.9065678737873791,0.9782284042375897,0.6773255363583274,1.4128078146915954,2737.884961591987,False,-0.005001427197657162,-0.005457724115140117,-0.07579962752874703,0.17971577334524386,-0.4217750402082503,0.673189225756303,0.9270019336197615,0.6517836851895275,1.318432179972252,2926.7735049443954,False,-0.018755239639139904,-0.01894272163827121,138,0.9872457930608796,False,False,0.9942424259274407,False,False,0.9006490665408559,False,False,2737.884961591987,2.511072685972522,-188.8885433524083,0.05122647061782826,0.9608875271007049,0.05331161990664441,medium,-0.522254246825877,-0.5706373900445871,-0.01044508493651754,-0.011412747800891743,-0.5001427197657161,-0.5457724115140117,-0.010002854395314323,-0.010915448230280234,-1.8755239639139905,-1.894272163827121,-0.03751047927827981,-0.03788544327654242
4e4fb50c-a81f-44d3-93c5-fa9a0b37f617,"Omnath, Locus of Creation",-0.09360661876447898,0.2341826698307287,-0.39971625070351907,0.6893655214237588,0.9106409208402682,0.5754490124912026,1.4410779560100282,2740.251681831296,False,-0.021401686526147205,-0.02338652113050438,-0.12226627415271632,0.2512374636413843,-0.4866562191028918,0.6265019759763473,0.8849127077473522,0.5408075990307979,1.4479650466009013,2737.6621109750313,False,-0.027749071548305738,-0.030145636801126696,-0.07621658894617012,0.24238034920816712,-0.31445036363369494,0.7531790098645798,0.9266154901511725,0.5762105923459644,1.490108439507084,2926.8525409797776,False,-0.01885765358795451,-0.019045102172040307,82,0.9373483511095011,False,False,0.9197216625869145,False,False,0.9378749560790772,False,False,2737.6621109750313,2.5895708562647997,-189.1904300047463,0.041702782403820304,0.9073897062462644,0.045959064905351954,low,-2.1401686526147206,-2.338652113050438,-0.04280337305229441,-0.04677304226100876,-2.774907154830574,-3.0145636801126696,-0.055498143096611476,-0.06029127360225339,-1.885765358795451,-1.9045102172040307,-0.03771530717590902,-0.038090204344080614
55707746-da6e-46e5-a5ca-7ac843fdc38e,"Phelia, Exuberant Shepherd",-0.19619188690813166,0.1718596018898023,-1.1415823425096225,0.25362766708186,0.8218545164245458,0.5868202602659163,1.151025095591191,2739.107048896476,False,-0.0447590596873474,-0.048924390324929234,-0.2970488206253397,0.17812208343815833,-1.6676698076489276,0.09538129213506434,0.7430077373740924,0.5240500394095156,1.0534499690522188,2735.1135524186247,False,-0.06705857039008434,-0.07225356140408451,-0.07837011259164113,0.16844138381148493,-0.4652663782396305,0.6417407089241791,0.9246221489069941,0.6646363534176063,1.2863065853278988,2926.7348461495158,False,-0.019393048236954896,-0.01958255904788192,166,0.6896918746929498,False,False,0.6301343522866713,False,False,0.8914635999078955,False,False,2735.1135524186247,3.993496477851295,-191.621293730891,0.1816144115329017,0.8298281342352108,0.21885786229733198,low,-4.47590596873474,-4.8924390324929234,-0.0895181193746948,-0.09784878064985847,-6.705857039008434,-7.225356140408451,-0.13411714078016868,-0.14450712280816902,-1.9393048236954895,-1.958255904788192,-0.03878609647390979,-0.03916511809576384
229a0d4a-3777-451d-a2fb-f1a2fdf8019f,Spara's Headquarters,-0.23508280863544626,0.2085660585284422,-1.1271383766567558,0.2596839798861742,0.7905053862459583,0.5252545465342167,1.1897065333506143,2739.1378603816593,False,-0.05359184571027714,-0.05854011875532156,-0.21680359543246358,0.21026321043546467,-1.0311057031016195,0.30249125366160734,0.8050880767535242,0.5331675839138997,1.2156905837609209,2736.8337630731594,False,-0.04911620759003269,-0.05315736013198802,-0.08602079640904031,0.20379454980666897,-0.4220956668892495,0.672955190591421,0.9175751487536096,0.615415201837995,1.3680912513952594,2926.773084504023,False,-0.02128566126664157,-0.021493434932854882,105,0.6896918746929498,False,False,0.8092332095943887,False,False,0.9006490665408559,False,False,2736.8337630731594,2.304097308499877,-189.9393214308634,0.12706976250765123,0.837722870584364,0.15168472411289444,medium,-5.359184571027714,-5.854011875532156,-0.10718369142055428,-0.11708023751064311,-4.911620759003269,-5.315736013198801,-0.09823241518006538,-0.10631472026397604,-2.128566126664157,-2.149343493285488,-0.04257132253328314,-0.042986869865709765
19adde22-e5eb-4815-beb6-c520b3274cc9,Lotus Cobra,0.05286699245894316,0.1721506596528344,0.3070972400893308,0.7587693583668331,1.0542894073515883,0.7523540155408885,1.4773977828172495,2740.3170506599286,False,0.01209149304017037,0.01321431930297251,-0.01696300255756391,0.17929043144121767,-0.09461186757825063,0.9246231231598958,0.9831800591096654,0.691859590272816,1.3971664803399142,2737.889786003115,False,-0.003854446996100258,-0.0042064954857969905,-0.09520869145656403,0.17232623932270305,-0.5524909719539199,0.5806120181287815,0.9091831759071612,0.6485811678998958,1.2744959124070876,2926.6459841771316,False,-0.02355702781932962,-0.023784975296757882,159,0.9374126485600502,False,False,0.9942424259274407,False,False,0.8492533996510535,False,False,2737.889786003115,2.4272646568133496,-188.7561981740164,0.14510623144442703,0.9822175474561384,0.14773329169310817,medium,1.2091493040170371,1.321431930297251,0.02418298608034074,0.02642863860594502,-0.3854446996100258,-0.42064954857969905,-0.007708893992200516,-0.008412990971593981,-2.355702781932962,-2.378497529675788,-0.04711405563865924,-0.047569950593515764
3ca1e1de-b916-445f-b3b2-0f4d0cc7ceeb,Stern Scolding,-0.16744049505316982,0.20608254057234535,-0.8124923857603055,0.4165091539145833,0.8458269466788951,0.5647555622834944,1.2667838468654449,2739.749272602649,False,-0.038253426067394306,-0.04177692816708872,-0.0075307662889121385,0.21837431156530632,-0.03448558685740842,0.9724899355344588,0.9924975188839916,0.6469123811215923,1.522696664551441,2737.8975485600113,False,-0.0017111779676349304,-0.001868384635954179,-0.09844862418697031,0.2093070488519483,-0.47035503451490146,0.6381013840923543,0.9062422503507034,0.6012824789744686,1.3658721899255266,2926.7297878719146,False,-0.0243611894913631,-0.024598341295015647,109,0.7926616185116572,False,False,0.9942424259274407,False,False,0.8914635999078955,False,False,2737.8975485600113,1.8517240426376702,-188.83223931190332,0.1466705722050965,0.9148555719711967,0.1603210131726828,medium,-3.8253426067394307,-4.1776928167088725,-0.07650685213478861,-0.08355385633417745,-0.17111779676349304,-0.1868384635954179,-0.003422355935269861,-0.003736769271908358,-2.43611894913631,-2.459834129501565,-0.0487223789827262,-0.04919668259003129
1be9d9a4-d7ee-4854-abc2-85cabf993ec9,Archon of Cruelty,-0.23697919350619556,0.19452446249579244,-1.218248802570635,0.2231294391936146,0.789007704330738,0.5388882057877732,1.1552176329099868,2738.9202303188767,False,-0.054050274458624446,-0.059014601206899164,-0.06745733360657737,0.21490283598978296,-0.31389689808367377,0.7535993463770542,0.9347676029275095,0.6134436358563465,1.4244022113996835,2737.8001102414455,False,-0.01532790342008837,-0.01671070540851116,-0.10212697112091178,0.2069889085838842,-0.4933934471156645,0.6217346116123308,0.9029149002733471,0.6018029385008081,1.3546881628171603,2926.707547195935,False,-0.02527365848176376,-0.02552047199331625,122,0.657508648124563,False,False,0.9685604714091975,False,False,0.8766905314821356,False,False,2737.8001102414455,1.1201200774312383,-188.90743695448964,0.14575989859677152,0.8755634025105316,0.1664755495476734,medium,-5.405027445862444,-5.901460120689917,-0.10810054891724889,-0.11802920241379833,-1.5327903420088371,-1.6710705408511162,-0.03065580684017674,-0.03342141081702232,-2.527365848176376,-2.552047199331625,-0.05054731696352752,-0.0510409439866325
b841bfa8-7c17-4df2-8466-780ab9a4a53a,Fabled Passage,-0.1688277638698435,0.18484425313246985,-0.9133514351071113,0.36105773883881986,0.8446543708584539,0.5879446312785745,1.2134493084132858,2739.5758881090655,False,-0.038557877375392714,-0.04212521101249439,-0.22536784500397675,0.18966672342346788,-1.1882308131658876,0.23474248714035495,0.7982225425746821,0.5503974513506465,1.1576347708566506,2736.48437934623,False,-0.051038488310486005,-0.05528788219410813,-0.10251801241473864,0.18144183984016565,-0.5650185894557067,0.5720611201467805,0.9025618922873767,0.6324563842273583,1.2880223675891107,2926.63185204042,False,-0.025362023868646073,-0.02561111871612126,138,0.7819593017945712,False,False,0.8001656952958186,False,False,0.848910527469205,False,False,2736.48437934623,3.091508762835474,-190.14747269419013,0.10433934971269465,0.8484796019068376,0.12297213684124729,medium,-3.8557877375392713,-4.212521101249439,-0.07711575475078543,-0.08425042202498878,-5.103848831048601,-5.528788219410813,-0.10207697662097201,-0.11057576438821626,-2.5362023868646073,-2.561111871612126,-0.050724047737292145,-0.05122223743224252
b3da28c7-6e92-439d-a163-91682d4f11dc,Shattered Landscape,-0.3221845320951124,0.24219140980172715,-1.330288850289416,0.18342311935143185,0.7245644725925037,0.4507331970708851,1.164754844672977,2738.6408178316688,False,-0.07318699996023943,-0.07992967138407647,-0.32449992921264204,0.24285384579199906,-1.3361943194861807,0.18148576729882548,0.7228887588212505,0.4491072898160006,1.1635708648688923,2736.111340120625,False,-0.07321137944721677,-0.07881476781723246,-0.10464874352232381,0.23852923511012364,-0.43872502032721405,0.6608607953648764,0.9006408229548594,0.5643018112190538,1.4374469049115424,2926.75875708837,False,-0.025886070127100733,-0.02613977374488946,75,0.6461218267021279,False,False,0.7410668831368707,False,False,0.9006490665408559,False,False,2736.111340120625,2.52947771104391,-190.64741696774536,0.1777520641336089,0.7826980181228712,0.2271017174157513,low,-7.318699996023943,-7.992967138407647,-0.14637399992047886,-0.15985934276815295,-7.321137944721677,-7.881476781723245,-0.14642275889443354,-0.1576295356344649,-2.5886070127100735,-2.613977374488946,-0.05177214025420147,-0.05227954748977892
3f3c77ad-fce8-4506-90e1-7ef71552a71c,Wheel of Fortune,-0.24772275573632133,0.19324282620693423,-1.2819247192702885,0.19986905560254553,0.7805763235896268,0.5344705249631154,1.1400056102078715,2738.7625875307413,False,-0.05645622617863825,-0.06166852999134337,-0.20821974134622934,0.19828407173870105,-1.0501082589257171,0.2936683419935262,0.8120285808520585,0.5505395277954062,1.197716753892472,2736.7923770730604,False,-0.04719059755170447,-0.05122886805800053,-0.10552191002702506,0.19012150629834212,-0.5550235324847372,0.5788785644348259,0.8998547567887546,0.6199229627006406,1.3061922723233108,2926.6430291016322,False,-0.02610550918118638,-0.026363901738225504,127,0.6486701736975794,False,False,0.8092332095943887,False,False,0.8492533996510535,False,False,2736.7923770730604,1.9702104576808779,-189.85065202857186,0.11927843319912779,0.8308198870768133,0.1435671377809712,medium,-5.6456226178638245,-6.166852999134337,-0.1129124523572765,-0.12333705998268674,-4.719059755170447,-5.122886805800054,-0.09438119510340894,-0.10245773611600106,-2.610550918118638,-2.6363901738225506,-0.05221101836237276,-0.05272780347645101
ebc01ab4-d89a-4d25-bf54-6aed33772f4b,Force of Will,-0.13954511345955312,0.17866865966846357,-0.7810273705444041,0.43478639687187104,0.8697537847171253,0.6127883410675882,1.2344746062104461,2739.800471958735,False,-0.031893569891422356,-0.03484080634314518,-0.018204695358962804,0.18815464905629864,-0.09675389606512295,0.922921837693334,0.9819600091281859,0.6790993747889666,1.4198885985231113,2737.8893755589015,False,-0.004136602042816406,-0.00451485113059058,-0.10913860910825456,0.17887959216713897,-0.6101233113628701,0.5417801255710799,0.896606131108533,0.631446152671555,1.273113393660282,2926.5786928192224,False,-0.027000880607964375,-0.027265761173321634,151,0.8001702702994058,False,False,0.9942424259274407,False,False,0.8263727985364331,False,False,2737.8893755589015,1.9110963998336956,-188.68931726032088,0.11220622441106065,0.9161066416512814,0.12248161874343474,medium,-3.1893569891422358,-3.484080634314518,-0.06378713978284471,-0.06968161268629036,-0.41366020428164063,-0.45148511305905803,-0.008273204085632813,-0.00902970226118116,-2.7000880607964373,-2.726576117332163,-0.05400176121592875,-0.05453152234664327
4a706ecf-3277-40e3-871c-4ba4ead16e20,Wrenn and Six,0.04809702552353729,0.2046490668643587,0.23502196350309273,0.8141916861958991,1.0492724565951643,0.702566552553437,1.5670724491051133,2740.3560871240024,False,0.011002705579686781,0.01202228346536327,-0.037857402962111354,0.21360302812798343,-0.17723252003444692,0.8593257526923326,0.9628502306932346,0.6334847588879209,1.4634615178011545,2737.8673183487167,False,-0.008601203242430392,-0.009378973763919385,-0.11050648787084037,0.2035516445619041,-0.5428916484987334,0.5872044064348667,0.895380521057468,0.6008153009607162,1.334363948799569,2926.6566053075176,False,-0.027326919653692175,-0.027601247934195106,110,0.9374126485600502,False,False,0.9892481634296231,False,False,0.8514697847975463,False,False,2737.8673183487167,2.4887687752857346,-188.78928695880086,0.1538919355376963,0.969167736115289,0.1587877204358254,medium,1.100270557968678,1.202228346536327,0.022005411159373562,0.02404456693072654,-0.8601203242430392,-0.9378973763919385,-0.017202406484860783,-0.01875794752783877,-2.7326919653692174,-2.760124793419511,-0.05465383930738435,-0.05520249586839021
78cef262-c753-4658-b3ec-fec8db47f944,Palace Jailer,0.19187794991440152,0.1730193831157372,1.108996844509897,0.26743154324828666,1.211522641498878,0.8630867763425806,1.7006251875209102,2739.1820406771117,False,0.043760332235595806,0.0478535535797564,0.10703199801214162,0.178674665733894,0.5990328711264968,0.5491509647120714,1.112969866732871,0.7841379269866008,1.5796990320512212,2737.53987047123,False,0.024293181016519186,0.026657398363262863,-0.11147134372324809,0.1716763564333319,-0.6493109828232895,0.5161373882623241,0.8945170245634059,0.638932156033646,1.2523406431771962,2926.529617307161,False,-0.02756768890998142,-0.027839572555698133,161,0.6896918746929498,False,False,0.9090895122587523,False,False,0.7989859310138208,False,False,2737.53987047123,1.6421702058814844,-188.98974683593087,0.31700561693547213,1.073003177598385,0.295437724280556,low,4.37603322355958,4.78535535797564,0.08752066447119161,0.0957071071595128,2.4293181016519187,2.6657398363262863,0.04858636203303837,0.053314796726525726,-2.756768890998142,-2.7839572555698133,-0.05513537781996284,-0.05567914511139627
14065271-d942-42a8-aa38-d8a622c0375d,Scrubland,-0.24246967823316112,0.19760708448208614,-1.2270292781691334,0.2198115868139362,0.7846875403306408,0.5327092164508798,1.1558548584017732,2738.901591892743,False,-0.05526404080816624,-0.06036934876687067,-0.25030809287113853,0.19977634972706093,-1.252941567973963,0.21022697259744438,0.778560877060667,0.5263074462957167,1.1517166317059728,2736.3240960553917,False,-0.056651446391316265,-0.06122069870452462,-0.11325169550671729,0.19069845693631438,-0.5938784053430427,0.5525934433675996,0.892925886396497,0.6144543313652608,1.2976011363210767,2926.5982886933944,False,-0.028012556864484044,-0.028283902144774276,120,0.657508648124563,False,False,0.7438594731644836,False,False,0.8331408838465348,False,False,2736.3240960553917,2.5774958373513073,-190.27419263800266,0.11436500933582994,0.8187247679292683,0.13968675898871818,medium,-5.526404080816624,-6.0369348766870665,-0.11052808161633249,-0.12073869753374133,-5.6651446391316265,-6.122069870452462,-0.11330289278263253,-0.12244139740904925,-2.8012556864484046,-2.8283902144774276,-0.05602511372896809,-0.05656780428954855
ed0216a0-c5c9-4a99-b869-53e4d0256326,Mox Pearl,0.23158754726213135,0.16842311635955282,1.3750342130455175,0.1691208380687712,1.2605996837977647,0.906175973283249,1.7536456600514017,2738.520784768437,False,0.05274401415247539,0.0576965128034681,0.152632610164071,0.17216891921005678,0.8865282471678279,0.3753329396684436,1.1648969290253293,0.8312551666707416,1.63245283718055,2737.112739674354,False,0.03460878509656364,0.03804221077680764,-0.11637680562203594,0.16300534764637553,-0.7139447098048848,0.4752613692074551,0.89013975043505,0.6467035462025323,1.2252117372129394,2926.441597580955,False,-0.028775748951055405,-0.02906259551258389,172,0.625428004933569,False,False,0.8554099555234297,False,False,0.7686809685859134,False,False,2737.112739674354,1.4080450940828086,-189.32885790660112,0.37045993336271466,1.105212121086048,0.3351935128965817,low,5.27440141524754,5.76965128034681,0.10548802830495078,0.1153930256069362,3.4608785096563643,3.804221077680764,0.06921757019312728,0.07608442155361528,-2.8775748951055404,-2.9062595512583886,-0.05755149790211081,-0.05812519102516778
2b20d3e1-62ef-44db-8109-a33d4fa3e7f1,Exploration,-0.07924230799286713,0.22775445524013793,-0.347928684465541,0.7278937424613425,0.9238160493101281,0.5911762750788746,1.4436237192521093,2740.2901013324818,False,-0.018126389260277136,-0.019801463115639517,-0.14912167140933438,0.23624441601718504,-0.6312177613480052,0.5278981501851419,0.8614642929475561,0.5421781037572533,1.3687766490029611,2737.4996832864795,False,-0.033843479703256664,-0.036727186306813764,-0.12117090167997935,0.22995022377369673,-0.5269440476788947,0.5982324443322375,0.8858825478392924,0.5644670088270715,1.3903166638506979,2926.673260317702,False,-0.02996836058910242,-0.0302595925236101,88,0.9374126485600502,False,False,0.9084793269322036,False,False,0.8621585227141071,False,False,2737.4996832864795,2.790418046002287,-189.17357703122252,0.06235175636257195,0.8903876300323255,0.07002765341686999,low,-1.8126389260277136,-1.9801463115639517,-0.03625277852055427,-0.039602926231279034,-3.3843479703256665,-3.672718630681376,-0.06768695940651333,-0.07345437261362753,-2.996836058910242,-3.02595925236101,-0.05993672117820484,-0.0605191850472202
f33d3948-fe7b-4c3b-ab67-1022623fbb2b,"Toby, Beastie Befriender",0.11551192619661191,0.2303177084536132,0.5015329779554333,0.6159960746797565,1.1224479010028083,0.7146868656383442,1.7628549663359243,2740.1602495121742,False,0.026396242519893996,0.028849688295089715,0.1202374028556648,0.23679351198163784,0.5077732149392193,0.6116123961275918,1.1277645543271348,0.7090155072911457,1.7938294394376557,2737.641336506529,False,0.027282911079830448,0.02995606114724464,-0.12141215308481967,0.22450364260979597,-0.5408025975589315,0.5886436522452425,0.8856688532082041,0.5703875182342385,1.375221743932001,2926.658435647648,False,-0.030027793214555627,-0.0303163764918446,88,0.9224700379303699,False,False,0.9197216625869145,False,False,0.8514697847975463,False,False,2737.641336506529,2.5189130056451177,-189.0170991411187,0.24209570111893075,1.0452937695127156,0.23160541866789128,low,2.6396242519893995,2.8849688295089715,0.05279248503978799,0.05769937659017943,2.7282911079830447,2.995606114724464,0.054565822159660896,0.05991212229448928,-3.002779321455563,-3.03163764918446,-0.060055586429111255,-0.0606327529836892
106f9629-b3aa-4703-82fb-c1e771bbce72,The Wandering Emperor,0.10785271264631795,0.21807789341176712,0.49456050294228676,0.6209103883460865,1.1138836723254142,0.7264541139154651,1.7079355897453574,2740.1669512435146,False,0.024651895443232808,0.02694049438831836,0.04757603798059704,0.22278664078070343,0.21354977934887837,0.830898166134248,1.048725941092374,0.6776761378511926,1.6229376218077647,2737.853149015086,False,0.010807553301826934,0.011828281377734229,-0.12462791307454958,0.21360611123421047,-0.5834473197159613,0.5595922107997575,0.8828253292416409,0.5808307392921344,1.3418376632415367,2926.6106698574595,False,-0.03081719687666052,-0.03111628554218049,96,0.9224700379303699,False,False,0.982130324906701,False,False,0.8385943809964074,False,False,2737.853149015086,2.3138022284288127,-188.75752084237365,0.23105834308377327,1.0151449808864765,0.22761117617111332,low,2.4651895443232807,2.694049438831836,0.049303790886465616,0.05388098877663672,1.0807553301826933,1.1828281377734229,0.02161510660365387,0.023656562755468458,-3.081719687666052,-3.111628554218049,-0.06163439375332104,-0.06223257108436098
0da69523-cece-425a-b08a-fb27fac29374,Figure of Destiny,0.10888713372216301,0.20993292182671602,0.5186758359512627,0.6039868151565353,1.1150364932204269,0.738908343801475,1.682625986894188,2740.1422916478164,False,0.02489179967499249,0.027198715856394107,-0.11731420664449703,0.2234966015644875,-0.5249037606088489,0.5996500950309214,0.8893057234927861,0.5738613021700084,1.3781460203823457,2737.623254793834,False,-0.026629499868287297,-0.028933766189328636,-0.12513847781366377,0.21497202328544282,-0.5821151789947252,0.5604891015843335,0.8823747048039965,0.5789821427319086,1.3447480711653923,2926.6125297212784,False,-0.030935889211301294,-0.03124542172011746,104,0.9141422067234047,False,False,0.9197216625869145,False,False,0.8385943809964074,False,False,2737.623254793834,2.5190368539824703,-188.9892749274445,0.23266178841643037,0.9622389738390699,0.24179210647452118,low,2.489179967499249,2.7198715856394107,0.04978359934998498,0.05439743171278821,-2.6629499868287296,-2.8933766189328636,-0.053258999736574594,-0.05786753237865727,-3.0935889211301295,-3.124542172011746,-0.06187177842260259,-0.06249084344023492
e58e681e-a069-4414-aafe-634c7987fd0d,Swords to Plowshares,-0.24507938923550188,0.16596311036418857,-1.4767100272928182,0.13975338312071642,0.7826424023934447,0.5653178805813461,1.0835127475435355,2738.2269616228123,False,-0.055829673847487,-0.06103423245724604,-0.3301953577733444,0.16980312237690606,-1.9445776564721897,0.051825830637725695,0.7187832998100049,0.5152982201650558,1.00262219403799,2734.1046193679113,False,-0.07444070442963424,-0.08022004459757914,-0.13647303253435955,0.16144265092390692,-0.8453344376677986,0.3979241386139889,0.8724298471643173,0.6357813091282033,1.1971629667233166,2926.236153403719,False,-0.03373683086672306,-0.034068113559499846,174,0.5828013423757537,False,False,0.5616949213943806,False,False,0.7198965442907832,False,False,2734.1046193679113,4.122342254901014,-192.13153403580782,0.15364654735431238,0.791285183122589,0.1941734164008842,medium,-5.5829673847487005,-6.1034232457246045,-0.111659347694974,-0.12206846491449208,-7.444070442963424,-8.022004459757914,-0.14888140885926848,-0.1604400891951583,-3.3736830866723055,-3.4068113559499844,-0.06747366173344611,-0.06813622711899969
18092f68-b96e-4084-9eba-b240d2195d81,"Adeline, Resplendent Cathar",0.34243562145879763,0.20808019571431988,1.6456905967588513,0.09982747596957771,1.4083736817005001,0.936691248102257,2.11757762371031,2737.7060679599444,False,0.0776524385459775,0.08490158464321684,0.2127890514982556,0.21465009190350035,0.991329887684924,0.3215245234961669,1.2371236543347606,0.8122678500399455,1.8841998191105642,2736.9166881407245,False,0.048181191994896004,0.05308884188992502,-0.139886514971171,0.20380389100267451,-0.6863780386280027,0.4924747495475472,0.8694569001415925,0.5831317444884785,1.2963713746487067,2926.480175529458,False,-0.03457100193962948,-0.034914383514796365,109,0.5511601490151332,False,False,0.8092332095943887,False,False,0.781579359605824,False,False,2736.9166881407245,0.7893798192199029,-189.5634873887334,0.5389167815589077,1.171651412058951,0.4599634123359827,low,7.765243854597751,8.490158464321684,0.155304877091955,0.1698031692864337,4.8181191994896,5.3088841889925025,0.09636238398979201,0.10617768377985004,-3.4571001939629484,-3.4914383514796365,-0.06914200387925896,-0.06982876702959273
d5806e68-1054-458e-866d-1f2470f682b2,The One Ring,-0.2538068494090169,0.1731875866988326,-1.4655025469601264,0.1427838579854221,0.7758416418468193,0.5525261483727013,1.0894149625250709,2738.256179684753,False,-0.05783790622399302,-0.06318372446517645,-0.22638568284995447,0.17554648692867914,-1.2896053165787946,0.19718772884474833,0.7974104947979234,0.5652671672388859,1.124890200716626,2736.2308260957466,False,-0.051287117858501104,-0.05553604491493347,-0.14109694281199137,0.1666062743712055,-0.8468885301259523,0.3970572562176544,0.8684051219824672,0.6264757324076541,1.2037616413123333,2926.2326228357088,False,-0.03489036086889557,-0.03522608640271879,160,0.5891712876872154,False,False,0.7432460548763591,False,False,0.7198965442907832,False,False,2736.2308260957466,2.0253535890064995,-190.00179673996217,0.09256348013564797,0.8138857528757367,0.11373031142096976,medium,-5.783790622399302,-6.318372446517645,-0.11567581244798604,-0.1263674489303529,-5.12871178585011,-5.553604491493347,-0.10257423571700221,-0.11107208982986694,-3.489036086889557,-3.522608640271879,-0.06978072173779114,-0.07045217280543759
3462a3d0-5552-49fa-9eb7-100960c55891,"Oko, Thief of Crowns",-0.2587627711343794,0.18776055665324853,-1.378152982429936,0.16815606026627672,0.7720061434637859,0.5343130038681125,1.1154388555606631,2738.5029800199263,False,-0.058973003818315085,-0.0643956588040186,-0.2203911848714805,0.19301934025369957,-1.141808818648971,0.25353349593453667,0.8022049261445927,0.5495205590312552,1.1710803771657416,2736.589348540024,False,-0.04994827821130384,-0.054025961426717506,-0.14866919864338726,0.18525986980008746,-0.802490030916113,0.4222695527856738,0.8618541702767358,0.5994285205189275,1.2391679498005241,2926.3055850632,False,-0.036759093892961496,-0.03710651116849384,132,0.625428004933569,False,False,0.80563680895586,False,False,0.7420128011838141,False,False,2736.589348540024,1.9136314799025058,-189.71623652317612,0.0898480268129499,0.8120217466283716,0.11064731601833515,medium,-5.897300381831508,-6.43956588040186,-0.11794600763663017,-0.1287913176080372,-4.994827821130384,-5.402596142671751,-0.09989655642260768,-0.10805192285343501,-3.6759093892961494,-3.710651116849384,-0.07351818778592299,-0.07421302233698768
af7091c9-5f98-4078-a42b-c9e057346d9b,Hallowed Fountain,-0.3958617409875553,0.19612274376343453,-2.0184387256230116,0.04354558965618951,0.67309975161128,0.45828577857731934,0.9886042657174198,2736.3157596488163,False,-0.08962702169643534,-0.09789992783772822,-0.3361550872400484,0.20015129013461339,-1.679504973532594,0.09305367038061589,0.7145122854845333,0.4826557482912957,1.0577472824382772,2735.0649834168407,False,-0.07583724700235689,-0.08171764018259026,-0.14922890341742512,0.19435563606029552,-0.7678136144769653,0.44259792493163186,0.8613719213542091,0.5885072987318395,1.2607517162425639,2926.360210466957,False,-0.03689306999167873,-0.03724652820685148,120,0.3930694053954922,True,False,0.6289144618827833,False,False,0.7420128011838141,False,False,2735.0649834168407,1.2507762319755784,-191.2952270501164,0.18827216974292915,0.7496613194833408,0.2511429692980351,low,-8.962702169643535,-9.789992783772822,-0.17925404339287068,-0.19579985567545644,-7.583724700235689,-8.171764018259026,-0.15167449400471378,-0.1634352803651805,-3.689306999167873,-3.724652820685148,-0.07378613998335747,-0.07449305641370296
2b74bb81-fb9a-40e5-a941-e517430b52f5,Indatha Triome,-0.18111514032348877,0.20569027007239918,-0.8805236157244559,0.37857571763875975,0.834339287069624,0.5575137737553746,1.2486185610425697,2739.635407886193,False,-0.04134529166519551,-0.045173586478707284,-0.24022867355847405,0.20658603133371037,-1.162850518050849,0.2448901564907897,0.7864480006398141,0.5245905135219726,1.1790157118128195,2736.546258152189,False,-0.05436776325186205,-0.05883810747772583,-0.15174358245916184,0.20099629440659889,-0.7549571145436,0.45027471447047474,0.8592085686453143,0.5794381687401214,1.2740606405661736,2926.3810736431014,False,-0.03749474095489483,-0.03787607689188327,109,0.7882371007995955,False,False,0.80563680895586,False,False,0.7447581775207852,False,False,2736.546258152189,3.0891497340044225,-189.83481549091266,0.07276056800550013,0.826665285451584,0.08801696319660147,medium,-4.134529166519551,-4.517358647870728,-0.08269058333039102,-0.09034717295741457,-5.436776325186205,-5.883810747772583,-0.1087355265037241,-0.11767621495545166,-3.7494740954894827,-3.7876076891883272,-0.07498948190978966,-0.07575215378376654
1a6f256b-943e-4cfb-9fc9-d1ded68b5f97,Chart a Course,-0.1990168938822466,0.23331983102421366,-0.8529789045732373,0.39367100280646616,0.8195360480704829,0.518754899485915,1.2947141988491635,2739.6802675123745,False,-0.045437896675310945,-0.049609439764191854,-0.06918023275489228,0.23799963653520206,-0.2906736907754057,0.7713008949087755,0.9331584791975464,0.5852831566668815,1.4878007975785497,2737.8141047881563,False,-0.015718128171631374,-0.017118835222069306,-0.15293352856728062,0.2303605741733885,-0.6638875993257863,0.5067622536370928,0.8581867648193059,0.5463801752073926,1.3479341980727526,2926.5089599471685,False,-0.037806362111907625,-0.038173198531169406,83,0.7903099729202425,False,False,0.9695332822545241,False,False,0.7894783769218487,False,False,2737.8141047881563,1.8661627242181567,-188.69485515901215,0.1136224311270635,0.8702937640291117,0.13055641189595238,low,-4.543789667531095,-4.960943976419186,-0.09087579335062189,-0.09921887952838371,-1.5718128171631374,-1.7118835222069306,-0.03143625634326275,-0.03423767044413861,-3.7806362111907625,-3.8173198531169406,-0.07561272422381525,-0.07634639706233881
d7a8cc1d-aabb-4eb6-b0f1-6c93ec246f61,Court of Garenbrig,0.18409673465747112,0.21026923245352624,0.8755286377818505,0.3812863351308191,1.202132105309393,0.7960996114524752,1.8152522345526392,2739.6474163291878,False,0.041988805763658495,0.045912999929545784,0.15036874074048934,0.2258727580285811,0.6657232242299101,0.5055880262105878,1.1622627373441283,0.7465132855842175,1.8095520826015767,2737.4565950870137,False,0.034091366581420285,0.03748596177199648,-0.15433986229350116,0.21775607550142626,-0.7087740809899482,0.47846468452796653,0.856980716080827,0.5592594560666281,1.3131936166080873,2926.4481162880174,False,-0.038148474627818195,-0.038513438776293096,104,0.7882371007995955,False,False,0.9084793269322036,False,False,0.7686809685859134,False,False,2737.4565950870137,2.1908212421740245,-188.9915212010037,0.3451513892285659,1.0737918529114494,0.32143230393556443,low,4.198880576365849,4.591299992954578,0.08397761152731699,0.09182599985909157,3.4091366581420286,3.748596177199648,0.06818273316284057,0.07497192354399296,-3.8148474627818194,-3.8513438776293096,-0.07629694925563639,-0.07702687755258619
7054012b-4f9d-44a0-aaf9-7fd3bddc7b2d,Slickshot Show-Off,0.1318852611040565,0.205026968578799,0.6432581138874343,0.5200566302460904,1.1409773972695967,0.7634042302864167,1.7052950054935883,2739.9978387426104,False,0.03013150279495549,0.03293068623867618,-0.008339698218564137,0.21403548236701536,-0.038964091964264674,0.9689190173219766,0.9916949805940528,0.6519096869107427,1.5085815631852864,2737.897219729998,False,-0.001894951528816464,-0.0020688538431359316,-0.15895675855075525,0.20516121906115803,-0.7747895010478109,0.4384640541387145,0.8530332445653814,0.5705966290718366,1.2752716704923446,2926.3506297261556,False,-0.039269788906259456,-0.03966175071064254,111,0.8389390907673556,False,False,0.9942424259274407,False,False,0.7420128011838141,False,False,2737.897219729998,2.100619012612242,-188.45340999615746,0.28794415270421525,0.9952352074763438,0.2893227154155512,low,3.013150279495549,3.293068623867618,0.06026300558991098,0.06586137247735235,-0.1894951528816464,-0.20688538431359316,-0.003789903057632928,-0.004137707686271863,-3.9269788906259455,-3.966175071064254,-0.07853957781251891,-0.07932350142128508
68c72226-6f52-4322-8b14-18737293dfa0,Bloodstained Mire,-0.2792842425045807,0.1831410698693389,-1.524967844207936,0.12726711825827383,0.7563248929771141,0.5282208852669171,1.0829320833230403,2738.0779315295467,False,-0.0635716625830012,-0.06945460218405397,-0.2672629059517823,0.18569757251191363,-1.4392374781023902,0.15008325017395338,0.7654717979169325,0.5319370370389436,1.1015346415205216,2735.8219610888664,False,-0.06045462586649635,-0.06544120649332869,-0.16235461064786655,0.17687412725888016,-0.9179104551014279,0.35866574758303493,0.8501396824983416,0.6010796043388233,1.2023989410743343,2926.107201347926,False,-0.0401195940868226,-0.040525112303595956,143,0.5828013423757537,False,False,0.6921486360963497,False,False,0.6892008482968122,False,False,2735.8219610888664,2.2559704406803576,-190.28524025905972,0.09381478952122746,0.7906454577974626,0.11865595204021234,medium,-6.35716625830012,-6.9454602184053975,-0.1271433251660024,-0.13890920436810794,-6.045462586649635,-6.544120649332869,-0.1209092517329927,-0.13088241298665737,-4.01195940868226,-4.052511230359595,-0.0802391881736452,-0.08105022460719191
89af0f45-c11c-4f13-9950-b1489440ee5b,Chain Lightning,0.11570091373160593,0.1695822032585462,0.6822703768933083,0.4950680008264583,1.1226600497108774,0.8051874233262244,1.5653070958439304,2739.946021173071,False,0.02643883617209749,0.02890000586552255,-0.0006938449762174623,0.17598143705946023,-0.003942716844521661,0.996854175252457,0.9993063956785458,0.7077831895660119,1.41090278374139,2737.8987223598683,False,-0.0001576550277143986,-0.00017217961828480677,-0.1638823077960328,0.16991217201103082,-0.9645118760849779,0.33478935717246305,0.8488419180777479,0.6084076376942865,1.1842924993784583,2926.0199400238334,False,-0.04047818572161365,-0.04089348875115417,166,0.8314108026455493,False,False,0.998281733290187,False,False,0.6695787143449261,False,False,2737.8987223598683,2.047298813202815,-188.12121766396513,0.2738181316331295,0.990269454489057,0.2765087122417703,low,2.643883617209749,2.890000586552255,0.05287767234419498,0.0578000117310451,-0.01576550277143986,-0.017217961828480677,-0.0003153100554287972,-0.00034435923656961354,-4.047818572161365,-4.089348875115418,-0.0809563714432273,-0.08178697750230834
748e6a61-9c1f-4225-9f04-e54002f63ac3,Savai Triome,-0.24050736639340384,0.21943567772351866,-1.096026721308441,0.27306708080824715,0.7862288537557426,0.5114009826016056,1.2087497511901106,2739.2080526493373,False,-0.05481343924204895,-0.0598759708910519,-0.27896017469510953,0.22425626932741266,-1.2439347873384514,0.21352356487363666,0.7565700332473196,0.4874817317514006,1.1741941860085012,2736.3513829897565,False,-0.06305646651016023,-0.06801887621457214,-0.16429820075659718,0.2144119469601923,-0.7662735359942455,0.44351356132961095,0.8484889641000123,0.5573590588770874,1.291687128311799,2926.363583726198,False,-0.04058739162447216,-0.040985840572816234,96,0.691117316995886,False,False,0.7473324770577283,False,False,0.7420128011838141,False,False,2736.3513829897565,2.8566696595808025,-190.01220073644163,0.09191893085269265,0.7970959503676914,0.11531727241907512,low,-5.481343924204895,-5.98759708910519,-0.1096268784840979,-0.1197519417821038,-6.305646651016023,-6.801887621457214,-0.12611293302032045,-0.1360377524291443,-4.058739162447216,-4.098584057281624,-0.08117478324894432,-0.08197168114563247
c78da035-6b5b-4136-9ab6-f622b64fdc54,Unstoppable Slasher,-0.23192222274507326,0.17678233052940673,-1.311908390677621,0.18955104609883855,0.7930077988779065,0.5607861779527481,1.121392419793503,2738.682917645695,False,-0.052911077057299236,-0.057773708020193326,-0.183889406623291,0.17872535710513351,-1.0288937708772896,0.3035295958315011,0.8320278155042693,0.586143225853741,1.1810599444606513,2736.8369791672435,False,-0.041719876162703694,-0.04525698585639587,-0.16627023325627233,0.17224968911609337,-0.9652861152289745,0.33440152433823667,0.8468173650527403,0.6041821075500281,1.1868932244000423,2926.016368556545,False,-0.04110366154156019,-0.04149788655927272,152,0.6461218267021279,False,False,0.8092332095943887,False,False,0.6695787143449261,False,False,2736.8369791672435,1.845938478451444,-189.17938938930138,0.05380956617483379,0.823950993144972,0.06530675564750019,medium,-5.291107705729924,-5.777370802019332,-0.10582215411459847,-0.11554741604038665,-4.1719876162703695,-4.525698585639587,-0.08343975232540739,-0.09051397171279174,-4.1103661541560195,-4.1497886559272725,-0.08220732308312038,-0.08299577311854545
441f8b2f-c8cb-4340-a92f-116c2276e906,Frantic Search,0.0042525839759931785,0.20172113881007542,0.02108149894987988,0.983180643315191,1.0042616390424899,0.6762984217269484,1.4912668834520817,2740.4108714487065,False,0.0009729911767256949,0.0010631446380504062,0.14625458889716397,0.21056913804713778,0.694568018150996,0.4873260607434031,1.1574908348574258,0.7660859404964383,1.7488704099056225,2737.4176411467274,False,0.03315716339700959,0.03641684014308594,-0.1686644584769776,0.20130448669297646,-0.8378574230897275,0.4021107836447674,0.8447923187358324,0.5693720156701537,1.2534407068725817,2926.2474585408017,False,-0.04167554930053427,-0.04210372850557392,115,0.993986806607904,False,False,0.9084793269322036,False,False,0.7202419298438207,False,False,2737.4176411467274,2.9932303019791107,-188.82981739407433,0.3126985161215934,1.0021815975452493,0.31201781881399476,low,0.09729911767256949,0.10631446380504062,0.0019459823534513899,0.0021262892761008123,3.315716339700959,3.641684014308594,0.06631432679401918,0.07283368028617188,-4.167554930053427,-4.210372850557392,-0.08335109860106854,-0.08420745701114785
01c6f877-6b00-4d57-8a88-36cd3b16edbc,Llanowar Elves,0.020160818272294864,0.17467528895856957,0.11541883452717068,0.9081131509320984,1.0203654202368462,0.7245512740525227,1.436952260109673,2740.3980017464055,False,0.0046119430475758845,0.005040069225299648,-0.03247069735789522,0.20426645115714942,-0.15896245895472264,0.8736984510967054,0.9680508158623007,0.6486688483169166,1.4446853498872219,2737.8734597122957,False,-0.00737946993808563,-0.008046489874642737,-0.170958481587821,0.19791834879518877,-0.8637828813170498,0.3877071735227722,0.8428565668115297,0.5718500654931381,1.2422962505122648,2926.203785845899,False,-0.042271809618073246,-0.04263889017171446,153,0.987736996775704,False,False,0.9892481634296231,False,False,0.7185481569158223,False,False,2737.8734597122957,2.5245420341097997,-188.3303261336032,0.17750885342531653,0.9437576009702254,0.1880873364546462,medium,0.46119430475758844,0.5040069225299648,0.009223886095151769,0.010080138450599296,-0.737946993808563,-0.8046489874642737,-0.01475893987617126,-0.016092979749285474,-4.227180961807324,-4.263889017171446,-0.08454361923614649,-0.08527778034342892
01d1e394-1b0c-4b40-ba85-f55973703d41,Smirking Spelljacker,-0.1739598254069578,0.21230728666000065,-0.8193775547871122,0.4125710367536157,0.8403306569224572,0.5542817723081802,1.274001145704475,2739.7376802152085,False,-0.0397394619002928,-0.0433957610869225,-0.05650950770881716,0.2164688071511524,-0.2610515041520906,0.7940527892807299,0.9450574991209145,0.6182957539583758,1.4445088308091534,2737.8305131538928,False,-0.012840082865669813,-0.013990313932132847,-0.1727239542576313,0.2090801768385446,-0.8261134884681668,0.4087397168303539,0.841369839352766,0.5584885841598086,1.2675338881590037,2926.2662751617463,False,-0.04267842688039326,-0.04308855585389293,102,0.7926616185116572,False,False,0.9813912231725166,False,False,0.7282998590795398,False,False,2737.8305131538928,1.907167061315704,-188.43576200785355,0.10472684219845729,0.8755859984653792,0.11960771686848554,medium,-3.97394619002928,-4.33957610869225,-0.0794789238005856,-0.086791522173845,-1.2840082865669813,-1.3990313932132847,-0.025680165731339626,-0.027980627864265695,-4.267842688039326,-4.308855585389293,-0.08535685376078651,-0.08617711170778586
0f7585c8-9e21-4eef-afc1-2852de23db2f,Polluted Delta,-0.33804881415095617,0.17482687262279584,-1.9336204387773146,0.053159812413153894,0.7131604747255322,0.5062576829436104,1.0046225071657764,2736.648254048199,False,-0.07679504432574336,-0.08387947192363082,-0.30663908956418395,0.1777319448267299,-1.725289676333228,0.08447528149298913,0.7359161528035779,0.5194453343423622,1.042597840719603,2734.9050146770865,False,-0.06929421550271114,-0.07478807654019992,-0.17465516410208823,0.1686896779664829,-1.0353636701872808,0.3004991054177485,0.8397465456011314,0.6033324346533042,1.168798858384351,2925.875808949689,False,-0.04315928492143636,-0.04357272952436281,158,0.4004966302125876,False,False,0.6193017268849004,False,False,0.651444710060683,False,False,2734.9050146770865,1.743239371112395,-190.9707942726027,0.12658607087559914,0.7629410577100805,0.16591854586452492,medium,-7.679504432574335,-8.387947192363082,-0.1535900886514867,-0.16775894384726164,-6.9294215502711145,-7.478807654019992,-0.13858843100542229,-0.14957615308039984,-4.315928492143636,-4.357272952436281,-0.08631856984287271,-0.08714545904872562
21c950d7-b4f6-4902-8c9a-98f2933f9fa5,Adanto Vanguard,0.49252375943379406,0.18060907010299082,2.7270156429737247,0.0063910009183343,1.636440996196553,1.1485841179396408,2.3315132885839667,2732.965174139818,False,0.11057398815605123,0.1211757226894461,0.33337841397452816,0.19470983979667672,1.7121806187229898,0.08686338800369581,1.3956753416072198,0.952892796675954,2.0442065109165126,2734.96645999547,False,0.07510925763087355,0.08315103512236344,-0.17805558993200787,0.18236969903930222,-0.9763441562385612,0.32889394504505265,0.8368958992095046,0.5853764115921817,1.1964861108917284,2925.9981457665044,False,-0.04394805501227724,-0.044395502986980806,152,0.174907454086304,True,False,0.6193017268849004,False,False,0.6645692085446425,False,False,2732.965174139818,-2.001285855651986,-191.03168577103452,0.7995450969870483,1.2896707456710923,0.6199606369849054,low,11.057398815605122,12.11757226894461,0.22114797631210245,0.2423514453788922,7.5109257630873545,8.315103512236345,0.1502185152617471,0.16630207024472687,-4.394805501227724,-4.43955029869808,-0.08789611002455448,-0.08879100597396161
1bd3fa8a-6c50-4f7f-9ae3-0810eec5e3db,Reprieve,0.07798653672593753,0.1802547196293086,0.43264629567711615,0.6652717507921669,1.081108103317416,0.7593346317151781,1.5392353808735386,2740.224213402852,False,0.01783207727473064,0.019488656202930055,-0.00973867766821178,0.18567809015085932,-0.052449255915435804,0.9581707275528275,0.99030858968819,0.6882055408959009,1.425026455807853,2737.895986929078,False,-0.00221285494466178,-0.0024157216509730906,-0.17916142137061297,0.1762162987923952,-1.0167131110935856,0.30928992674484046,0.8359709449293379,0.5918243660984883,1.180835837113458,2925.9168335150503,False,-0.044236558124360864,-0.04467190681857708,149,0.9373483511095011,False,False,0.9942424259274407,False,False,0.6518368348600938,False,False,2737.895986929078,2.328226473774066,-188.02084658597232,0.24513715838807804,0.9691292126449813,0.25294579421359215,low,1.783207727473064,1.9488656202930055,0.03566415454946128,0.03897731240586011,-0.221285494466178,-0.24157216509730906,-0.00442570988932356,-0.004831443301946181,-4.4236558124360865,-4.467190681857708,-0.08847311624872173,-0.08934381363715416
98e7bf8f-dba7-4005-8cee-634c9153931d,Phantasmal Image,-0.061084946727682284,0.19552835820398337,-0.3124096539692514,0.7547292144731701,0.9407433233148323,0.6412598456290828,1.3800926510426401,2740.3136099090593,False,-0.013976116318031738,-0.015267265533611685,0.01836953704369792,0.1969055134357818,0.0932911258967307,0.9256722818465467,1.0185392948536154,0.6924181316935933,1.4982598630446855,2737.8900374899313,False,0.004173454943641959,0.004561549248061181,-0.17936096317174657,0.189782897324036,-0.945084966563162,0.3446154996999239,0.8358041504230829,0.5761798416527035,1.212414123792825,2926.055389323771,False,-0.0443069788557548,-0.044744734001765096,122,0.9374126485600502,False,False,0.9942424259274407,False,False,0.6754463794118508,False,False,2737.8900374899313,2.4235724191280497,-188.16535183383985,0.18273514443053251,0.9316955895305101,0.19613181223989096,medium,-1.397611631803174,-1.5267265533611685,-0.027952232636063477,-0.03053453106722337,0.4173454943641959,0.4561549248061181,0.008346909887283918,0.009123098496122362,-4.43069788557548,-4.474473400176509,-0.0886139577115096,-0.08948946800353019
de0e01e4-e143-47fd-8565-7b48219bb546,Goldvein Hydra,0.050729527667975616,0.1921677583167943,0.26398563480324555,0.7917909880004989,1.052038307544234,0.721863454884878,1.5332326259916362,2740.3417226494685,False,0.011601182353954199,0.012680126195934893,-0.023006831384528546,0.21186873121941066,-0.10859002766530346,0.9135276707484197,0.9772558077402684,0.6451518622344262,1.4803164489898961,2737.8869409627805,False,-0.005228145080438366,-0.005703728809447528,-0.17965439747499473,0.20627386760116215,-0.870950836207536,0.3837809977521831,0.8355589327939431,0.5576904732343392,1.2518749443983954,2926.190092619997,False,-0.044395796200276456,-0.0448042548631718,124,0.9374126485600502,False,False,0.9942424259274407,False,False,0.7185481569158223,False,False,2737.8869409627805,2.4547816866879657,-188.3031516572164,0.216479374750291,0.9549510160261486,0.22669160105314065,low,1.1601182353954198,1.2680126195934893,0.023202364707908398,0.025360252391869786,-0.5228145080438366,-0.5703728809447528,-0.010456290160876732,-0.011407457618895056,-4.439579620027645,-4.48042548631718,-0.08879159240055291,-0.0896085097263436
5de097e5-e960-4404-a370-defe93ce892f,Oracle of Mul Daya,0.08167036952114051,0.2302250093701945,0.3547415189364469,0.7227832435655703,1.0850980694754755,0.6910309618953282,1.7038857667824046,2740.285631136658,False,0.018674091093847035,0.020407585724915855,-0.06840425565896012,0.24551133999930472,-0.2786195361043357,0.780536818539927,0.9338828698231968,0.5771768951607745,1.5110397208576294,2737.821072848096,False,-0.015540097845992274,-0.01691901835206011,-0.18177204257306068,0.2360622920004825,-0.7700172739688943,0.44128964601630116,0.8337913876929108,0.524949015261487,1.3243344743576169,2926.3573038713585,False,-0.04488694557354588,-0.04531506191739354,85,0.9374126485600502,False,False,0.974428130151756,False,False,0.7420128011838141,False,False,2737.821072848096,2.46455828856233,-188.53623102326264,0.25130668178256466,0.9509241089971944,0.2642762754722692,low,1.8674091093847034,2.0407585724915855,0.03734818218769407,0.04081517144983171,-1.5540097845992273,-1.6919018352060111,-0.031080195691984547,-0.03383803670412022,-4.488694557354588,-4.5315061917393535,-0.08977389114709176,-0.09063012383478708
aac0c8df-f01d-4178-8d66-ee603f814d24,Mishra's Workshop,-0.3388486488355159,0.2365785533746589,-1.4322881089685944,0.15206138474910436,0.7125902922984276,0.44818794544906987,1.1329731864367178,2738.3465138948222,False,-0.07696880812898567,-0.08400023352037927,-0.2091890634176663,0.2424493215071887,-0.8628156272710533,0.3882388456582987,0.8112418449878203,0.5043979528057689,1.3047502024907416,2737.151305933311,False,-0.0474187555156641,-0.051401356337554494,-0.18365266830467472,0.2354479934308857,-0.7800137330904237,0.43538279177958794,0.8322248116877063,0.5245939546074655,1.320255658887423,2926.3405164825604,False,-0.045360891453442985,-0.04581640857208197,80,0.6021016446631203,False,False,0.8579558660970787,False,False,0.7420128011838141,False,False,2737.151305933311,1.195207961511187,-189.1892105492493,0.11963451938927872,0.7853523163246514,0.15233229329373216,low,-7.696880812898567,-8.400023352037927,-0.15393761625797134,-0.16800046704075855,-4.741875551566411,-5.140135633755449,-0.0948375110313282,-0.10280271267510899,-4.536089145344299,-4.581640857208197,-0.09072178290688597,-0.09163281714416394
329a8738-3e17-403a-857a-0ba529ce8cd1,Walking Ballista,-0.1658249428191039,0.19151754091419423,-0.8658472849408535,0.38657391467158253,0.8471945286948759,0.5820497679233023,1.233122335932467,2739.659115751358,False,-0.03789453190421854,-0.04137763894383806,-0.10937536445474999,0.19318410980082126,-0.5661716409673618,0.57127710613844,0.8963938799400835,0.6138429166359951,1.3090026230122978,2737.577538368945,False,-0.02484455159953368,-0.027014379847784764,-0.18375737410623905,0.18590990725945866,-0.988421632902998,0.3229461971397465,0.8321376774835249,0.5780234776663438,1.1979671086775199,2925.9701609662397,False,-0.04540117418668112,-0.04584044129516618,128,0.7882371007995955,False,False,0.9160379966359338,False,False,0.6628005721402127,False,False,2737.577538368945,2.0815773824128883,-188.39262259729458,0.06425620245655861,0.8585753620394948,0.07484049193296417,medium,-3.7894531904218542,-4.137763894383806,-0.07578906380843708,-0.08275527788767612,-2.484455159953368,-2.7014379847784764,-0.04968910319906736,-0.05402875969556953,-4.540117418668112,-4.584044129516618,-0.09080234837336223,-0.09168088259033236
5d10b752-d9cb-419d-a5c4-d4ee1acb655e,"Teferi, Hero of Dominaria",-0.1401328412011568,0.19296829746991112,-0.7261961837177282,0.46771851116420304,0.8692427564769291,0.5955018972330314,1.268817065400441,2739.8828425895545,False,-0.03203172159649246,-0.03498557794350782,-0.06014989539879066,0.20148371621954772,-0.29853477257312466,0.7652950406724955,0.9416233779934713,0.634411184235873,1.397602387876849,2737.8095598113077,False,-0.013666885283790644,-0.014887101180727003,-0.18603036876207538,0.19439612127437406,-0.956965435022795,0.3385847015514497,0.8302483809835302,0.5671980359624396,1.2152940074203995,2926.032959030812,False,-0.045946683279887095,-0.04638835488776699,124,0.8221252881278078,False,False,0.9695332822545241,False,False,0.6703293081220622,False,False,2737.8095598113077,2.073282778246721,-188.22339921950424,0.11137499700994113,0.8803715051513102,0.12650908889969015,medium,-3.2031721596492457,-3.4985577943507815,-0.06406344319298492,-0.06997115588701563,-1.3666885283790644,-1.4887101180727003,-0.027333770567581288,-0.029774202361454005,-4.5946683279887095,-4.638835488776699,-0.09189336655977419,-0.09277670977553398
487116ab-b885-406b-aa54-56cb67eb3ca5,Scavenging Ooze,0.159778021534172,0.23623361654969424,0.6763559897520386,0.4988146524587057,1.173250405758941,0.7384219521388772,1.8641327097960303,2739.9543530302017,False,0.036486399302946865,0.03986919962276442,-0.03844605474249861,0.2600029966845821,-0.1478677370366571,0.8824471503750666,0.9622836139770217,0.5780748454793165,1.6018509730532973,2737.876869381823,False,-0.008735013390897349,-0.009523894779775832,-0.1865428506446202,0.2528658935535433,-0.7377145570053739,0.46068792427029437,0.8298230027388958,0.5055238796318539,1.3621635764784692,2926.407367058442,False,-0.04604445657488586,-0.04650517259442938,79,0.8314108026455493,False,False,0.9892481634296231,False,False,0.7556052983847505,False,False,2737.876869381823,2.077483648378802,-188.53049767661923,0.34342740302004526,0.9884523408249528,0.3474395161363309,low,3.6486399302946864,3.986919962276442,0.07297279860589373,0.07973839924552883,-0.8735013390897349,-0.9523894779775832,-0.017470026781794698,-0.019047789559551664,-4.6044456574885855,-4.650517259442938,-0.09208891314977172,-0.09301034518885876
a2c56479-4bee-4edb-80d7-4af010b7c793,Raffine's Tower,-0.22048859666099613,0.18959073048879324,-1.1629713968216884,0.24484110768447698,0.8021267857331392,0.5531719262397156,1.1631237050734902,2739.0539139638427,False,-0.05030714705235582,-0.054938502274695655,-0.13287215978077715,0.19641563258815592,-0.6764846465117333,0.4987329908076593,0.8755770189122893,0.5958020489891512,1.2867278945213747,2737.4403743398784,False,-0.030169169762727585,-0.03277472556359112,-0.19128960553252622,0.18791928889301981,-1.0179349158852187,0.30870888711902433,0.8258933702241547,0.5714310721040875,1.19366952950008,2925.9121407356874,False,-0.047240775185287055,-0.047711523765998354,133,0.6855551015165355,False,False,0.9084793269322036,False,False,0.6518368348600938,False,False,2737.4403743398784,1.6135396239642432,-188.47176639580903,0.07345023317915012,0.8345323916231945,0.08801363963391147,medium,-5.030714705235582,-5.493850227469565,-0.10061429410471164,-0.10987700454939131,-3.0169169762727583,-3.277472556359112,-0.06033833952545517,-0.06554945112718225,-4.724077518528706,-4.771152376599836,-0.09448155037057411,-0.09542304753199671
247939d9-87e9-4f01-b223-fb4cfa7dbbe1,Mana Leak,-0.31425568576222096,0.17516514588229562,-1.794053743850326,0.0728045910820332,0.730332268721775,0.5181039549158366,1.029494597899645,2737.1747860534197,False,-0.07145943592662873,-0.07805421501505205,-0.23357534223770127,0.18110767227507252,-1.2897042919470527,0.1971533488480386,0.7916979451983982,0.5551336519531366,1.1290715924464947,2736.2279277374982,False,-0.052919536146978814,-0.05731973469226781,-0.19154035553233767,0.17354129903183688,-1.1037162715786677,0.26971623494960806,0.8256863034238117,0.5876161786415376,1.1602094980396553,2925.7289206342875,False,-0.047306322587321335,-0.04777944848354487,155,0.4908423571123028,False,False,0.7432460548763591,False,False,0.6293378815490855,False,False,2736.2279277374982,0.9468583159214177,-189.50099289678928,0.09535403470203663,0.7825721724479949,0.12184695298295097,medium,-7.145943592662873,-7.805421501505205,-0.14291887185325747,-0.1561084300301041,-5.291953614697881,-5.731973469226781,-0.10583907229395763,-0.11463946938453562,-4.730632258732133,-4.777944848354487,-0.09461264517464267,-0.09555889696708975
1f9fb33a-3b39-4aff-93b8-aedafe0ea694,Fanatic of Rhonas,0.025874731920815425,0.20323172981571572,0.1273163985971966,0.8986899817216573,1.0262123887666204,0.6890375855965158,1.5283808733690332,2740.395118578189,False,0.005918961015226549,0.0064683771497955345,-0.029204438808467806,0.22542624179845794,-0.12955208131703672,0.8969208171983081,0.9712178895409855,0.62435268326698,1.5107874351219788,2737.8819465073693,False,-0.006636656504232199,-0.007237805029184752,-0.19364798788602552,0.21702132073850397,-0.8922993705275541,0.37223249157595883,0.8239478928654053,0.538477386626228,1.2607588489664427,2926.1524756846684,False,-0.047845600840584854,-0.04826349605443364,114,0.9872457930608796,False,False,0.9942424259274407,False,False,0.7098740067961948,False,False,2737.8819465073693,2.5131720708195644,-188.27052917729907,0.2022644959012151,0.9404593903910037,0.21506988815021771,low,0.5918961015226548,0.6468377149795534,0.011837922030453097,0.012936754299591069,-0.6636656504232199,-0.7237805029184752,-0.013273313008464398,-0.014475610058369504,-4.784560084058485,-4.826349605443364,-0.09569120168116971,-0.09652699210886728
0845f0b0-9413-4ddd-861d-9607636bebc6,Natural Order,0.0646190482875157,0.19292352686386202,0.33494643881932884,0.7376654902536471,1.066752565751832,0.7308762922763216,1.5569817335214495,2740.2992100849983,False,0.014777873162311154,0.01615008552002034,-0.15967273003879143,0.23864115706315855,-0.669091333631661,0.5034372179088165,0.8524227156706468,0.5339733231687825,1.3607879919530044,2737.449475385548,False,-0.03622946621322963,-0.039272044681289975,-0.19507124037531348,0.23105099760741327,-0.8442778537869192,0.3985141584466836,0.8227760410941295,0.5231269052522117,1.294065373051593,2926.2367453206825,False,-0.048154397754318935,-0.04861384459352269,122,0.9374126485600502,False,False,0.9084793269322036,False,False,0.7198965442907832,False,False,2737.449475385548,2.849734699450437,-188.78726993513465,0.24397652465770248,0.9139837741722028,0.2669374791458115,low,1.4777873162311155,1.615008552002034,0.02955574632462231,0.03230017104004068,-3.622946621322963,-3.9272044681289975,-0.07245893242645926,-0.07854408936257995,-4.815439775431893,-4.861384459352269,-0.09630879550863787,-0.09722768918704539
f9246b68-580f-4f53-883d-7900880e4b0d,Six,0.03162609854696411,0.2191522994385804,0.1443110504794299,0.8852548526276551,1.0321315176747645,0.6717208622221432,1.5859198808467432,2740.3905007534995,False,0.007235050232526385,0.00790595130688232,-0.1612306251577703,0.23524425870688112,-0.6853753883050842,0.4931070706180679,0.851095764376449,0.5367035570318782,1.3496538091632346,2737.4286718838434,False,-0.03658252586642405,-0.039650973903498976,-0.19554998155319353,0.22915969929010796,-0.8533349544399352,0.39347358130018883,0.8223822385953421,0.5248183941374975,1.2886601420831654,2926.2216532027505,False,-0.04827185936795533,-0.04873755516694078,94,0.9802822096893808,False,False,0.9084793269322036,False,False,0.7198965442907832,False,False,2737.4286718838434,2.961828869656074,-188.7929813189071,0.20974927907942242,0.9018698402155185,0.23257156379605615,low,0.7235050232526385,0.790595130688232,0.01447010046505277,0.01581190261376464,-3.658252586642405,-3.9650973903498974,-0.0731650517328481,-0.07930194780699795,-4.827185936795534,-4.873755516694079,-0.09654371873591067,-0.09747511033388156
8db735ea-f9cf-4e3c-9200-4f180df55baa,Fractured Identity,-0.24632122121425198,0.202246471738432,-1.2179259252187224,0.22325212329522426,0.7816710952551843,0.5258578731874282,1.1619293583147725,2738.9223758498656,False,-0.056153073806665295,-0.061318024158652784,-0.1957654913459303,0.20533675503104862,-0.9533874795884884,0.34039378276187426,0.8222050262657341,0.549786349759359,1.229606929150806,2736.9878490453902,False,-0.04438895898777294,-0.04806851402045992,-0.20165206615534886,0.19676273806471845,-1.0248488516612442,0.30543451184181103,0.8173792723856197,0.5558220817676716,1.2020193094899538,2925.8967942407953,False,-0.04978556026731436,-0.05026219369060764,115,0.657508648124563,False,False,0.8392098291990863,False,False,0.6518368348600938,False,False,2736.9878490453902,1.9345268044753539,-188.90894519540507,0.040533931010549806,0.8070851313021793,0.050222621429230084,medium,-5.61530738066653,-6.131802415865279,-0.11230614761333059,-0.12263604831730557,-4.438895898777294,-4.806851402045992,-0.08877791797554588,-0.09613702804091984,-4.978556026731436,-5.0262193690607635,-0.09957112053462872,-0.10052438738121527
52d3005f-a1c7-4ef5-911f-ccc0752f4181,Faerie Mastermind,-0.23122656969198233,0.17842304122225544,-1.295945681163182,0.19499419954578234,0.7935596491002119,0.5593746976385479,1.125787275217389,2738.726397655521,False,-0.05273708725367702,-0.057600662370830946,-0.14166695942195145,0.19133050506760393,-0.7404305935004741,0.45903876105204666,0.8679102576925946,0.5965007683460075,1.2628118107822512,2737.349256661734,False,-0.03216128234287153,-0.03492455475103373,-0.208063498961321,0.1832580964339319,-1.1353577441329143,0.25622545693775667,0.8121554640461529,0.5670831324229705,1.163138982748033,2925.6579524695417,False,-0.05136378140046142,-0.051872710764594765,151,0.6486701736975794,False,False,0.9036712025999508,False,False,0.6168738428388774,False,False,2737.349256661734,1.3771409937867247,-188.30869580780745,0.07435060859238263,0.8245417902796531,0.09017203187138124,medium,-5.273708725367702,-5.760066237083095,-0.10547417450735404,-0.11520132474166189,-3.216128234287153,-3.492455475103373,-0.06432256468574306,-0.06984910950206746,-5.1363781400461415,-5.187271076459476,-0.10272756280092284,-0.10374542152918953
18bd50f2-c3ba-4217-a2d5-bb771e199706,Vampiric Tutor,-0.23079994964886144,0.17284436208834636,-1.3353050505106558,0.18177652631823604,0.7938982697779783,0.565765895041086,1.1140198945903181,2738.617903481244,False,-0.052685847802452654,-0.057498623817700156,-0.08312957725784967,0.18096266175221662,-0.4593741960519732,0.6459654750537587,0.9202318983683456,0.6454442792323939,1.3120059686356085,2737.6873449986488,False,-0.018892154547162823,-0.02057754535304579,-0.2086591504557418,0.1741343186593528,-1.1982655232018198,0.23081366403502002,0.8116718464783542,0.5769714954304264,1.1418435600082835,2925.507939712199,False,-0.05154542955634656,-0.052062000276174636,161,0.6461218267021279,False,False,0.9206718127548238,False,False,0.603193042011519,False,False,2737.6873449986488,0.9305584825951883,-187.82059471355024,0.12633362859036734,0.8419340048748927,0.15005169984687802,medium,-5.268584780245265,-5.749862381770016,-0.10537169560490531,-0.11499724763540031,-1.8892154547162823,-2.057754535304579,-0.03778430909432565,-0.04115509070609158,-5.154542955634656,-5.206200027617464,-0.10309085911269313,-0.10412400055234927
35f1a6ba-e46f-44fb-93f4-fb883d677b36,Baleful Mastery,-0.11790444218400571,0.19300397486050477,-0.6108912641266695,0.5412715685812861,0.8887809785260906,0.6088445898551013,1.2974273582324034,2740.0371881657093,False,-0.02696502514327115,-0.0294477356471875,-0.061463034710692074,0.19548858975461447,-0.3144072745516404,0.7532117317965182,0.9403877068005919,0.6410674056115755,1.3794634251573434,2737.799764932183,False,-0.013966234198426993,-0.01521540336286481,-0.2138682281616622,0.18828014843708624,-1.1359042890978293,0.2559966230566688,0.8074547778131879,0.5582785100885213,1.1678458089134853,2925.654831503959,False,-0.05278759426811431,-0.05330682260779973,125,0.8453324895771481,False,False,0.9685604714091975,False,False,0.6168738428388774,False,False,2737.799764932183,2.2374232335264423,-187.8550665717762,0.13293292898740405,0.8788744877132902,0.15125359860345602,medium,-2.696502514327115,-2.94477356471875,-0.0539300502865423,-0.058895471294375,-1.3966234198426992,-1.521540336286481,-0.027932468396853986,-0.03043080672572962,-5.278759426811431,-5.330682260779973,-0.10557518853622862,-0.10661364521559946
045ce37b-86d2-4e56-84af-b6625b53d13c,Path to Exile,0.2167080080197235,0.1680502365436284,1.2895430109285373,0.1972093735313457,1.2419814005787462,0.8934450414124322,1.7264831387334174,2738.7503072429554,False,0.049363795444182866,0.05401307221241769,0.13144514658922873,0.17510655940190054,0.7506580395285986,0.45285848189644384,1.1404753470438678,0.8091558705507969,1.6074579256644927,2737.3353488695193,False,0.029813693932416882,0.032755698446641446,-0.21447462316919244,0.1670105458317026,-1.2841980852234303,0.19907265500977123,0.8069652896936907,0.5816913531322133,1.1194819645572622,2925.3003845283647,False,-0.05289591110947077,-0.053419717511312526,171,0.6486701736975794,False,False,0.9036712025999508,False,False,0.5950768732954331,False,False,2737.3353488695193,1.414958373436093,-187.9650356588454,0.43501611088505543,1.063140679105435,0.4091801954667878,low,4.936379544418287,5.401307221241769,0.09872759088836573,0.10802614442483538,2.981369393241688,3.275569844664145,0.059627387864833764,0.06551139689328289,-5.289591110947077,-5.341971751131252,-0.10579182221894154,-0.10683943502262505
d2e27911-87cb-49a0-a34f-6afe4bddd592,Phyrexian Metamorph,-0.4548564129583445,0.1744616234075715,-2.607200392121332,0.00912859189854181,0.6345390729956258,0.45076858122720836,0.8932295903631289,2733.5597074429693,False,-0.10263364613731588,-0.1121903178910853,-0.40784377326254406,0.17754406222906863,-2.2971411611408388,0.021610718349363994,0.6650827744185411,0.4696206042631744,0.9418988281450709,2732.5922446569016,False,-0.09169075113584042,-0.09881572116567261,-0.2195392281829587,0.16887930639085583,-1.299977083485025,0.19360882363002918,0.8028886612119623,0.5766368027091248,1.117913735776436,2925.2546454088133,False,-0.054179758082329624,-0.05471716140298921,159,0.174907454086304,True,False,0.4431684263420406,True,False,0.5950768732954331,False,False,2732.5922446569016,0.9674627860676992,-192.66240075191172,0.1683495882163365,0.7008368362087097,0.24021224273405895,low,-10.263364613731587,-11.21903178910853,-0.20526729227463175,-0.2243806357821706,-9.169075113584043,-9.881572116567261,-0.18338150227168085,-0.19763144233134522,-5.4179758082329625,-5.471716140298922,-0.10835951616465925,-0.10943432280597842
345a4aee-5846-4ae9-9af1-4c8fe8d692ec,Winds of Abandon,-0.04839320399474595,0.19190271786088894,-0.2521757093082255,0.8009052526300451,0.9527590847369548,0.6540820144680011,1.3878227094917448,2740.3476746199412,False,-0.011072826556203884,-0.012096340826031615,-0.06399705943754136,0.197640574021315,-0.3238052700182881,0.7460854660871126,0.9380077577970726,0.6367535534590358,1.3817882113226325,2737.7938012698532,False,-0.014541015956942677,-0.01583278287129314,-0.22201789015648438,0.1898823498028615,-1.169239217794526,0.24230726447709683,0.8009010359616293,0.5520110052977973,1.1620102919114221,2925.579397562031,False,-0.05477291683586216,-0.055287527530673786,127,0.9374126485600502,False,False,0.9685604714091975,False,False,0.6128028882259481,False,False,2737.7938012698532,2.553873350087997,-187.78559629217762,0.1518580487753255,0.8972226261652189,0.1692534766141326,medium,-1.1072826556203885,-1.2096340826031615,-0.02214565311240777,-0.02419268165206323,-1.4541015956942678,-1.5832782871293138,-0.029082031913885354,-0.03166556574258628,-5.477291683586216,-5.528752753067378,-0.10954583367172432,-0.11057505506134757
1af92296-455a-425e-9397-a96d09937767,Incinerate,-0.023743251396417458,0.1975720753115454,-0.12017513790335728,0.9043444121017113,0.9765364019316429,0.6629971953761903,1.4383520035201733,2740.396871527693,False,-0.005432510304813836,-0.005935578501131966,-0.2086474632519466,0.2071234263275545,-1.0073581098546618,0.3137627141255114,0.8116813327080725,0.540852122327626,1.2181270233930275,2736.8824951056267,False,-0.04727181449910849,-0.05116018388277199,-0.2234285353063677,0.19758287998193183,-1.13080918410947,0.25813541355487657,0.7997720452895382,0.5429755541349385,1.1780186410890443,2925.6719687755385,False,-0.05507500892236715,-0.05565787830659086,119,0.9874735641890552,False,False,0.8092332095943887,False,False,0.6168738428388774,False,False,2736.8824951056267,3.514376422066107,-188.78947366991179,0.17676435664210477,0.8626632599764178,0.20490539570090988,low,-0.5432510304813837,-0.5935578501131966,-0.010865020609627673,-0.011871157002263932,-4.727181449910849,-5.116018388277199,-0.09454362899821699,-0.10232036776554398,-5.507500892236715,-5.565787830659086,-0.1101500178447343,-0.11131575661318172
175b3d28-5c74-4972-9b5c-5e39762c78f4,Relic of Sauron,-0.2088822496574739,0.1906633541030974,-1.0955553081507472,0.2732734289141896,0.8114907833356089,0.5584543371047069,1.1791783995316558,2739.206610645395,False,-0.04767828093957515,-0.052063978647475306,-0.11408636727487674,0.19519646355264858,-0.5844694376038491,0.5589045215672431,0.8921808973219885,0.6085528996402509,1.3079992783155252,2737.5564914925135,False,-0.025911634958347,-0.028191904815087154,-0.2234995015774963,0.18918095504220137,-1.1814059270799184,0.23744150458172308,0.799715290463594,0.5519520107892859,1.1586959251887283,2925.55035344662,False,-0.055141539961128444,-0.05572298407427606,128,0.691117316995886,False,False,0.9090895122587523,False,False,0.6128028882259481,False,False,2737.5564914925135,1.650119152881416,-187.9938619541067,0.09246560685839444,0.8344623237070637,0.11080860601065831,medium,-4.767828093957515,-5.20639786474753,-0.0953565618791503,-0.10412795729495061,-2.5911634958347,-2.8191904815087154,-0.051823269916694,-0.05638380963017431,-5.514153996112844,-5.572298407427606,-0.11028307992225689,-0.11144596814855212
6151b583-3aa7-4be8-9d05-d5e53f19c6c9,Fastbond,-0.1998075061034798,0.17570674899884425,-1.137164663520091,0.2554694560099182,0.8188883689203998,0.5803100588009996,1.1555515031716315,2739.1122023135013,False,-0.045641129935405374,-0.04981990648516871,-0.2073265989582873,0.18597738516033505,-1.114794676672901,0.2649384181831308,0.8127541619732322,0.5644845450595376,1.1702168528549162,2736.6499503968435,False,-0.04702870802033493,-0.050923673610290265,-0.22397160450893885,0.17790725292858545,-1.258923404313619,0.2080579993356727,0.7993378316373666,0.5640176011552434,1.1328387053489515,2925.358142583278,False,-0.05529007044072555,-0.055810621339700606,157,0.6896918746929498,False,False,0.8092332095943887,False,False,0.5950768732954331,False,False,2736.6499503968435,2.462251916657806,-188.70819218643464,0.019550537283033242,0.8103267875103328,0.024126732059667897,medium,-4.564112993540538,-4.981990648516871,-0.09128225987081075,-0.09963981297033742,-4.702870802033493,-5.0923673610290265,-0.09405741604066986,-0.10184734722058053,-5.529007044072555,-5.581062133970061,-0.1105801408814511,-0.11162124267940121
74d29b3d-f588-431d-bf4e-f7215683ab39,Tangle Wire,-0.1673652537992825,0.20570592440137278,-0.8136141644259108,0.41586602087044344,0.8458905901532123,0.5652151263932909,1.2659443406542263,2739.7463584927627,False,-0.03824829897474172,-0.04175833442951016,-0.24925936497729223,0.21353617835246433,-1.1672933687417735,0.24309191571073663,0.7793778038615862,0.5128405634830108,1.1844417240061627,2736.5265010564276,False,-0.056461154133869935,-0.06096261219558957,-0.23154651049440747,0.20541551846969078,-1.1272104085386925,0.25965353078677234,0.7933057976001984,0.5303803296403277,1.1865713212495337,2925.6734836922633,False,-0.057120393985000295,-0.057643119424669154,109,0.7926616185116572,False,False,0.80563680895586,False,False,0.6168738428388774,False,False,2736.5265010564276,3.2198574363351327,-189.14698263583568,0.06651278629162616,0.8061913972049989,0.08250247586642659,medium,-3.8248298974741717,-4.175833442951015,-0.07649659794948344,-0.08351666885902032,-5.646115413386994,-6.096261219558957,-0.11292230826773987,-0.12192522439117914,-5.712039398500029,-5.764311942466915,-0.11424078797000059,-0.11528623884933831
245cdc59-d560-4c10-b721-f51cc312e370,Mishra's Factory,-0.13343923726445958,0.2105927454207935,-0.6336364388898083,0.5263181145461886,0.8750806396556864,0.5791458007807552,1.3222337533447783,2740.0081734231267,False,-0.030514366047034676,-0.03331738760887454,-0.08146070418864054,0.21352998094150835,-0.3814953938995332,0.7028356884021623,0.9217689308002386,0.6065431138352161,1.400820390847678,2737.7528313434686,False,-0.018509623824601803,-0.020141264851181118,-0.2331361245102351,0.20829680859109073,-1.1192496231082765,0.2630336607897511,0.7920457493460102,0.5265558530605791,1.1913958707527827,2925.6896380417284,False,-0.05751687432877983,-0.05804563698138726,102,0.841151359346246,False,False,0.9425636711937635,False,False,0.62113972909387,False,False,2737.7528313434686,2.2553420796580212,-187.93680669825972,0.12972318145422834,0.8629651066006451,0.15032262656045076,medium,-3.0514366047034676,-3.331738760887454,-0.06102873209406935,-0.06663477521774908,-1.8509623824601802,-2.014126485118112,-0.037019247649203606,-0.040282529702362235,-5.751687432877983,-5.804563698138726,-0.11503374865755966,-0.11609127396277452
5f608efc-0dbc-4cc3-aadd-ed473bfc29ab,Portal to Phyrexia,-0.3693019786311969,0.21762402883207604,-1.6969724373412791,0.08970187162396465,0.6912166462740326,0.45119977604974293,1.0589111020162556,2737.4997071114276,False,-0.08382208130089763,-0.09142739565767866,-0.2487040221551175,0.22745419339822462,-1.0934246515283579,0.27420739489217427,0.7798107459352327,0.49931693667303245,1.2178733682215734,2736.695111713372,False,-0.05634162393061511,-0.06105130799159769,-0.2356666725778508,0.22125250396267163,-1.0651480473984196,0.2868089393222818,0.7900439733689313,0.5120558487279018,1.2189480530438042,2925.8087269058783,False,-0.058140034727939334,-0.05873967197797242,96,0.5336858032092169,False,False,0.8092332095943887,False,False,0.6424520240819112,False,False,2736.695111713372,0.8045953980554259,-189.11361519250613,0.09882732709489872,0.7536904551927321,0.13112455705655288,low,-8.382208130089763,-9.142739565767865,-0.16764416260179527,-0.1828547913153573,-5.634162393061511,-6.105130799159769,-0.11268324786123023,-0.12210261598319538,-5.814003472793933,-5.873967197797242,-0.11628006945587867,-0.11747934395594484
8683a978-1bef-4b01-9361-56b1fc157d26,Courser of Kruphix,0.0019277332633121091,0.19261068186561162,0.010008444207975588,0.9920145502047162,1.0019295925356144,0.6868844450295811,1.4614727639601013,2740.41121567764,False,0.0004410684158355846,0.0004819331918504699,-0.051454827391538546,0.20535143976662945,-0.2505695964440966,0.8021468904503888,0.9498465560396769,0.6351185215891667,1.4205356155619069,2737.835866831915,False,-0.011692917602856456,-0.012740583146105933,-0.23928455035645996,0.19930283547037111,-1.200607857844715,0.22990335150334074,0.787190855062264,0.5326354178653493,1.1634026230871326,2925.5016439237106,False,-0.059016271288002575,-0.059570877119758614,124,0.993986806607904,False,False,0.9813912231725166,False,False,0.603193042011519,False,False,2737.835866831915,2.575348845724875,-187.66577709179546,0.21473873747335037,0.9129890012125185,0.2352040793351958,low,0.04410684158355846,0.04819331918504699,0.0008821368316711692,0.0009638663837009398,-1.1692917602856456,-1.2740583146105933,-0.023385835205712913,-0.025481166292211865,-5.901627128800257,-5.957087711975861,-0.11803254257600515,-0.11914175423951723
99ff731b-8399-40c8-b539-ba6ba5783771,Wasteland,-0.13708529561317917,0.20339053925745987,-0.6740003547542156,0.5003110881410511,0.871895854068848,0.5852414671484079,1.2989550860887147,2739.9562779716134,False,-0.03133216721206403,-0.034225826952289595,-0.2858540054911289,0.21118926389373657,-1.3535442106326065,0.1758818360948079,0.7513723041702788,0.4966920996251394,1.1366404657940716,2736.061264407365,False,-0.06461583759649786,-0.0696090406940234,-0.24198439874179994,0.20048947068859604,-1.2069681161344108,0.22744442313196833,0.7850684255114986,0.5299652920431009,1.1629675414385032,2925.4919243389845,False,-0.05962451195921534,-0.06020244878147568,112,0.8314108026455493,False,False,0.7361808790854395,False,False,0.603193042011519,False,False,2736.061264407365,3.8950135642485293,-189.43065993161963,0.12052354989856917,0.8027788612502084,0.15013293911460462,medium,-3.1332167212064026,-3.4225826952289595,-0.06266433442412805,-0.06845165390457919,-6.461583759649786,-6.960904069402341,-0.12923167519299572,-0.1392180813880468,-5.962451195921534,-6.020244878147568,-0.11924902391843067,-0.12040489756295136
054f2276-2dd5-43da-bb26-c57c560861fe,Steam Vents,-0.5355008145931758,0.18548530819805628,-2.8870254997305893,0.003889027103914004,0.5853760518526514,0.4069552629343264,0.8420216011259612,2731.9988571440445,False,-0.12016560535017265,-0.1313347401512444,-0.50488495294595,0.19371328668176827,-2.6063516942716163,0.009151244424905454,0.6035750109596963,0.41289457091594123,0.8823143231136449,2731.035050615283,False,-0.11284179531331419,-0.12155916874303818,-0.2482150256391989,0.184675357233947,-1.3440614349252875,0.17892852153612182,0.7801921639215038,0.5432537669236965,1.1204704867329793,2925.1352610153663,False,-0.0611921124904374,-0.06182958571343816,140,0.174907454086304,True,False,0.4431684263420406,True,False,0.5950768732954331,False,False,2731.035050615283,0.9638065287613244,-194.10021040008314,0.1948161120688524,0.6563810755779506,0.29680336517519906,low,-12.016560535017264,-13.133474015124442,-0.2403312107003453,-0.2626694803024888,-11.28417953133142,-12.155916874303818,-0.22568359062662838,-0.24311833748607636,-6.11921124904374,-6.182958571343816,-0.1223842249808748,-0.12365917142687632
fd99bce1-ce39-464b-8e61-2631eb3ed6f6,Tolarian Academy,-0.33998604372710967,0.2055166117616655,-1.6542995761402797,0.09806665907405288,0.7117802564927882,0.4757805298693647,1.0648420894231323,2737.6537724688624,False,-0.07724687564878589,-0.08430698715247381,-0.21550583034624393,0.21165659708106077,-1.0181862191789324,0.3085894672566063,0.8061335702065828,0.5324039567242198,1.220598240877891,2736.8571578333517,False,-0.04885582748021295,-0.0529660463742051,-0.2488162357350214,0.20501743889936208,-1.2136344940742287,0.22488732887380403,0.7797232454892448,0.5217063402461154,1.1653458903134502,2925.4694405427226,False,-0.06134183712179185,-0.06198664721738806,109,0.5491732908146961,False,False,0.8092332095943887,False,False,0.603193042011519,False,False,2736.8571578333517,0.7966146355106503,-188.6122827093709,0.09435331371379463,0.765879024062872,0.12319610636842437,medium,-7.7246875648785895,-8.430698715247381,-0.15449375129757179,-0.16861397430494762,-4.885582748021295,-5.29660463742051,-0.0977116549604259,-0.1059320927484102,-6.134183712179185,-6.198664721738806,-0.1226836742435837,-0.12397329443477612
97b9bab9-12ee-4da5-9d53-d0b82d9279cd,Pyrite Spellbomb,-0.09546884207842932,0.21013951719010027,-0.4543117037433018,0.649604493454222,0.9089466821018987,0.60209364109936,1.3721853454481339,2740.204509557687,False,-0.021837253118491197,-0.023851662271295537,-0.0869330458261142,0.21677506823096435,-0.4010288015847415,0.6883989189993466,0.9167384730455245,0.5994083584160145,1.4020649131131409,2737.7376833485678,False,-0.019749518248368635,-0.0214834570357757,-0.250380936044565,0.20893975348106997,-1.198340343917605,0.23078454656079472,0.7785041662811978,0.5169015475557815,1.1725032354479048,2925.5091306585564,False,-0.06170400915858332,-0.06228404480562616,104,0.936361909765726,False,False,0.9425636711937635,False,False,0.603193042011519,False,False,2737.7376833485678,2.4668262091190627,-187.77144730998862,0.1382343067643267,0.8680631071428736,0.1592445360560345,medium,-2.1837253118491198,-2.3851662271295537,-0.043674506236982394,-0.047703324542591075,-1.9749518248368636,-2.14834570357757,-0.03949903649673727,-0.0429669140715514,-6.170400915858332,-6.228404480562616,-0.12340801831716663,-0.12456808961125232
1571b584-9007-45ee-a3c3-6c72f227fee2,Mystical Tutor,-0.3262320318891933,0.18152767243937118,-1.797147660768648,0.07231218104812702,0.7216377250395054,0.505591488942364,1.0300035059719095,2737.153112559945,False,-0.07421142835983056,-0.08097838704594723,-0.20016928625451458,0.1874170530777483,-1.0680420109448425,0.2855015617872383,0.8185921649462012,0.5669372167127821,1.1819529795497388,2736.752223710429,False,-0.045416759103262185,-0.049293829768323805,-0.25503152955265074,0.18262780968651207,-1.396455063390524,0.16257750353393952,0.7748920655757316,0.541732990415408,1.1084015998947843,2924.9875199360513,False,-0.06289796199347222,-0.06353839448710508,142,0.4908423571123028,False,False,0.8092332095943887,False,False,0.5950768732954331,False,False,2736.752223710429,0.40088884951592263,-188.23529622562228,0.09695443990669583,0.7717073185204795,0.1256362840935308,medium,-7.421142835983057,-8.097838704594723,-0.14842285671966113,-0.16195677409189446,-4.5416759103262185,-4.929382976832381,-0.09083351820652437,-0.09858765953664761,-6.289796199347222,-6.353839448710508,-0.12579592398694445,-0.12707678897421015
a7a8b6b8-b95f-4014-b17a-a6d44d965995,City of Traitors,-0.39124738200639436,0.20020746609219958,-1.9542097487324326,0.05067641688176857,0.6762128524540044,0.45673404516847343,1.001159923726098,2736.562214131847,False,-0.08865123492819094,-0.09677482264224835,-0.40357373063778407,0.20408620421177923,-1.9774669836036425,0.04798886896332341,0.6679287781686366,0.4477220376088907,0.9964415758680287,2733.9557726059497,False,-0.09078271543307194,-0.0977343615471809,-0.2569637879611611,0.1953516695986145,-1.3153907949143198,0.18837859757722353,0.7733962195123123,0.5273699098871263,1.1341976497748192,2925.2118843823687,False,-0.06331727016574522,-0.06397401644799672,116,0.3973031083530656,False,False,0.55328343040067,True,False,0.5950768732954331,False,False,2733.9557726059497,2.6064415258974805,-191.25611177641895,0.1054674413436757,0.7058459500449844,0.14941991427018053,medium,-8.865123492819095,-9.677482264224835,-0.17730246985638187,-0.1935496452844967,-9.078271543307194,-9.773436154718091,-0.18156543086614388,-0.1954687230943618,-6.331727016574522,-6.397401644799672,-0.12663454033149044,-0.12794803289599344
3b5233ff-03bc-4053-9b49-c4185c2de38d,Restoration Angel,-0.25862547193384366,0.2130417301452689,-1.2139662579603165,0.22476060930788633,0.7721121465669963,0.5085522767285032,1.172263293581833,2738.9302773673107,False,-0.058939405290406095,-0.06434763310072422,-0.2774732610707087,0.21937280624595296,-1.2648480266036966,0.20592581136080712,0.7576958243071823,0.49290246645708324,1.1647394793925772,2736.292207431962,False,-0.06276713613128097,-0.06761954628114969,-0.26320637587944473,0.21040164650226248,-1.2509710843760646,0.2109450272547979,0.768583263895655,0.5088542735032385,1.160882917369738,2925.379356305062,False,-0.06483022811671371,-0.06544308037296515,102,0.657508648124563,False,False,0.7438594731644836,False,False,0.5950768732954331,False,False,2736.292207431962,2.6380699353485397,-189.08714887309998,0.01441632225981404,0.7661304115899447,0.01881706044000519,medium,-5.893940529040609,-6.434763310072422,-0.11787881058081219,-0.12869526620144844,-6.276713613128098,-6.761954628114969,-0.12553427226256195,-0.13523909256229938,-6.483022811671371,-6.544308037296514,-0.12966045623342742,-0.1308861607459303
187e887c-c39d-4d25-a506-cdc95fc70316,"Gideon, Ally of Zendikar",0.08717152597753168,0.22167792782032492,0.3932350272066158,0.6941459012737607,1.0910838128862934,0.7065811562939635,1.6848225800225218,2740.256843197255,False,0.01992984260822716,0.02178084375598599,-0.0624062462102128,0.23033605904835142,-0.2709356340819944,0.7864405376285569,0.939501140477033,0.5981791894872626,1.4755819133631711,2737.825281085258,False,-0.014178196368147917,-0.01544049267121994,-0.2645495770039333,0.21713335396596345,-1.2183737420894005,0.22308197871954127,0.7675515950158376,0.5015103915903276,1.1747223205947197,2925.460975702579,False,-0.06513489676238178,-0.06576544979120375,97,0.9373483511095011,False,False,0.9786815579377597,False,False,0.603193042011519,False,False,2737.825281085258,2.4315621119967545,-187.63569461732095,0.32353221787045583,0.9327121827930546,0.34687251205577907,low,1.992984260822716,2.178084375598599,0.03985968521645432,0.04356168751197198,-1.4178196368147917,-1.544049267121994,-0.028356392736295834,-0.03088098534243988,-6.513489676238178,-6.576544979120374,-0.13026979352476356,-0.1315308995824075
02138fbb-3962-4348-8d31-faaefba0b8b2,Raugrin Triome,-0.2375484289026436,0.20680479376806044,-1.1486601667902503,0.25069613697147086,0.7885587010237746,0.5257729440788415,1.1826869981865367,2739.086332756686,False,-0.05417132192184965,-0.059149943598776844,-0.20119006890242183,0.21763902599889745,-0.9244209211974742,0.35526720625651775,0.8177569866088098,0.5337847773895044,1.252801723604698,2737.041626211549,False,-0.0456174094217089,-0.04933593674803399,-0.26550066322770804,0.20884637971650044,-1.2712725190070961,0.203631715307228,0.7668219343079075,0.509238112412066,1.1546973107541278,2925.3284717199085,False,-0.06538786240565428,-0.06598152805483337,108,0.6896918746929498,False,False,0.8417274981732761,False,False,0.5950768732954331,False,False,2737.041626211549,2.0447065451367052,-188.28684550835942,0.05093505230090234,0.7910458739801639,0.06438950505439281,medium,-5.4171321921849644,-5.914994359877684,-0.1083426438436993,-0.11829988719755369,-4.56174094217089,-4.933593674803399,-0.0912348188434178,-0.09867187349606799,-6.538786240565428,-6.598152805483338,-0.13077572481130856,-0.13196305610966674
ebeafbc2-0399-4335-8f63-76a3e085e8c6,Evolved Sleeper,-0.5022174890594479,0.2017881394286603,-2.48883552066746,0.012816224283905457,0.605187174742634,0.4074967823770543,0.8987838243446082,2734.138934690429,False,-0.1130893505593404,-0.12337700167253918,-0.43806848633508333,0.2046053637411759,-2.1410410671796285,0.032270726453885346,0.6452815883728683,0.4321013986133725,0.9636356874317361,2733.2697425141337,False,-0.09840285718412728,-0.1055244410451141,-0.2666949856907745,0.1965687191436406,-1.356751912779621,0.17486005149095396,0.7659066483286915,0.5210185281400227,1.1258966087986007,2925.095510332716,False,-0.06571960121893307,-0.06633600232703418,116,0.1932292276650361,True,False,0.4431684263420406,True,False,0.5950768732954331,False,False,2733.2697425141337,0.8691921762952006,-191.82576781858234,0.16071947358605754,0.6721251371480647,0.2391213550917262,low,-11.30893505593404,-12.337700167253917,-0.2261787011186808,-0.24675400334507835,-9.840285718412728,-10.55244410451141,-0.19680571436825456,-0.2110488820902282,-6.571960121893307,-6.633600232703419,-0.13143920243786614,-0.13267200465406837
6bbf7394-9b17-45f8-a25b-d865e8452b2c,Steamcore Scholar,-0.27399078152597894,0.21452259230604948,-1.277211777932876,0.20152748993924663,0.7603390843946719,0.49934648650943886,1.1577442494875756,2738.7702249695963,False,-0.06241988781257187,-0.06813013600303597,-0.16569116726656907,0.22249120392310348,-0.7447088439677579,0.45644775155143014,0.8473078701920481,0.5478389473335528,1.3104775233372945,2737.3430328242343,False,-0.037603423883238084,-0.04077980356232608,-0.2685780050291122,0.21392665936295055,-1.2554676720933577,0.20930903656533206,0.7644657883079141,0.5026434247528008,1.1626690268168762,2925.3641065971333,False,-0.06616431027642788,-0.06683514562944204,103,0.6486701736975794,False,False,0.9036712025999508,False,False,0.5950768732954331,False,False,2737.3430328242343,1.4271921453619143,-188.02107377289894,0.08696878579737621,0.7907042476315448,0.10998902062039034,medium,-6.241988781257187,-6.813013600303597,-0.12483977562514374,-0.13626027200607194,-3.7603423883238083,-4.077980356232608,-0.07520684776647617,-0.08155960712465216,-6.616431027642788,-6.683514562944204,-0.13232862055285577,-0.13367029125888408
0c3d7e2c-a104-4757-9984-fb31088f92c4,Cryptic Coat,-0.43770358677615434,0.22095124728451213,-1.9809962249841337,0.04759169693396749,0.6455170943052428,0.41862990481253165,0.995371602100152,2736.45051773867,False,-0.09892917077783882,-0.10793132594782845,-0.3391175025819078,0.227212739407498,-1.4925109545627746,0.1355652476313728,0.7123987354802387,0.456368595819323,1.112065911114462,2735.653475616685,False,-0.07653493733394463,-0.08242011244453112,-0.2705276891195458,0.22088575187553783,-1.224740332151345,0.22067307273692183,0.7629767735486414,0.49486822558384336,1.1763405425512945,2925.441223898355,False,-0.06662516799685655,-0.06728860559603383,93,0.3930694053954922,True,False,0.681302270147412,False,False,0.603193042011519,False,False,2735.653475616685,0.7970421219852142,-189.78774828167025,0.11745967924339851,0.7069642011113743,0.16614657299301364,low,-9.892917077783881,-10.793132594782845,-0.19785834155567764,-0.2158626518956569,-7.6534937333944635,-8.242011244453112,-0.15306987466788927,-0.16484022488906225,-6.662516799685656,-6.728860559603383,-0.1332503359937131,-0.13457721119206767
6982a82c-dd32-40d2-8dd2-ec92d0fc6c2d,Phyrexian Revoker,-0.4203162281463324,0.2396841543279963,-1.7536254297860248,0.07949471069002154,0.6568390759661304,0.4106158510131338,1.050708516613598,2737.3116391922026,False,-0.09507830185703085,-0.10372416114077104,-0.5179224673944877,0.24389223303558705,-2.1235709761979833,0.03370603464902244,0.595756967699687,0.36937191450440204,0.9608915854876022,2733.343052575029,False,-0.11569075401962313,-0.12349991760628132,-0.27223335973960217,0.23259852076998946,-1.1704002193926528,0.24183994742522164,0.7616764957203017,0.48281271195820574,1.2016068959323074,2925.5738925636306,False,-0.0670190247353468,-0.06768143500912538,80,0.5091714094027184,False,False,0.4431684263420406,True,False,0.6128028882259481,False,False,2733.343052575029,3.9685866171735142,-192.23083998860147,0.16591952802061471,0.6714241797953729,0.24711580698684593,low,-9.507830185703085,-10.372416114077105,-0.1901566037140617,-0.20744832228154209,-11.569075401962312,-12.349991760628132,-0.23138150803924626,-0.24699983521256264,-6.7019024735346795,-6.768143500912538,-0.1340380494706936,-0.13536287001825076
9e7fb3c0-5159-4d1f-8490-ce4c9a60f567,"Urza, Lord High Artificer",-0.33586644336323807,0.1879103759782425,-1.7873757189551198,0.07387678334088231,0.7147185548484065,0.49451846875225514,1.0329697370726665,2737.187253193361,False,-0.07636228318254498,-0.08332461345126446,-0.21626104133455212,0.192119839786204,-1.1256569939638357,0.26031073380008085,0.8055249991050347,0.5527685350845499,1.1738557515469232,2736.62409662735,False,-0.04904415329686842,-0.05312191952326878,-0.2724125751760719,0.18808232751789686,-1.448368800891996,0.14751393542038163,0.7615400037657704,0.5267369837399102,1.1010109319035992,2924.836634520899,False,-0.0671243689266219,-0.06780430731920495,130,0.4908423571123028,False,False,0.8092332095943887,False,False,0.5950768732954331,False,False,2736.62409662735,0.5631565660110027,-188.21253789354932,0.0908064442566282,0.7605945192397372,0.11938877017861639,medium,-7.636228318254498,-8.332461345126447,-0.15272456636508996,-0.16664922690252892,-4.904415329686842,-5.312191952326878,-0.09808830659373684,-0.10624383904653756,-6.71243689266219,-6.780430731920495,-0.1342487378532438,-0.1356086146384099
1785cb18-c291-4fd5-b8c7-ace893c32e49,Mesmeric Fiend,-0.362812484684878,0.18841093772632508,-1.9256444931656704,0.054148779084865165,0.6957168788382344,0.48089904208183865,1.006493948095751,2736.6728161576,False,-0.08234976985085514,-0.08989429465640664,-0.3409714196238232,0.19452117844982317,-1.7528755600860035,0.07962336956284873,0.7110792308279028,0.48566658510845906,1.0411127469308679,2734.801747608268,False,-0.07696416342598338,-0.08298041220153973,-0.275917334961028,0.18596678327745925,-1.4836914963967736,0.13789078325987614,0.7588756606544841,0.5270751029858436,1.0926189931404278,2924.7353557298125,False,-0.0679495754142478,-0.0686342226083218,135,0.4004966302125876,False,False,0.6193017268849004,False,False,0.5875346417159939,False,False,2734.801747608268,1.8710685493319943,-189.93360812154424,0.06315878181624968,0.7218905901068737,0.08749079525596698,medium,-8.234976985085513,-8.989429465640663,-0.16469953970171028,-0.17978858931281327,-7.696416342598337,-8.298041220153973,-0.15392832685196675,-0.16596082440307947,-6.79495754142478,-6.863422260832181,-0.1358991508284956,-0.1372684452166436
d6ec3293-b09e-4931-ac4e-dc5eac0ca004,Mana Vault,-0.22996793145171837,0.16581372503796615,-1.3869052842221772,0.16547064633136122,0.7945590824510775,0.5740935984087251,1.099688512910447,2738.4803403542574,False,-0.05246377991712491,-0.05729718069433909,-0.26274802904929356,0.16934436311153647,-1.5515605256741731,0.12076741452609877,0.768935622343389,0.5517484843985645,1.071615071046588,2735.4827346327215,False,-0.05946973803026478,-0.06435871348370537,-0.28196408752452706,0.16372494972593665,-1.7221815489729202,0.0850366361531256,0.754300772854686,0.5472415470183978,1.03970478672382,2923.970443410066,False,-0.06939856940207076,-0.07016647410514221,173,0.6236970515566691,False,False,0.6762387766458607,False,False,0.48619725285927756,False,False,2735.4827346327215,2.9976057215358196,-188.48770877734432,0.04025830959639154,0.7725984925497175,0.05210767298229083,medium,-5.2463779917124915,-5.729718069433909,-0.10492755983424983,-0.11459436138867818,-5.946973803026478,-6.4358713483705365,-0.11893947606052956,-0.12871742696741073,-6.9398569402070756,-7.016647410514221,-0.13879713880414152,-0.14033294821028441
162e81d3-6cd4-4cb8-8ed8-cfbd8d34ca71,Mind Stone,-0.15841817099659689,0.23159281864514522,-0.6840374927140157,0.49395149091852353,0.8534928013988742,0.5420808626762419,1.343803133804348,2739.941320251879,False,-0.03620608672368988,-0.039531573291375965,-0.04498780746884477,0.23835880093898892,-0.18873986314589658,0.8502967067779428,0.95600913793324,0.5991932826879951,1.5253066050938355,2737.8630768016264,False,-0.010222816719697615,-0.01114339022661881,-0.28538713407075117,0.22816465552257617,-1.2507946658833538,0.21100940150016634,0.7517231803258104,0.4806625285820551,1.1756434218122818,2925.3748471109207,False,-0.07024131406581159,-0.07093562079735127,87,0.8314108026455493,False,False,0.9861429262040047,False,False,0.5950768732954331,False,False,2737.8630768016264,2.0782434502525575,-187.5117703092942,0.20428595760742962,0.8537417065526416,0.23928309468717912,low,-3.620608672368988,-3.9531573291375963,-0.07241217344737975,-0.07906314658275193,-1.0222816719697614,-1.114339022661881,-0.02044563343939523,-0.02228678045323762,-7.0241314065811595,-7.093562079735127,-0.14048262813162318,-0.14187124159470255
4a08ca06-58db-4ce6-b490-be4bea8956a1,Sensei's Divining Top,-0.45870572654514485,0.23300834200352757,-1.9686236235190258,0.04899632773592201,0.6321012281454121,0.4003556199891766,0.9979926412266675,2736.492161516927,False,-0.10356679395614998,-0.11293410880171345,-0.3567063322002057,0.23688372679479033,-1.5058287752675232,0.1321111343871443,0.6999780285617931,0.4399921308251765,1.1135863715343024,2735.610209332385,False,-0.08044706731879267,-0.08675251616960367,-0.2876656761748918,0.2270152024478445,-1.2671648113124996,0.20509636515367802,0.7500122973084816,0.48065021701239197,1.1703280810116508,2925.333377419942,False,-0.07079384011610591,-0.07154835360858391,87,0.3930694053954922,True,False,0.681302270147412,False,False,0.5950768732954331,False,False,2735.610209332385,0.881952184542115,-189.72316808755704,0.11791106916306948,0.694030518005229,0.1698932051316238,low,-10.356679395614998,-11.293410880171345,-0.20713358791229997,-0.2258682176034269,-8.044706731879266,-8.675251616960367,-0.16089413463758534,-0.17350503233920733,-7.079384011610592,-7.1548353608583914,-0.14158768023221183,-0.14309670721716783
15c34f32-49d9-4a0d-83b2-28172f54fdd1,Crop Rotation,-0.29968004968955375,0.23693350368312158,-1.2648276627451993,0.2059331127377163,0.7410552836235679,0.4657670246808549,1.1790506933432972,2738.797588862693,False,-0.06821402970583457,-0.07442634029483775,-0.30383490671871993,0.24220948095049782,-1.2544302788081898,0.20968565275216033,0.737982692378206,0.4590640714802422,1.1863669759510374,2736.3141454979914,False,-0.06868751739705524,-0.07406422247971078,-0.29011196489695423,0.23518328327375676,-1.2335569129684258,0.21736805689706884,0.7481797930153193,0.4718608245525021,1.1863095505063748,2925.4169076464595,False,-0.07138964493702384,-0.0721079548242749,83,0.6486701736975794,False,False,0.7438594731644836,False,False,0.603193042011519,False,False,2736.3141454979914,2.483443364701543,-189.10276214846817,0.010197100637113321,0.7424059230056977,0.013735209164050624,low,-6.821402970583456,-7.4426340294837745,-0.13642805941166913,-0.1488526805896755,-6.868751739705524,-7.406422247971078,-0.13737503479411048,-0.14812844495942157,-7.1389644937023835,-7.21079548242749,-0.14277928987404767,-0.1442159096485498
2c695df6-6bf2-4e6b-8500-e3116137ca27,Jacked Rabbit,-0.0574480220361363,0.1733225825011339,-0.3314514543179073,0.7403035042688211,0.9441709651953168,0.672226270057567,1.3261290896018019,2740.301337669127,False,-0.013146161877118456,-0.014358880984416011,-0.16222466111147124,0.1810374276642356,-0.8960835513656557,0.3702081413285382,0.8502501649343687,0.596272191315254,1.2124082818222601,2737.093457255918,False,-0.03682788700967967,-0.039894223708751175,-0.2920873721846686,0.17206026675428618,-1.6975875819243578,0.0895856282207784,0.746703292025222,0.5329511580077672,1.0461855611789064,2924.053833141637,False,-0.07188195462975054,-0.07250130691021217,163,0.9374126485600502,False,False,0.8536564200046293,False,False,0.48619725285927756,False,False,2737.093457255918,3.2078804132088408,-186.9603758857188,0.19746767317009484,0.8470414740516358,0.23312633350236306,low,-1.3146161877118456,-1.4358880984416011,-0.026292323754236912,-0.028717761968832023,-3.682788700967967,-3.9894223708751175,-0.07365577401935934,-0.07978844741750235,-7.188195462975054,-7.2501306910212175,-0.14376390925950108,-0.14500261382042434
41e108a5-4e2f-42cf-9ea1-87bf3c0a2b7f,"Nissa, Who Shakes the World",-0.20509117913636665,0.21245058572523326,-0.9653594431677177,0.33436480783601896,0.814573040958898,0.5371411729317519,1.2352976693919033,2739.4743348220263,False,-0.04682845981564066,-0.051118653465636654,-0.40211275821545267,0.23615058330495992,-1.7027811347650692,0.08860903457707596,0.6689053168679802,0.4210650679703672,1.0626251308164594,2734.970918741168,False,-0.09050692853584238,-0.09680827550360788,-0.29845214105768675,0.2269087486354763,-1.3152958748943755,0.18841048396633042,0.741965790698366,0.4755927831968119,1.1575306733341149,2925.2105754267886,False,-0.07342779848360133,-0.07406561149782287,103,0.7505701522779046,False,False,0.6202632420395318,False,False,0.5950768732954331,False,False,2734.970918741168,4.503416080858187,-190.2396566856205,0.14566772409091788,0.7418147161750813,0.1963667219248556,medium,-4.682845981564066,-5.111865346563666,-0.09365691963128132,-0.10223730693127331,-9.050692853584238,-9.680827550360787,-0.18101385707168477,-0.19361655100721575,-7.3427798483601325,-7.406561149782287,-0.14685559696720266,-0.14813122299564574
1132218d-56cd-441e-9006-df3c50344491,Joraga Treespeaker,-0.0910308402884879,0.2115073345301326,-0.4303909388802737,0.66691128552411,0.9129895536038589,0.6031524976512493,1.3819886815286686,2740.225524225924,False,-0.02082814073052714,-0.022744217616895324,-0.11042297724106427,0.22017769417778618,-0.5015175476944608,0.6160069313041001,0.8954552979709609,0.5816006368135572,1.3786783230798059,2737.64647118407,False,-0.025086647203330207,-0.027252651447042975,-0.3008338844439756,0.20944820585133778,-1.4363163590787766,0.15091234110942225,0.7402007213889871,0.49097976300508844,1.1159260507832756,2924.8686999523725,False,-0.07403615192463826,-0.07471375820259751,107,0.9373483511095011,False,False,0.9197216625869145,False,False,0.5950768732954331,False,False,2737.64647118407,2.5790530418539674,-187.22222876830256,0.17278883221487185,0.8495485243212689,0.20338900871250207,low,-2.082814073052714,-2.274421761689532,-0.04165628146105428,-0.04548843523379065,-2.508664720333021,-2.7252651447042977,-0.050173294406660414,-0.05450530289408595,-7.4036151924638265,-7.471375820259752,-0.14807230384927653,-0.14942751640519503
01794178-cf41-454c-ac37-1d8b18e42db2,Green Sun's Zenith,-0.04153851781713306,0.17203830708359263,-0.2414492360526989,0.8092069564137029,0.9593123840108537,0.6847280001151458,1.344008496748827,2740.3529600233655,False,-0.009506054936923768,-0.010383453818282484,-0.13197555825925428,0.18785054818603275,-0.7025561518647038,0.4823323965505819,0.8763624146405445,0.6064320260122094,1.2664421548527243,2737.403877673879,False,-0.029978807402910316,-0.03252990506597053,-0.30332771879773995,0.18155264735551221,-1.6707424717623125,0.09477255591647636,0.7383570832209034,0.5172800296869433,1.0539188660973757,2924.143103295436,False,-0.07463732270527691,-0.07532203543241256,159,0.9374126485600502,False,False,0.9084793269322036,False,False,0.49752925219962385,False,False,2737.403877673879,2.9490823494866163,-186.73922562155713,0.2209553007899503,0.8580106272907674,0.2575204709149503,low,-0.9506054936923768,-1.0383453818282484,-0.019012109873847535,-0.02076690763656497,-2.9978807402910315,-3.2529905065970532,-0.05995761480582063,-0.06505981013194106,-7.463732270527691,-7.5322035432412555,-0.14927464541055382,-0.15064407086482512
2616aa0e-8413-4e63-877c-bffd5263f552,Porcelain Legionnaire,-0.2972747944020267,0.20090683590364913,-1.4796649057008378,0.1389626956631263,0.7428398560786699,0.5010485919034785,1.101312448923675,2738.2044018678816,False,-0.06769111125975741,-0.0738603666601067,-0.3377928812466212,0.20504701161395794,-1.6473923642573438,0.09947742382593158,0.7133430193156728,0.47726421861861934,1.0661982259621847,2735.1630208462984,False,-0.07627702338861651,-0.08203118313334312,-0.3068847417474185,0.19486572601446558,-1.574852325362939,0.11529053522760534,0.7357353955965744,0.5021674924021511,1.0779402898906747,2924.4479530760673,False,-0.07549264636655531,-0.07618437388188543,119,0.5828013423757537,False,False,0.6301343522866713,False,False,0.5266474573861459,False,False,2735.1630208462984,3.04138102158322,-189.28493222976886,0.02949683676299708,0.730639423663639,0.04037126359140511,medium,-6.769111125975741,-7.38603666601067,-0.13538222251951482,-0.1477207333202134,-7.627702338861651,-8.203118313334311,-0.15255404677723303,-0.16406236626668624,-7.549264636655531,-7.618437388188543,-0.15098529273311062,-0.15236874776377085
b5aaaee0-9a61-45df-821e-cce516f8de6a,Old One Eye,-0.08214089167854824,0.2354321427702139,-0.3488941259763297,0.7271687952208812,0.9211421682870975,0.5806611612351051,1.4612702740300954,2740.2892025392293,False,-0.01879401653233498,-0.020524996069946844,-0.15992133186552288,0.25074425210805507,-0.6377866312828052,0.5236125831713486,0.8522108281652854,0.521325816046388,1.3931082507096446,2737.4902533531053,False,-0.03630702680994501,-0.03934841816890866,-0.30728805301311624,0.2412373966239591,-1.2737994080251036,0.20273451503070106,0.7354387250522655,0.458354053747039,1.1800269112597452,2925.311214468612,False,-0.07558819899787458,-0.07626832447401949,86,0.9374126485600502,False,False,0.9084793269322036,False,False,0.5950768732954331,False,False,2737.4902533531053,2.7989491861239912,-187.82096111550663,0.185703443234832,0.8362639071682162,0.22206320474079408,low,-1.8794016532334978,-2.0524996069946844,-0.03758803306466996,-0.04104999213989369,-3.630702680994501,-3.934841816890866,-0.07261405361989003,-0.07869683633781732,-7.5588198997874585,-7.626832447401949,-0.15117639799574917,-0.15253664894803898
4720b4f2-e6af-4223-9250-a0ed21ed5693,Pest Infestation,-0.2860972336226281,0.18562384191168202,-1.5412741740295965,0.12325007164402352,0.7511895715124375,0.522087561009228,1.0808259274713223,2738.0199457538083,False,-0.06516885489712261,-0.07112825075708584,-0.2890004058056173,0.1891012396026181,-1.5282840367039885,0.12644203158340675,0.7490119014493707,0.5170380365964188,1.0850629717803775,2735.5492578121048,False,-0.06537580565247228,-0.07057012343303853,-0.3094543603276314,0.18157211310320906,-1.704305551325118,0.0883240184106469,0.7338472631829304,0.5141009140247327,1.0475215876686208,2924.0215408211157,False,-0.07611142229956061,-0.07689988957537763,138,0.582096723909123,False,False,0.6762387766458607,False,False,0.48619725285927756,False,False,2735.5492578121048,2.470687941703545,-188.47228300901088,0.017342308329507117,0.7446829120482462,0.02328817816136964,medium,-6.516885489712261,-7.112825075708584,-0.13033770979424522,-0.14225650151417168,-6.537580565247228,-7.057012343303853,-0.13075161130494456,-0.14114024686607707,-7.611142229956061,-7.689988957537763,-0.15222284459912122,-0.15379977915075527
c3896705-bbd2-4ffb-a590-ee78e0eabdc5,Long Goodbye,-0.33811774085645735,0.2016091909494058,-1.6770948748130665,0.09352393086223966,0.7131113206175506,0.48033487834404326,1.0586942121422844,2737.5712685246144,False,-0.07686328934498733,-0.0838560400085826,-0.27763486692754114,0.20429479830511105,-1.3589913655701495,0.17414932480034528,0.7575733861179075,0.5076045032118243,1.1306389752705865,2736.0385641056682,False,-0.06284005018516478,-0.067969825075331,-0.3102794823790235,0.1973207199966539,-1.5724627519313992,0.11584327102370433,0.7332419993663254,0.49806330399888876,1.0794688653391054,2924.4566887956503,False,-0.07630738778434751,-0.07714395312027517,116,0.5391379543823227,False,False,0.7361808790854395,False,False,0.5266474573861459,False,False,2736.0385641056682,1.5327044189461958,-188.41812468998205,0.04446206550035692,0.7346422353672611,0.0605220655168696,medium,-7.686328934498733,-8.38560400085826,-0.15372657868997466,-0.1677120800171652,-6.284005018516478,-6.7969825075331,-0.12568010037032956,-0.135939650150662,-7.6307387784347505,-7.714395312027516,-0.15261477556869502,-0.15428790624055033
dcb94950-3f3e-4876-84f8-d5e4d9cfecee,Charming Prince,-0.020035191209447807,0.1963549251012316,-0.10203559294027681,0.91872842342693,0.9801641795368848,0.6670496190808461,1.4402554043446285,2740.4009001681534,False,-0.004584464283535196,-0.005008657477333922,-0.10290221338553923,0.2026409851646088,-0.5078055325380005,0.6115897294576945,0.9022151937373768,0.606483022052439,1.3421517605816693,2737.640388714452,False,-0.023375164709043716,-0.025405954965645072,-0.3174450292288436,0.1925603634553398,-1.6485481411259804,0.0992402404034394,0.7280066987640297,0.4991426553604741,1.06180817798981,2924.2180989816243,False,-0.07799266090921757,-0.0787270157462861,122,0.9888159179696749,False,False,0.9197216625869145,False,False,0.5050503124935578,False,False,2737.640388714452,2.7605114537013833,-186.57771026717228,0.25215748077285516,0.8701286906794303,0.28979331847563927,low,-0.4584464283535196,-0.5008657477333922,-0.009168928567070392,-0.010017314954667844,-2.3375164709043714,-2.5405954965645074,-0.04675032941808743,-0.050811909931290145,-7.799266090921757,-7.87270157462861,-0.15598532181843514,-0.1574540314925722
522aa72b-2b8c-484c-872b-f082101cee35,Get Lost,-0.344855135757015,0.16954638599074257,-2.033986945471338,0.04195291169215377,0.7083229567047623,0.5080547547358859,0.987534131544145,2736.24236099865,False,-0.078360169421314,-0.08555330317963239,-0.4353386703743223,0.17579198932481568,-2.4764420270023515,0.013269917376403739,0.6470454948266188,0.4584559942891055,0.9132127785233171,2731.70222367512,False,-0.0978012416588321,-0.10456186765674974,-0.32608617670240436,0.16485612465359611,-1.978004623046871,0.04792818512642502,0.7217429873210233,0.5224613960537136,0.997036228287229,2923.009883179244,False,-0.08014565265660538,-0.08082426267478504,173,0.39156050912676854,True,False,0.4431684263420406,True,False,0.41288861112630065,True,False,2731.70222367512,4.540137323529962,-191.30765950412388,0.0746974924944045,0.6923704796174682,0.10788659351229785,medium,-7.8360169421314,-8.55533031796324,-0.156720338842628,-0.17110660635926478,-9.78012416588321,-10.456186765674975,-0.1956024833176642,-0.20912373531349948,-8.014565265660538,-8.082426267478503,-0.16029130531321076,-0.16164852534957008
985453e7-997e-4d77-a338-cc0290791ebe,Finale of Devastation,0.11819180019286245,0.24595400714431123,0.48054431625305666,0.6308403993415147,1.1254599541035974,0.6949759392436122,1.8225956277989432,2740.1812299080393,False,0.027003088761505378,0.029517156274286138,0.04494984911169504,0.26734751700464976,0.1681326597505421,0.8664789163002694,1.0459754019977672,0.6193707199356271,1.7664130808413092,2737.87050398872,False,0.01021012031277574,0.011174310131664311,-0.3290066685992858,0.2573122569274162,-1.2786280472138312,0.20102806841599952,0.7196382177521692,0.43459587956945184,1.1916338575565286,2925.303396357948,False,-0.08079216111589542,-0.08154127017780105,77,0.9296595358717058,False,False,0.9892481634296231,False,False,0.5950768732954331,False,False,2737.87050398872,2.3107259193193386,-187.43289236922783,0.40582173635142826,0.9636911912845113,0.42111180430165124,low,2.7003088761505376,2.951715627428614,0.054006177523010755,0.059034312548572276,1.0210120312775741,1.1174310131664311,0.02042024062555148,0.022348620263328622,-8.079216111589542,-8.154127017780105,-0.16158432223179084,-0.1630825403556021
e4e6794a-feeb-4fc8-a2ee-38c75c18aaae,Heartless Act,-0.06743849350303832,0.19024955017343614,-0.35447386572824874,0.7229837863234614,0.9347852142118324,0.6438254616825744,1.3572364696876231,2740.285435294618,False,-0.015432668971157077,-0.016854347029882144,-0.0291947166767381,0.19496431170246134,-0.14974390144434588,0.8809666703119938,0.9712273318951457,0.6627716498772864,1.4232391056479472,2737.8762992965358,False,-0.006634638541608807,-0.00723654474032287,-0.34392986781730994,0.18524330253803215,-1.85663861043882,0.06336258688723549,0.7089786485260894,0.4931180206491564,1.0193314845889725,2923.470260032038,False,-0.08445805972964071,-0.08534939618905607,133,0.9374126485600502,False,False,0.9892481634296231,False,False,0.43094182426145483,False,False,2737.8762992965358,2.4091359980820926,-185.59396073550215,0.26224868336905627,0.8716637315443557,0.30085992324634353,low,-1.5432668971157077,-1.6854347029882144,-0.030865337942314153,-0.03370869405976429,-0.6634638541608807,-0.723654474032287,-0.013269277083217615,-0.01447308948064574,-8.44580597296407,-8.534939618905607,-0.16891611945928142,-0.17069879237811214
05e8a4ea-8c0d-4284-ac23-80e19fdde11d,Myr Battlesphere,-0.4526523252893569,0.22747913011782023,-1.9898630922973495,0.04660601900698277,0.635939195171101,0.40717532175071935,0.9932297915698844,2736.3807541085534,False,-0.10234058972105166,-0.1115003154264761,-0.3425323087389591,0.23161008888130893,-1.4789179106722483,0.13916225580815977,0.709970180773755,0.4509097443287863,1.1178681852135328,2735.681882352359,False,-0.07736321208379661,-0.083414081445568,-0.3503885788284904,0.22591885779533918,-1.5509487886394542,0.12091395705294168,0.7044143160411317,0.4523995451721148,1.096817036928976,2924.5099060834086,False,-0.08603044434737143,-0.08692274527867522,89,0.3930694053954922,True,False,0.6905266364151725,False,False,0.5266474573861459,False,False,2735.681882352359,0.6988717561944213,-188.8280237310496,0.07403098560265398,0.6834412306619959,0.10832092399656071,low,-10.234058972105165,-11.150031542647609,-0.20468117944210332,-0.2230006308529522,-7.736321208379661,-8.3414081445568,-0.15472642416759322,-0.166828162891136,-8.603044434737143,-8.692274527867522,-0.17206088869474287,-0.17384549055735043
cc520518-2063-4b57-a0d4-10cf62a7175e,Zagoth Triome,-0.251718426714003,0.18123670344539777,-1.3888932094256485,0.1648652257437061,0.7774636202381078,0.5450147799746982,1.1090519064855555,2738.4631893994547,False,-0.05747457997341014,-0.06266299505521167,-0.15777540158932565,0.18485225263772803,-0.8535216603420712,0.39337008111809946,0.8540415768100685,0.5944695303325621,1.2269544151610088,2737.165971497421,False,-0.03584776409511448,-0.03891222076162448,-0.353799568702259,0.17881728846246897,-1.978553481849246,0.04786630148335553,0.702015659165003,0.49446374153863065,0.9966878141142145,2922.9813067825753,False,-0.08694660082306425,-0.08788896716441824,146,0.6236970515566691,False,False,0.8614585016664524,False,False,0.41288861112630065,True,False,2737.165971497421,1.2972179020334806,-185.8153352851541,0.15202591764506557,0.777840285404393,0.1954461867014621,medium,-5.747457997341014,-6.266299505521166,-0.11494915994682028,-0.12532599011042334,-3.5847764095114485,-3.8912220761624483,-0.07169552819022897,-0.07782444152324897,-8.694660082306426,-8.788896716441824,-0.1738932016461285,-0.17577793432883648
0c3bc412-689f-4385-807b-ed60d6276d76,Grim Monolith,-0.449032283322617,0.20856969758991922,-2.1529123765883047,0.03132556561401178,0.6382454936759901,0.424081811547986,0.960563030776468,2735.7074836170823,False,-0.10152079963916213,-0.11067625799676967,-0.3842904929426468,0.21306790870193673,-1.8036056921187291,0.07129314311384784,0.6809335920431833,0.44847443779143764,1.0338840248202987,2734.605077851279,False,-0.0866207903335594,-0.09311092848171143,-0.35522816810458857,0.20763963614688347,-1.7107917096006735,0.08711957055241078,0.7010134760434441,0.46663782620194916,1.0531077122364232,2923.9876308726434,False,-0.08719350691677644,-0.08802437307046229,106,0.3518779753032992,True,False,0.613990649236548,False,False,0.48619725285927756,False,False,2734.605077851279,1.1024057658032689,-189.3825530213644,0.06276798236745396,0.6733975205875392,0.09321089022229975,medium,-10.152079963916213,-11.067625799676966,-0.20304159927832427,-0.22135251599353933,-8.66207903335594,-9.311092848171143,-0.1732415806671188,-0.18622185696342286,-8.719350691677644,-8.80243730704623,-0.17438701383355287,-0.17604874614092458
5bb3cb5c-8d66-4f5e-a9a9-917e6045f024,Flickerwisp,-0.2133086565197554,0.202089881649659,-1.0555137881150585,0.2911904068563511,0.8079067330478475,0.5436743544265521,1.2005592759520618,2739.2908070390235,False,-0.048702258873601294,-0.053156757032023716,-0.2108988505021755,0.21083172620264812,-1.000318378551162,0.31715645581286034,0.809855979264121,0.5357278261784191,1.224253576351321,2736.8941843962657,False,-0.04782956357271387,-0.0516801745881455,-0.3562223578536844,0.2015979408773702,-1.7669940293208177,0.07722922823167784,0.7003168819623079,0.47172724934820454,1.0396764991614658,2923.802344402456,False,-0.08739794913968132,-0.0881214549901661,116,0.7224470853651243,False,False,0.8092332095943887,False,False,0.48053742010821765,False,False,2736.8941843962657,2.3966226427578476,-186.90816000619043,0.1095390973018131,0.7726931980914254,0.1417627301138121,medium,-4.870225887360129,-5.315675703202372,-0.09740451774720259,-0.10631351406404743,-4.782956357271387,-5.16801745881455,-0.09565912714542774,-0.103360349176291,-8.739794913968133,-8.81214549901661,-0.17479589827936265,-0.1762429099803322
1e2fee55-227b-4373-a3f7-b463f220033f,Tinker,-0.4596901536235218,0.17730284240323713,-2.592683497865508,0.009523036433210744,0.6314792767632691,0.4461037526598622,0.8938863988564246,2733.578202457717,False,-0.1039562318142041,-0.11333795878882719,-0.35150268972077026,0.1895258711155704,-1.8546422588736104,0.06364732928896752,0.7036299573913416,0.48530709778942716,1.0201687121282554,2734.423493351591,False,-0.079431117968816,-0.08609193389325348,-0.3663038479216039,0.1839348308660738,-1.9914871272440848,0.04642735905026069,0.6932921138350631,0.483445777388943,0.9942251594416,2922.939169378947,False,-0.08995387224712988,-0.09108684144949836,151,0.174907454086304,True,False,0.613990649236548,False,False,0.41288861112630065,True,False,2733.578202457717,-0.8452908938738801,-188.51567602735622,0.0721506806280725,0.6761337826632245,0.10671065768061176,medium,-10.39562318142041,-11.333795878882718,-0.2079124636284082,-0.22667591757765437,-7.9431117968816,-8.609193389325348,-0.158862235937632,-0.17218386778650696,-8.995387224712987,-9.108684144949835,-0.17990774449425975,-0.1821736828989967
c17816e8-28b1-4295-a637-efb0e5c18873,Lush Portico,-0.17565404932805576,0.19990741006356064,-0.8786770298920209,0.3795764165722437,0.8389081539813846,0.5669565707117077,1.241306525353445,2739.633746183441,False,-0.04016288695042346,-0.04381878315331367,-0.18677935718498567,0.21356323058492463,-0.8745857452774943,0.38179934668994653,0.8296267673777902,0.5458760797663681,1.2608732982846622,2737.1308088207497,False,-0.04240632631982649,-0.04585246427292683,-0.36830109373814063,0.20541884914954525,-1.7929274517063274,0.07298452519239532,0.6919088209089016,0.46258634939053583,1.0349155721570478,2923.6999493259527,False,-0.09041484020906809,-0.09106752552212183,120,0.7882371007995955,False,False,0.8579558660970787,False,False,0.4614505463777252,False,False,2737.1308088207497,2.5029373626912275,-186.569140505203,0.14699933307248303,0.7868145807560255,0.1868284303161184,medium,-4.016288695042346,-4.381878315331367,-0.08032577390084691,-0.08763756630662733,-4.240632631982649,-4.585246427292683,-0.08481265263965299,-0.09170492854585366,-9.04148402090681,-9.106752552212182,-0.18082968041813618,-0.18213505104424366
8e42df9e-95f2-4c79-9274-2d16e3cd91f1,"Thalia, Guardian of Thraben",-0.10588538305426695,0.20142869529424334,-0.5256717911993201,0.5991162665612584,0.89952774329012,0.6061149491522848,1.3349780632870005,2740.1343325383505,False,-0.024220921310112897,-0.026450454393811274,-0.2694377690949666,0.20883928371081212,-1.2901680388258157,0.19699232058741778,0.7638088105569526,0.507244184466898,1.1501440863192367,2736.2248118449625,False,-0.06099040221629666,-0.06571045586329072,-0.3808478368858558,0.19604522102281172,-1.9426530006642728,0.05205809848805709,0.6832818520045183,0.465289042333089,1.0034065855875038,2923.1433589328117,False,-0.09327211804621531,-0.09411708732450275,121,0.9102851802016019,False,False,0.7432460548763591,False,False,0.41646478790445673,False,False,2736.2248118449625,3.9095206933880036,-186.91854708784922,0.21624589128560168,0.7822061352838636,0.27645639880736267,low,-2.4220921310112895,-2.6450454393811276,-0.04844184262022579,-0.05290090878762255,-6.099040221629666,-6.571045586329072,-0.12198080443259332,-0.13142091172658144,-9.32721180462153,-9.411708732450276,-0.18654423609243062,-0.1882341746490055
5da578b8-19e6-4068-9336-e7cd33c585f1,Retrofitter Foundry,-0.5774774688622081,0.20108153045295799,-2.8718573384705066,0.004080671385692595,0.561312510490235,0.3784780240024229,0.8324703534988682,2731.977624935915,False,-0.12953944642077794,-0.14109320303144196,-0.4628512243226603,0.20614480041109667,-2.2452723687409835,0.024750652741373565,0.6294862777892742,0.42025440153874205,0.9428883373359883,2732.770212600696,False,-0.10397116774537905,-0.11183194600052682,-0.3812016063962781,0.19895850802476095,-1.9159854493321615,0.055366947811005075,0.6830401704705538,0.4624761540707465,1.008795524633848,2923.2207137587675,False,-0.09350976079276636,-0.09452498499053608,118,0.174907454086304,True,False,0.4431684263420406,True,False,0.43094182426145483,False,False,2731.977624935915,-0.7925876647809673,-190.45050115807135,0.12172765998031876,0.624612986250021,0.1948849330064896,medium,-12.953944642077794,-14.109320303144196,-0.2590788928415559,-0.2821864060628839,-10.397116774537905,-11.183194600052682,-0.2079423354907581,-0.22366389200105363,-9.350976079276636,-9.452498499053608,-0.18701952158553273,-0.18904996998107215
7740ff55-67bb-409e-90f7-2c2c8b8c770a,"Valgavoth, Terror Eater",-0.4130669114070915,0.23974443409981802,-1.7229468244301778,0.08489814162031342,0.6616180115546281,0.41355448729058975,1.0584781610794542,2737.395636222016,False,-0.09358523446951916,-0.10198121210178007,-0.26576651803693013,0.2549684639644995,-1.0423505476109942,0.2972491850361296,0.7666180981054727,0.46509913274964554,1.2636086953514105,2736.802885908384,False,-0.06018854866120462,-0.06519197690166811,-0.38572680364802603,0.24625622660815163,-1.5663636569149704,0.11726350611353141,0.679956261878187,0.4196270208693231,1.101789196295193,2924.4631025197814,False,-0.09451848705466581,-0.09568762192461133,82,0.5282551034152835,False,False,0.8092332095943887,False,False,0.5266474573861459,False,False,2736.802885908384,0.592750313632223,-187.66021661139757,0.10500008655084458,0.7027307905127625,0.1494172277184966,low,-9.358523446951917,-10.198121210178007,-0.18717046893903833,-0.20396242420356014,-6.018854866120462,-6.519197690166811,-0.12037709732240924,-0.13038395380333623,-9.451848705466581,-9.568762192461133,-0.18903697410933162,-0.19137524384922266
aaae15dd-11b6-4421-99e9-365c7fe4a5d6,Embercleave,0.007969126476133098,0.2244924902340084,0.035498410070760815,0.9716823141575268,1.0080009644820334,0.6491859053453034,1.5651386390717488,2740.4100559486624,False,0.0018233067644595048,0.0019922723841700463,-0.2671395512193381,0.24131182917188698,-1.1070304847304189,0.26828074842709193,0.7655662283098563,0.47706108457064383,1.2285463410960529,2736.668164986808,False,-0.060452710217081415,-0.06516227030224059,-0.4003955998890175,0.23417022735836368,-1.709848448309656,0.08729390135552309,0.670054919945205,0.42342907789604933,1.0603277365211958,2924.0095228125056,False,-0.09788693453423761,-0.09875451967843774,89,0.993986806607904,False,False,0.8092332095943887,False,False,0.48619725285927756,False,False,2736.668164986808,3.7418909618545513,-187.34135782569774,0.3379460445368283,0.8145407042456982,0.4148915367584751,low,0.1823306764459505,0.19922723841700463,0.0036466135289190097,0.0039845447683400925,-6.045271021708142,-6.516227030224059,-0.12090542043416283,-0.13032454060448118,-9.788693453423761,-9.875451967843773,-0.19577386906847521,-0.19750903935687547
671c008a-8ff8-42d7-9e03-6d8a9ddace67,Faithless Looting,-0.373020039816225,0.2316212774330419,-1.6104739769603391,0.10729442208231448,0.6886514322575301,0.43736038523140885,1.0843249895607834,2737.772267546434,False,-0.0847268439493835,-0.092314424586452,-0.33599452033358623,0.23681168060297847,-1.4188257921993748,0.1559498111988432,0.7146270217230177,0.4492636300038771,1.1367307435331526,2735.8555242471903,False,-0.07593387538930375,-0.08183404425353674,-0.4213885416187123,0.22858347302602144,-1.84347772846527,0.06525929053964102,0.6561351160760778,0.41919790284221325,1.0269929492233503,2923.4866821668575,False,-0.10305950149873092,-0.10416524794867293,89,0.56837045211172,False,False,0.6966542088834653,False,False,0.4335871507040556,False,False,2735.8555242471903,1.9167432992435351,-187.6311579196672,0.05849190564693996,0.6864711900188752,0.0852066430425604,low,-8.47268439493835,-9.231442458645201,-0.169453687898767,-0.184628849172904,-7.593387538930376,-8.183404425353674,-0.1518677507786075,-0.16366808850707348,-10.305950149873091,-10.416524794867293,-0.20611900299746183,-0.20833049589734587
b689a206-aec3-4a31-95cf-3d4b840db04c,Securitron Squadron,-0.08536155217380356,0.2201671930361978,-0.3877124061792859,0.6982288737856488,0.9181802543150834,0.5963728319548581,1.4136374667683143,2740.26053009693,False,-0.019531496163614395,-0.021329122567484204,-0.18241180358484163,0.22553857075476094,-0.8087831849532595,0.41863986992594804,0.8332581310676934,0.535546583473596,1.2964681960755284,2737.2411110894636,False,-0.04139774258196164,-0.04479453415798906,-0.42823483362263726,0.21763910533695596,-1.9676373552428923,0.049109778432949745,0.6516583655341784,0.4253650744487292,0.9983391935057954,2923.0235664809256,False,-0.10462379037202507,-0.10553146174680134,97,0.9373483511095011,False,False,0.8729086649519768,False,False,0.41288861112630065,True,False,2737.2411110894636,3.01941900746624,-185.782455391462,0.266521888780905,0.8010322503056518,0.3327230441461097,low,-1.9531496163614395,-2.1329122567484204,-0.03906299232722879,-0.04265824513496841,-4.139774258196164,-4.479453415798906,-0.08279548516392328,-0.08958906831597813,-10.462379037202506,-10.553146174680133,-0.20924758074405014,-0.21106292349360267
6cc73d16-5ed7-4104-91f6-0997a2080e2e,Embereth Shieldbreaker // Battle Display,-0.13613707232340347,0.23615323517161413,-0.576477693496224,0.5642923430465684,0.8727229981205862,0.5493621432827505,1.3864177587798845,2740.0774162028715,False,-0.031129624448138236,-0.03398771637221848,-0.2560827639931334,0.239515079562627,-1.0691717801683314,0.28499227210746414,0.7740779003629751,0.48406682193989364,1.23783859721903,2736.747865428443,False,-0.05799849161867481,-0.06257057106144032,-0.4441994279727899,0.22703133948328003,-1.956555553007709,0.050399745007199535,0.6413375074340077,0.41099227784528375,1.0007823032541339,2923.0723776881405,False,-0.108337701162398,-0.10937419389500214,87,0.8708763719458851,False,False,0.8092332095943887,False,False,0.41288861112630065,False,False,2736.747865428443,3.3295507744282986,-186.32451225969726,0.23138549068657843,0.762712801972523,0.30337171486852027,low,-3.1129624448138236,-3.3987716372218477,-0.06225924889627647,-0.06797543274443696,-5.799849161867481,-6.257057106144032,-0.11599698323734962,-0.12514114212288063,-10.833770116239801,-10.937419389500214,-0.216675402324796,-0.21874838779000427
a50d79fe-6d37-42f3-b7b0-0c3018282fa2,End-Raze Forerunners,0.09606910356212653,0.2416792837501062,0.3975065718146573,0.6909939413161076,1.100835132994633,0.6854893661894803,1.7678436016764412,2740.253559896929,False,0.021961862594026667,0.02400079142309347,-0.2743392494932661,0.3601627769100269,-0.7617090579068904,0.4462336680456752,0.7600741767380809,0.37521417142647634,1.5396879919213684,2737.3161546848555,False,-0.0620603428326908,-0.06687544652328709,-0.4475286979932313,0.3490607911372774,-1.2820938626052354,0.19980972167785083,0.6392058720613206,0.32248848506057154,1.2669728247845216,2925.296665282471,False,-0.10906026096085612,-0.110025163517592,77,0.9373483511095011,False,False,0.8970440916610496,False,False,0.5950768732954331,False,False,2737.3161546848555,2.9374052120733722,-187.98051059761565,0.46162926093331247,0.8333717272646782,0.5539295920783012,low,2.196186259402667,2.4000791423093473,0.043923725188053334,0.04800158284618694,-6.20603428326908,-6.687544652328708,-0.1241206856653816,-0.13375089304657417,-10.906026096085613,-11.002516351759201,-0.21812052192171225,-0.220050327035184
07a3d9e8-8597-498b-869c-cff79e0df516,"Karn, Scion of Urza",-0.17528517709009084,0.2072594296994668,-0.8457283576639204,0.3977042997577235,0.8392176609903529,0.5590515122813321,1.259787813906673,2739.6907873557493,False,-0.040071964595058754,-0.0437258985535387,-0.08226695189738785,0.21294147731806673,-0.3863359686121987,0.6992478652805807,0.9210260562224908,0.606753753934198,1.3980778705371653,2737.749002473766,False,-0.01869668554077176,-0.02034658358464697,-0.4539596375136616,0.2073861380184791,-2.1889584417315855,0.028599860723191744,0.6351083672813957,0.42297742589860265,0.9536268687008738,2922.077311088394,False,-0.11076047445040615,-0.11196705401981905,108,0.7913709924113077,False,False,0.9425636711937635,False,False,0.3147642255356845,True,False,2737.749002473766,1.9417848819834944,-184.32830861462799,0.28591768894109504,0.7984506948314132,0.35809060069947635,low,-4.0071964595058756,-4.37258985535387,-0.08014392919011751,-0.0874517971070774,-1.8696685540771758,-2.0346583584646973,-0.03739337108154352,-0.04069316716929394,-11.076047445040615,-11.196705401981905,-0.2215209489008123,-0.2239341080396381
ab1d1461-1625-4163-aacd-a939f4871fad,Staff of the Storyteller,-0.4157369660378429,0.21130967677841872,-1.9674298516569524,0.04913367567443652,0.6598538116222974,0.43609117848828827,0.9984312322524261,2736.4600676666696,False,-0.094292485708968,-0.10267200390682057,-0.43406267042278224,0.21814444818636014,-1.9897947164438667,0.046613553705773865,0.6478716518227112,0.42247466906076064,0.9935215244233289,2733.864618797582,False,-0.09770968600702867,-0.10415124819918625,-0.46165991855359045,0.2109002111238035,-2.1889969483367895,0.02859706182240698,0.6302366352874202,0.41685187656674383,0.9528521731263256,2922.0572584801466,False,-0.11268880404236405,-0.1133605133558831,107,0.3930694053954922,True,False,0.55328343040067,True,False,0.3147642255356845,True,False,2733.864618797582,2.5954488690877042,-188.19263968256473,0.02961717633487715,0.645987366244143,0.045847918833266624,medium,-9.429248570896801,-10.267200390682058,-0.188584971417936,-0.20534400781364115,-9.770968600702867,-10.415124819918626,-0.19541937201405735,-0.2083024963983725,-11.268880404236405,-11.33605133558831,-0.2253776080847281,-0.2267210267117662
3b6e5956-f795-451b-bb24-56462d1ced27,Umezawa's Jitte,-0.4590804340287059,0.182432571088309,-2.5164389850455033,0.011854742436330196,0.631864419454623,0.44191033770134247,0.9034698003434258,2733.9629100174325,False,-0.10386843396021168,-0.11317044393981407,-0.5690526032852504,0.186860295813119,-3.0453371638369133,0.002324195964413321,0.5660614695190938,0.392468585039443,0.81643626901224,2728.4381996931897,False,-0.12696777729312536,-0.13465126772186875,-0.4787455158407787,0.1801792868387573,-2.6570507866934157,0.00788275668306543,0.6195601328719672,0.4352229205837473,0.881972754857397,2919.7509991268066,False,-0.11671555699365352,-0.11756369212772905,145,0.1932292276650361,True,False,0.2277712045125055,True,False,0.1652586591170374,True,False,2728.4381996931897,5.524710324242733,-191.31279943361687,0.06580294993552926,0.6058286739485613,0.10861643359772098,medium,-10.386843396021169,-11.317044393981407,-0.20773686792042337,-0.22634088787962814,-12.696777729312537,-13.465126772186874,-0.2539355545862507,-0.2693025354437375,-11.671555699365351,-11.756369212772904,-0.23343111398730704,-0.2351273842554581
5a10b543-d5d4-42a8-9ee8-dada59a2ad7e,"Saheeli, Sublime Artificer",-0.47219751475566973,0.22284025515654074,-2.1189955756600645,0.03409084085825134,0.6236303245612096,0.40294128805291013,0.9651897019330798,2735.8135203380775,False,-0.10674216315829056,-0.1161782619210523,-0.34763250364776993,0.22807565231231008,-1.5241982216135348,0.12745920215245823,0.706358412662135,0.4517344453090793,1.1045033477515573,2735.5375843653705,False,-0.07855762407285503,-0.08461464848010358,-0.48807480587228713,0.21956422472318937,-2.2229250074214795,0.02622085719149699,0.6138069549606856,0.3991489249151077,0.943905781628347,2921.886005845945,False,-0.11888571468899127,-0.12017473192150957,97,0.3518779753032992,True,False,0.6762387766458607,False,False,0.3147642255356845,True,False,2735.5375843653705,0.275935972706975,-186.34842148057442,0.09255145770144935,0.6479318973946767,0.14284133575395377,low,-10.674216315829057,-11.61782619210523,-0.21348432631658112,-0.2323565238421046,-7.8557624072855035,-8.461464848010358,-0.15711524814571007,-0.16922929696020717,-11.888571468899126,-12.017473192150957,-0.23777142937798254,-0.24034946384301914
31b770cc-09e7-4c0b-b2a4-462ab4f7200d,Expressive Iteration,-0.5479836772463907,0.20046502544435957,-2.7335625056376096,0.006265323030119123,0.5781143010107993,0.39027833023939734,0.8563533230968686,2732.779572320276,False,-0.12317990453930336,-0.13419053427167482,-0.521466457648972,0.21031928646859915,-2.479403893027316,0.013160219041246026,0.593649347710421,0.3930996019577144,0.8965146397551377,2731.6244698189503,False,-0.1167087093562774,-0.12514544598291738,-0.5054953742715869,0.20409661756031097,-2.4767454763046817,0.013258641507863225,0.6032066883288162,0.40432965958398764,0.8999050656313197,2920.6870879645344,False,-0.12291509607535112,-0.124358725442964,117,0.174907454086304,True,False,0.4431684263420406,True,False,0.22166600503068912,True,False,2731.6244698189503,1.1551025013259277,-189.0626181455841,0.025092387318016884,0.5916567790166788,0.04241037744842526,medium,-12.317990453930335,-13.419053427167482,-0.24635980907860672,-0.26838106854334964,-11.67087093562774,-12.514544598291739,-0.2334174187125548,-0.25029089196583476,-12.291509607535112,-12.4358725442964,-0.24583019215070223,-0.248717450885928
18adbda4-8d36-47cd-afbc-c785aaa8ed80,Blightsteel Colossus,-0.6687329276996208,0.2446083330556877,-2.733892665657374,0.006259044393451316,0.5123573604918195,0.3172182486389102,0.8275377156783931,2732.6734626139923,False,-0.14900411048032025,-0.16185358836259606,-0.5867571373054341,0.25322907474309825,-2.3171001904133686,0.020498274650097143,0.5561278098567437,0.33854910732898225,0.9135399686507516,2732.370177445823,False,-0.13078891244073784,-0.14019396215351382,-0.5231532397554493,0.2431264699048017,-2.1517740950226214,0.031415151084464445,0.5926488346741491,0.36799676899050326,0.9544449050575522,2922.1881384175977,False,-0.12707570375375762,-0.12880459003131028,81,0.174907454086304,True,False,0.4431684263420406,True,False,0.32407208487131745,True,False,2732.370177445823,0.3032851681691682,-189.81796097177448,0.08029147418232963,0.5537113350075707,0.14500601505878838,low,-14.900411048032025,-16.185358836259606,-0.2980082209606405,-0.3237071767251921,-13.078891244073784,-14.019396215351382,-0.2615778248814757,-0.28038792430702764,-12.707570375375763,-12.880459003131028,-0.25415140750751525,-0.25760918006262057
85a89077-b384-4fca-9d26-7297962c1541,Kappa Cannoneer,-0.6354788356620616,0.22221791996947035,-2.8597101248601713,0.004240284026172288,0.5296817970502302,0.3426567852732212,0.8187866640453404,2731.9379832666364,False,-0.1421083264852488,-0.1543955292739847,-0.5140830562434967,0.22772894443615635,-2.2574339749228476,0.023980970772210366,0.598048720319795,0.3827275933631952,0.9345087160641046,2732.6571808303343,False,-0.11524188500955672,-0.123597538693342,-0.5265262690960185,0.2195580849845637,-2.398118334531095,0.01647954041444208,0.5906531803585197,0.3840970147727707,0.9082892239452158,2921.016110753504,False,-0.1279702499903094,-0.12956352449996006,99,0.174907454086304,True,False,0.4431684263420406,True,False,0.23925851268375167,True,False,2731.9379832666364,-0.7191975636978896,-188.35892992316985,0.06836692326956473,0.5727945659095149,0.11935679445737747,low,-14.21083264852488,-15.43955292739847,-0.2842166529704976,-0.3087910585479694,-11.524188500955672,-12.3597538693342,-0.23048377001911344,-0.247195077386684,-12.79702499903094,-12.956352449996006,-0.2559404999806188,-0.2591270489999201
187b6719-e5ed-4615-a00b-3313ceca055b,Currency Converter,-0.5281113678386316,0.2255819291935273,-2.3411067088869673,0.019226670962924353,0.5897176783723976,0.37898754051983397,0.9176210376412903,2734.7637659579195,False,-0.11902819560209271,-0.1294173507632892,-0.41818565644814554,0.23286643981868496,-1.7958176230707794,0.0725235270131207,0.6582400105775214,0.41702718039974845,1.038972834120231,2734.6046695960094,False,-0.09424310194291736,-0.10142420515054901,-0.5946155554073826,0.2242437245545608,-2.6516485872170152,0.008009986028631915,0.5517746518788157,0.355534404894433,0.8563313768364795,2919.6850071662384,False,-0.14365756617506323,-0.14570970388343152,96,0.26917339348094094,True,False,0.613990649236548,False,False,0.1652586591170374,True,False,2734.6046695960094,0.15909636191008758,-185.08033757022895,0.10646535869870566,0.5999107802762449,0.1774686540049853,low,-11.902819560209272,-12.94173507632892,-0.23805639120418542,-0.2588347015265784,-9.424310194291737,-10.142420515054901,-0.18848620388583473,-0.20284841030109801,-14.365756617506323,-14.570970388343152,-0.28731513235012646,-0.29141940776686304
44afd414-cc69-4888-ba12-7ea87e60b1f7,Craterhoof Behemoth,0.018479406764336695,0.22128770493319186,0.0835085111028457,0.9334472101510347,1.0186512076292007,0.6601788506061921,1.5717714704911154,2740.404344551371,False,0.0042278309076888175,0.004619736989068146,-0.6726912632151625,0.3890398737571772,-1.7291062140201827,0.0837900872215342,0.5103332867794022,0.2380655041210918,1.0939848868763238,2734.8189654725747,False,-0.14866930884624974,-0.15655208943388116,-0.6188182971858954,0.376763080683075,-1.6424600204031987,0.10049470503698343,0.5385805037970046,0.25736140537644625,1.127088028781733,2924.185257201919,False,-0.14872561922393424,-0.15002417001735252,91,0.9906419070658742,False,False,0.6193017268849004,False,False,0.5050503124935578,False,False,2734.8189654725747,5.58537907879645,-189.36629172934408,0.5083179208497985,0.6891883327352025,0.7375602526996096,low,0.42278309076888176,0.4619736989068146,0.008455661815377635,0.009239473978136292,-14.866930884624974,-15.655208943388116,-0.2973386176924995,-0.3131041788677623,-14.872561922393423,-15.002417001735251,-0.29745123844786847,-0.30004834003470504
1fdcc0c3-4029-4fc3-a486-5d7f45c910bd,Everflowing Chalice,-0.7717591729463842,0.21354038956134314,-3.6141133512575294,0.00030137719859630197,0.46219926426853297,0.304130517300837,0.702422636788726,2726.727059077858,False,-0.17067755135213925,-0.1851752492323373,-0.6704369139197199,0.21790295361522216,-3.0767683631475333,0.002092578437264768,0.5114850540199457,0.3336953917079847,0.7839993208978043,2728.058194977807,False,-0.1487333234317356,-0.15835445904171525,-0.637855590632018,0.21120325081509334,-3.02010309107626,0.0025268866070225454,0.5284243680987815,0.34930355063150054,0.7993972929727642,2917.439525943772,False,-0.15368092216087362,-0.15558006260697949,109,0.05906993092487519,True,False,0.2277712045125055,True,False,0.09004904999571253,True,False,2726.727059077858,-1.331135899949004,-189.38133096596493,0.06622510383024849,0.5007028954624201,0.13226427174759361,medium,-17.067755135213925,-18.51752492323373,-0.3413551027042785,-0.3703504984646746,-14.873332343173558,-15.835445904171525,-0.2974666468634712,-0.3167089180834305,-15.368092216087362,-15.55800626069795,-0.30736184432174724,-0.31116012521395897
6be9b1d5-9ab8-4adb-ba54-2c0117e842fa,Mox Opal,-0.7870051628658078,0.24456462199988413,-3.2179845000892264,0.0012909479386429348,0.4552060238399331,0.2818580166238856,0.7351663316948276,2729.505010864363,False,-0.17368926246731312,-0.1882191405397189,-0.6747073687686487,0.2507471367671868,-2.690787928697665,0.00712834927749783,0.5093054374802941,0.31155737857573806,0.8325658337247076,2730.3381126655377,False,-0.14953967077512095,-0.1595197987544409,-0.68682829710078,0.24379533041092313,-2.8172331928717163,0.004843934184471343,0.5031694448600645,0.3120265044232498,0.8114037963177609,2918.6342334048204,False,-0.1645189946661556,-0.1669721574357948,82,0.16868386398267682,True,False,0.4431684263420406,True,False,0.12658814668751775,True,False,2729.505010864363,-0.8331018011745073,-188.29612073928274,0.05409941364036103,0.4892269687267639,0.11058142150494542,low,-17.368926246731313,-18.821914053971888,-0.34737852493462623,-0.3764382810794378,-14.953967077512095,-15.951979875444088,-0.2990793415502419,-0.3190395975088818,-16.45189946661556,-16.69721574357948,-0.3290379893323112,-0.3339443148715896
97d08a15-e61c-4421-a541-c68a4f87cb74,Forensic Gadgeteer,-0.660612284100847,0.2516854640758843,-2.6247534259732594,0.008671173662523977,0.5165349714989872,0.3153993095156012,0.8459383667999496,2733.172370115889,False,-0.14754718241680057,-0.15998872851250795,-0.5632533291613595,0.2558915142216913,-2.2011411002608927,0.027726036447238988,0.5693537523500716,0.34479656689753013,0.9401592893801771,2732.8533156110434,False,-0.12592578092381163,-0.13431401460563075,-0.7538774510776687,0.24821310185971934,-3.037218605421287,0.002387722239356949,0.4705385208843948,0.28927568138720217,0.7653823459142296,2917.1849896260073,False,-0.1793201539030077,-0.1817272988282138,79,0.174907454086304,True,False,0.4431684263420406,True,False,0.09004904999571253,True,False,2732.8533156110434,0.3190545048455533,-184.33167401496394,0.09881523146567678,0.5188090815778178,0.19046550065229567,low,-14.754718241680056,-15.998872851250795,-0.29509436483360113,-0.3199774570250159,-12.592578092381162,-13.431401460563075,-0.25185156184762325,-0.2686280292112615,-17.93201539030077,-18.172729882821383,-0.3586403078060154,-0.3634545976564276
553fb946-2706-475b-89f9-e4355ec9ea2b,March of Otherworldly Light,-0.2348469679528903,0.24778578331829176,-0.9477822529116573,0.3432403170777599,0.7906918415618249,0.48650548488024503,1.2850699688747056,2739.497536094016,False,-0.05365080641360301,-0.05847173106903891,-0.33569973048464424,0.25494766459308116,-1.3167397748885068,0.18792586627532148,0.7148377175687738,0.43370220105638935,1.1782115959160082,2736.126656047387,False,-0.07593345501003833,-0.08138756561017602,-0.7714302743642266,0.24260970437720905,-3.179717300857877,0.001474187930960976,0.4623513059530018,0.28738132259406196,0.7438504638605323,2916.2989439697144,False,-0.18302688489738658,-0.18408014942338025,82,0.7585104857443739,False,False,0.7432460548763591,False,False,0.09004904999571253,True,False,2736.126656047387,3.3708800466292814,-180.17228792232754,0.32834053560882315,0.6559602883612002,0.5005494104362985,low,-5.365080641360301,-5.847173106903892,-0.10730161282720602,-0.11694346213807782,-7.593345501003832,-8.138756561017601,-0.15186691002007666,-0.16277513122035203,-18.302688489738657,-18.408014942338024,-0.36605376979477317,-0.3681602988467605
b50e1800-a45c-43bd-8886-8a06145d9346,Recurring Nightmare,-0.6198622819288077,0.2404047523229845,-2.578411100193314,0.009925583569602398,0.5380185273666618,0.33586177201325834,0.8618543695957296,2733.4402043151963,False,-0.13901942730482722,-0.15072705148055376,-0.5494912265128601,0.24955113243534913,-2.2019183850236224,0.027671074069308247,0.5772434218319462,0.3539458137433536,0.9414151972139585,2732.8716678542824,False,-0.12307048530516351,-0.1317920473347201,-0.8097839185736673,0.2387722636345429,-3.3914488485693477,0.0006952413936205505,0.44495420217462894,0.278655910137004,0.7104971932428046,2914.7443950275147,False,-0.1916646694856281,-0.19541640919761066,91,0.174907454086304,True,False,0.4431684263420406,True,False,0.09004904999571253,True,False,2732.8716678542824,0.5685364609139469,-181.8727271732323,0.13228921965731727,0.5200720504577456,0.25436710075244734,low,-13.901942730482721,-15.072705148055377,-0.27803885460965444,-0.30145410296110753,-12.30704853051635,-13.17920473347201,-0.24614097061032703,-0.2635840946694402,-19.16646694856281,-19.541640919761065,-0.3833293389712562,-0.3908328183952213
bf4b9a8a-b42a-46fb-b0d0-9cf800f63c8a,"Emry, Lurker of the Loch",-0.9631311617181515,0.24989565430737065,-3.8541332957055108,0.00011614031157466944,0.3816958614450725,0.23388478792671843,0.6229209344300947,2724.238980104882,False,-0.20912287631910267,-0.22555799847643115,-0.8530540845328333,0.25463478546209645,-3.350108206876606,0.0008077999715309859,0.42611156193015837,0.2586865287426977,0.7018960905813486,2725.82565330268,False,-0.18641676206460778,-0.19709827077965925,-0.9155588606970207,0.24781161113386033,-3.6945761197705282,0.00022025390613502046,0.4002928556240769,0.24628407853394477,0.6506079126897086,2912.1128862534306,False,-0.21399440743320305,-0.21750886986124163,85,0.04552700213727042,True,True,0.2277712045125055,True,False,0.08633953120492803,True,False,2724.238980104882,-1.5866731977980635,-186.28723295075042,0.04441570048508586,0.4027000929997692,0.11029473610057328,low,-20.912287631910267,-22.555799847643115,-0.41824575263820535,-0.4511159969528623,-18.64167620646078,-19.709827077965926,-0.37283352412921555,-0.3941965415593185,-21.399440743320305,-21.75088698612416,-0.4279888148664061,-0.43501773972248325
c4fffacd-81c7-44b8-9b59-2c7210022c14,Augur of Autumn,-0.6828463787797001,0.25603941494393634,-2.666958049912821,0.007654122515982497,0.5051770188363398,0.30584292308715916,0.834427744099358,2732.8509967005675,False,-0.15238449172678964,-0.16501314102380749,-0.7908050645856453,0.27115971786738485,-2.9163810569105313,0.0035411771457791157,0.45347956794581795,0.26652743059644907,0.7715668067790448,2728.8663007035893,False,-0.17374657267466226,-0.1808251067180111,-0.9211062805689516,0.2647499746705724,-3.4791553114030758,0.000502996980291275,0.39807841098820096,0.23692391315705755,0.6688494174492349,2913.9566624423123,False,-0.21482351031570956,-0.21500148309579364,78,0.174907454086304,True,False,0.27762828822908264,True,False,0.09004904999571253,True,False,2728.8663007035893,3.984695996978189,-185.090361738723,0.10709860784813885,0.45224499925678624,0.23681546069971665,low,-15.238449172678964,-16.50131410238075,-0.3047689834535793,-0.33002628204761497,-17.374657267466226,-18.08251067180111,-0.3474931453493245,-0.3616502134360222,-21.482351031570957,-21.500148309579366,-0.42964702063141913,-0.4300029661915873
