card_id,card_name,v0_coef,v0_se,v0_z,v0_p,v0_or,v0_or_lower,v0_or_upper,v0_aic,v0_separation,v0_win_rate_lift_prob,v0_win_rate_lift_mean_prob,v1_coef,v1_se,v1_z,v1_p,v1_or,v1_or_lower,v1_or_upper,v1_aic,v1_separation,v1_win_rate_lift_prob,v1_win_rate_lift_mean_prob,v2_coef,v2_se,v2_z,v2_p,v2_or,v2_or_lower,v2_or_upper,v2_aic,v2_separation,v2_win_rate_lift_prob,v2_win_rate_lift_mean_prob,n_games,v0_p_adj,v0_significant_raw,v0_significant_fdr,v1_p_adj,v1_significant_raw,v1_significant_fdr,v2_p_adj,v2_significant_raw,v2_significant_fdr,best_aic,aic_improvement_v0_to_v1,aic_improvement_v1_to_v2,or_range,or_mean,or_cv,confidence,v0_win_rate_lift_pct,v0_win_rate_lift_mean_pct,v0_win_rate_lift_std,v0_win_rate_lift_mean_std,v1_win_rate_lift_pct,v1_win_rate_lift_mean_pct,v1_win_rate_lift_std,v1_win_rate_lift_mean_std,v2_win_rate_lift_pct,v2_win_rate_lift_mean_pct,v2_win_rate_lift_std,v2_win_rate_lift_mean_std,ridge_coef,ridge_or,ridge_alpha_optimal
2b5801fb-2026-4f25-98bc-ebb2f99684b9,Undercity Sewers,0.3256266132120299,0.2042941329787751,1.5939107426343002,0.11095602797580965,1.3848981696418854,0.927938437380251,2.066885973267976,2737.8319216904174,False,0.07416873641512374,0.08080319073860237,0.4570599187538063,0.20883915631463204,2.188573861432436,0.028627827370850522,1.5794235185031904,1.04889284274168,2.378296951936929,2733.01260210278,False,0.10274243152158653,0.11376642886047067,0.6208498820627942,0.19941180511433101,3.1134058573254246,0.0018494150158560815,1.8605085829867796,1.2586034635813583,2.750264310824152,2916.9690400978607,False,0.14957607607892615,0.1513874560063666,118,0.5725992703856988,False,False,0.4431684263420279,True,False,0.09004904999571058,True,False,2733.01260210278,4.8193195876374375,-183.9564379950807,0.4756104133448942,1.6082767570439518,0.29572672194745675,low,7.416873641512374,8.080319073860236,0.14833747283024748,0.16160638147720474,10.274243152158654,11.376642886047067,0.20548486304317307,0.22753285772094134,14.957607607892614,15.13874560063666,0.2991521521578523,0.3027749120127332,0.010701789126724768,1.0107592580959526,1000.0
3d8ca18d-9099-4f1e-95c1-f04da58a26bd,"Gut, True Soul Zealot",0.34499687913982563,0.17532292631850407,1.9677796075173866,0.049093401523567434,1.4119855130514285,1.0013648741496135,1.9909856442290457,2736.463824834771,False,0.07870640086848442,0.08558168989747605,0.1578184851605248,0.18790061472504951,0.8399040385868711,0.40096219306589564,1.1709536299562504,0.8102060186035667,1.6923256209216258,2737.1885830589736,False,0.03589707760289458,0.03933897827818106,0.5821091519635362,0.17959321170707532,3.2412647807255803,0.0011900059592619184,1.789809432623295,1.2587340038651433,2.5449521465780034,2916.1238361291807,False,0.14131428252661896,0.14201424754695818,165,0.39306940539550245,True,False,0.8669979999518201,False,False,0.09004904999571058,True,False,2736.463824834771,-0.7247582242025601,-178.93525307020718,0.6188558026670445,1.4575828585436579,0.4245767566760311,low,7.870640086848442,8.558168989747605,0.15741280173696884,0.1711633797949521,3.5897077602894583,3.9338978278181056,0.07179415520578916,0.07867795655636212,14.131428252661896,14.201424754695818,0.2826285650532379,0.28402849509391637,0.007577620654729885,1.0076064034779633,1000.0
825969b9-3c70-4fca-8cab-696e9ca7cdb2,Prismatic Ending,0.13759300722367482,0.20536993416521596,0.669976390570316,0.5028728407137726,1.1475084275820477,0.7672580728491294,1.7162094971280275,2739.9588998697623,False,0.03148983237427112,0.03435236026953775,0.10251279977841468,0.21062966627017463,0.4866968722578781,0.6264731620719081,1.107951483352526,0.7332113037622172,1.6742192641661224,2737.660587420727,False,0.023302943655182685,0.025530229475530797,0.5768668784162228,0.20380762768441676,2.8304479325448244,0.004648287626250699,1.7804513123243721,1.1941133317203727,2.654695154429365,2918.6953766691486,False,0.1396084383318144,0.14028724816239768,115,0.8314108026455516,False,False,0.9197216625869148,False,False,0.12658814668751778,True,False,2737.660587420727,2.2983124490351656,-181.03478924842148,0.6724998289718462,1.3453037410863153,0.499886983462048,low,3.1489832374271125,3.435236026953775,0.06297966474854225,0.0687047205390755,2.3302943655182684,2.55302294755308,0.04660588731036537,0.051060458951061594,13.96084383318144,14.028724816239768,0.2792168766636288,0.28057449632479536,0.0005613718575163882,1.0005615294561867,1000.0
416d2d51-8f29-4e95-b037-e8c32b081e6c,Mana Drain,0.24021441604196841,0.18280563114499365,1.3140427597191497,0.188831815012792,1.271521755757017,0.8886208534457364,1.819412147592748,2738.6663561293817,False,0.05489074898931666,0.05982124111145126,0.3858604181192672,0.18969110604024797,2.0341513430650604,0.04193633864260535,1.4708793483796527,1.0141652398050929,2.133267807429035,2733.6946267195954,False,0.0871270178579935,0.0961629291918934,0.5541786736619426,0.18146604845142816,3.053897290380884,0.002258894032235179,1.7405108701397403,1.2195783920079142,2.4839552003598775,2917.4121495821937,False,0.13441791060084637,0.13588698830486218,149,0.6461218267021294,False,False,0.5137201483719156,True,False,0.09004904999571058,True,False,2733.6946267195954,4.971729409786349,-183.71752286259834,0.46898911438272317,1.49430399142547,0.31385120904036246,low,5.489074898931666,5.982124111145126,0.10978149797863332,0.11964248222290252,8.71270178579935,9.61629291918934,0.174254035715987,0.1923258583837868,13.441791060084638,13.588698830486218,0.26883582120169275,0.27177397660972435,0.007333692492896863,1.0073606498744427,1000.0
24a5cc2c-0fbf-4a5f-b175-6e0ffd0d0787,Misty Rainforest,0.3709514360156082,0.17654895921135522,2.1011250231813854,0.035629992829273774,1.4491126969913806,1.025228460412038,2.048253330518814,2735.9307311496,False,0.08436156793351456,0.09190158530784548,0.39753505322260024,0.18003722364013885,2.2080714486977393,0.027239292927736646,1.4881519575743893,1.0456744614584181,2.1178639533222947,2732.9471673065564,False,0.08967402761882033,0.09905724324366533,0.5454850351423158,0.17161264698715334,3.1785829583011442,0.0014799686026166214,1.725445080946322,1.2325981356957458,2.415353910689949,2916.6096074209945,False,0.13233211147293525,0.1338114805100561,159,0.35187797530330484,True,False,0.4431684263420279,True,False,0.09004904999571058,True,False,2732.9471673065564,2.983563843043612,-183.66244011443814,0.2763323839549414,1.5542365785040306,0.17779299996974354,medium,8.436156793351456,9.190158530784547,0.1687231358670291,0.18380317061569096,8.967402761882033,9.905724324366533,0.17934805523764066,0.19811448648733065,13.233211147293526,13.38114805100561,0.2646642229458705,0.2676229610201122,0.013071352383383798,1.0131571559586166,1000.0
bbec97ff-bb84-4496-9e09-d4fc1570c516,Mawloc,0.4722891953927401,0.19107080483625843,2.4718019887835654,0.013443395459392148,1.603661088070949,1.1027316480887999,2.3321438990620194,2734.1755467191015,False,0.10680349377219175,0.11629748559274783,0.4195698441990299,0.20045929718436398,2.093042578180588,0.036345353869792485,1.5213070158137707,1.0270284388158237,2.253467332445733,2733.4395409292956,False,0.09452166001591711,0.10447153748285298,0.5356192316888051,0.1918468865934919,2.791909950687598,0.005239793603463903,1.7085058757390987,1.1730407792259496,2.48839799871337,2918.9602350046266,False,0.1300632478847166,0.13093186771074117,134,0.1951781859289527,True,False,0.4595928618373759,True,False,0.12837494328486565,True,False,2733.4395409292956,0.7360057898058585,-185.520694075331,0.18719885992532803,1.6111579932079394,0.11618901480456346,medium,10.680349377219175,11.629748559274782,0.2136069875443835,0.23259497118549566,9.45216600159171,10.447153748285299,0.18904332003183422,0.20894307496570597,13.00632478847166,13.093186771074116,0.2601264957694332,0.26186373542148234,0.0065381411102919,1.0065595614124208,1000.0
819a513c-3be6-4bdc-8ba6-1f7326a8f3ea,Fiery Confluence,0.4127952846791777,0.1812653905358233,2.2772978529378856,0.022768445074224722,1.511035662118973,1.0592012848404153,2.1556136731266586,2735.1325440484134,False,0.09369426717343035,0.10203552661356224,0.40233206007468647,0.18404779921483871,2.186019402519695,0.028814185845601276,1.4953077822597944,1.0424757089100067,2.144841692306258,2733.036920586569,False,0.09074395230621898,0.10024364882836895,0.5144797499419423,0.17773525829262887,2.8946409107802733,0.0037959249464831826,1.6727680177241304,1.180713177579872,2.36988363834148,2918.3702209015514,False,0.1251738806333088,0.1262016903094597,149,0.30776656789986523,True,False,0.4431684263420279,True,False,0.12400021491845063,True,False,2733.036920586569,2.0956234618442977,-185.33330031498235,0.17746023546433598,1.559703820700966,0.11377816294928442,medium,9.369426717343035,10.203552661356225,0.1873885343468607,0.2040710532271245,9.074395230621898,10.024364882836895,0.18148790461243797,0.2004872976567379,12.51738806333088,12.620169030945972,0.2503477612666176,0.2524033806189194,0.011085078909555712,1.011146746047825,1000.0
68841ca8-a043-4f30-9a17-e983ed960bc2,Demonic Tutor,0.10919356118602883,0.1646988384154104,0.662989261105875,0.5073374318840408,1.1153782233802414,0.8076583354063019,1.5403401743696736,2739.9705418096346,False,0.024989119479318343,0.02727759718386763,0.28405320667087264,0.17316354986255972,1.6403752804578462,0.10092716182211016,1.3285036141269144,0.9461564424257215,1.8653594412182315,2735.1901487100067,False,0.06432024575956194,0.07075527697621142,0.5030752304391028,0.1657069740314137,3.035932756479718,0.002397928361136692,1.6537992725484025,1.1951713465482932,2.28841834418184,2917.61909501246,False,0.12229270341652791,0.12434481168394207,181,0.8321182983202677,False,False,0.6301343522866748,False,False,0.09004904999571058,True,False,2735.1901487100067,4.780393099627872,-182.42894630245337,0.5384210491681611,1.3658937033518528,0.3941895682269387,low,2.4989119479318345,2.7277597183867632,0.049978238958636685,0.05455519436773526,6.432024575956194,7.075527697621142,0.12864049151912388,0.14151055395242285,12.229270341652791,12.434481168394207,0.24458540683305582,0.24868962336788414,0.007894849442620427,1.0079260959411547,1000.0
06cb1bd6-73e0-4104-b344-4bc52d7dcedf,Baleful Strix,0.29445720477971643,0.19299100883536335,1.5257560782580901,0.12707062282532813,1.3423975139431612,0.9196104040045044,1.959559262915813,2738.054108274597,False,0.06714493416658697,0.07317668261305049,0.4192421273074435,0.19765600317318496,2.121069537868304,0.03391595099556336,1.5208085394914164,1.0323485590873949,2.240385375104898,2733.328328180533,False,0.09443242238115801,0.10442836887714602,0.48120516608177427,0.18842501894066932,2.553828407645243,0.01065457493635085,1.6180232143333102,1.118392212004711,2.3408595786166555,2920.294705115856,False,0.11730902238109887,0.1186389468062235,132,0.582801342375758,False,False,0.4431684263420279,True,False,0.20882966875247663,True,False,2733.328328180533,4.725780094064248,-186.96637693532284,0.275625700390149,1.4937430892559627,0.1845201510036367,medium,6.714493416658697,7.317668261305049,0.13428986833317394,0.14635336522610098,9.4432422381158,10.442836887714602,0.18886484476231602,0.20885673775429203,11.730902238109888,11.86389468062235,0.23461804476219775,0.237277893612447,0.004463832955992727,1.0044738106991242,1000.0
310a1c46-8331-4a09-9fcb-d942f8102364,Thoughtseize,0.11592970159131048,0.17014960871069634,0.681339807183598,0.4956565005906215,1.1229169300852615,0.8044764937126581,1.5674074279695362,2739.9450397766805,False,0.026540703695751146,0.0289571769283975,0.17260740389579735,0.17284823024900167,0.9986067178538224,0.3179852445655754,1.1883994524917463,0.8468979061798222,1.6676074511191548,2736.8955083182896,False,0.03922121889173972,0.043017599607888424,0.47581449273239773,0.1669439337372478,2.850145447520601,0.004369924070397407,1.6093244468850993,1.1602138976057235,2.232282496086913,2918.6688849501734,False,0.11612095191278402,0.11716103915844267,171,0.8314108026455516,False,False,0.809233209594387,False,False,0.12658814668751778,True,False,2736.8955083182896,3.049531458390902,-181.77337663188382,0.48640751679983785,1.3068802764873693,0.3721898061750562,low,2.6540703695751144,2.89571769283975,0.05308140739150229,0.057914353856795,3.922121889173972,4.301759960788843,0.07844243778347944,0.08603519921577685,11.612095191278401,11.716103915844267,0.23224190382556803,0.23432207831688534,0.005899671024032981,1.005917108357774,1000.0
1daf4348-05c5-4c55-bcf2-c7bec7988bfc,Plateau,0.4002847249324863,0.19049106910393965,2.101330665082649,0.03561194968598101,1.4922495178031636,1.027287906951051,2.167657779592531,2735.9052245624853,False,0.09094411632513037,0.09898697237201448,0.2295331247675422,0.201063737313369,1.1415938439948627,0.2536228840571142,1.2580125379060105,0.8482738149116013,1.865665917901337,2736.582360375248,False,0.05210384548782064,0.05726935926435439,0.4502648980099457,0.1932563587641629,2.329883999105141,0.019812282938869354,1.5687276832969201,1.0740992838014458,2.2911350761100002,2921.4101291177917,False,0.11013465628089934,0.11077368471139953,135,0.35187797530330484,True,False,0.8056368089558701,False,False,0.26780741075988923,True,False,2735.9052245624853,-0.6771358127625717,-184.82776874254387,0.3107151453909096,1.439663246335365,0.2158248786178497,low,9.094411632513037,9.898697237201448,0.18188823265026074,0.19797394474402896,5.210384548782064,5.72693592643544,0.10420769097564128,0.11453871852870878,11.013465628089934,11.077368471139954,0.22026931256179869,0.22154736942279907,0.008428979307265137,1.0084646031739464,1000.0
63af3c26-5b1f-46f6-9aa2-036c615bf5ea,Flash,0.3390788874658436,0.2153787526363505,1.5743376879814635,0.11540940118920702,1.4036540715578345,0.9202927365019433,2.140889169776389,2737.908840954541,False,0.07707100404694964,0.08407523437924419,0.4852938787300252,0.22544558335384093,2.1525987402838034,0.031350227635376336,1.6246523894757383,1.0443769999685266,2.52733963569551,2733.204885090111,False,0.10868940444949333,0.12073087935927446,0.4473592432381356,0.21552492690670264,2.07567286837216,0.03792421692911706,1.5641761180592442,1.0252437472356108,2.386405120639691,2922.5876308677234,False,0.10910822821146564,0.11057924904429323,101,0.5726643704578374,False,False,0.4431684263420279,True,False,0.36259251307838747,True,False,2733.204885090111,4.7039558644301,-189.3827457776124,0.2209983179179038,1.5308275263642723,0.1443652626516173,medium,7.707100404694963,8.40752343792442,0.15414200809389927,0.16815046875848838,10.868940444949333,12.073087935927445,0.21737880889898667,0.2414617587185489,10.910822821146564,11.057924904429322,0.21821645642293128,0.22115849808858645,0.009286468412555073,1.009329721445976,1000.0
a6539e26-b63b-4725-9407-caaf451de084,Troll of Khazad-dûm,0.24165798762628646,0.1627953372720587,1.4844281886429884,0.1376953611089644,1.2733586139316173,0.925500253162819,1.751962956393267,2738.1941889471973,False,0.05516480672082905,0.060191322315230944,0.4148416054124999,0.17171857984274685,2.415822479969236,0.015699713434856738,1.5141308915591578,1.0814180497493149,2.119987138466183,2731.9942013822165,False,0.09336238003397627,0.10326749252695444,0.4369464758346363,0.16403571110836257,2.663727751001658,0.007728007888107222,1.5479732208643036,1.12236322208685,2.134978272058511,2919.777916395922,False,0.10673385971663488,0.10837852807773307,184,0.582801342375758,False,False,0.4431684263420279,True,False,0.165258659117039,True,False,2731.9942013822165,6.199987564980802,-187.78371501370566,0.27461460693268624,1.4451542421183596,0.190024427102083,medium,5.516480672082905,6.019132231523095,0.1103296134416581,0.12038264463046189,9.336238003397627,10.326749252695445,0.18672476006795255,0.20653498505390888,10.673385971663487,10.837852807773308,0.21346771943326975,0.21675705615546614,0.006276774772157456,1.0062965150029761,1000.0
612b2e6e-fe8d-49ad-b845-6fa7fa59ffd1,Concealing Curtains // Revealing Eye,0.18828074225084723,0.18104352100512608,1.0399750358672943,0.29835149899903013,1.207172372070576,0.8465681616456705,1.7213795674262988,2739.3225968195293,False,0.04304475641648069,0.04695831881640311,0.23932353206537593,0.18294544781477975,1.3081688280523671,0.19081605245288213,1.2703894818361592,0.8875862798267627,1.8182902014606857,2736.1733169880154,False,0.05427006727775525,0.05967648517378121,0.43648548750725336,0.1768284322481366,2.468412358566579,0.013571388063103457,1.5472597877331908,1.0940667976326086,2.1881779576132216,2920.760640571534,False,0.10667234943558665,0.10776659425964663,146,0.7309611725476238,False,False,0.7432460548763574,False,False,0.2216660050306898,True,False,2736.1733169880154,3.1492798315139225,-184.5873235835188,0.3400874156626148,1.3416072138799755,0.253492536521975,low,4.304475641648069,4.695831881640311,0.08608951283296137,0.09391663763280622,5.427006727775525,5.967648517378121,0.1085401345555105,0.11935297034756243,10.667234943558665,10.776659425964663,0.2133446988711733,0.21553318851929326,0.005423610593978066,1.0054383449957576,1000.0
7c024bae-5631-4e20-ac69-df392ac9e109,Orcish Bowmasters,0.1948983098760619,0.17419632493133375,1.1188428341004821,0.2632071943585659,1.2151874076483717,0.863702855143462,1.7097088737328436,2739.151539913111,False,0.04455565714987993,0.04860287489169174,0.2691756370656988,0.17751396712284992,1.5163631427346431,0.12942755341210582,1.3088850095815783,0.9242693564657202,1.8535505438136937,2735.579363664777,False,0.06099621797732422,0.06709762418087156,0.4286667915838735,0.17129483594715178,2.5025085503227116,0.01233166467638533,1.5352094044682985,1.0973837229184449,2.147715394666069,2920.5920699569097,False,0.10484107292201185,0.10616937205263771,160,0.6896918746929452,False,False,0.6764746791672731,False,False,0.21972784332468406,True,False,2735.579363664777,3.572176248334017,-185.01270629213286,0.3200219968199267,1.353093940566083,0.23651129254635617,low,4.455565714987993,4.860287489169174,0.08911131429975987,0.09720574978338348,6.099621797732422,6.7097624180871565,0.12199243595464844,0.13419524836174312,10.484107292201186,10.61693720526377,0.2096821458440237,0.21233874410527542,0.008908508176129256,1.0089483070301086,1000.0
8c2996d9-3287-4480-8c04-7a378e37e3cf,Flooded Strand,0.1515731679182535,0.1737735498444014,0.8722453333891933,0.3830745532528115,1.1636634415264537,0.8277674762864821,1.635861088937669,2739.6467718928243,False,0.034672900063089006,0.03783603698348714,0.20940953363109435,0.17749766102138362,1.1797875669238607,0.23808471570863876,1.232949829571216,0.870675543405076,1.7459607011523046,2736.4980254389066,False,0.04752134730345768,0.05220884937882725,0.420081248268662,0.17240412961553087,2.4366078075128623,0.014825749373129119,1.5220852173835822,1.0856394347928477,2.1339897342801364,2920.9330370871976,False,0.10276831632594706,0.10381643355701198,158,0.7882371007995962,False,False,0.8045621427395379,False,False,0.23246775017066457,True,False,2736.4980254389066,3.148746453917738,-184.43501164829104,0.3584217758571284,1.3062328294937506,0.2743934831250872,low,3.4672900063089007,3.7836036983487142,0.06934580012617801,0.07567207396697428,4.752134730345768,5.220884937882725,0.09504269460691536,0.1044176987576545,10.276831632594705,10.381643355701197,0.20553663265189412,0.20763286711402396,0.008988929449451996,1.0090294512004918,1000.0
5427d8a6-ac9e-4e50-bd39-81713b2ade25,Fatal Push,0.20011491347259586,0.1703070725524536,1.1750240930890385,0.23998507689767934,1.2215431218572337,0.8748638989934665,1.7055996941620972,2739.02144437911,False,0.045752694213702046,0.049898677502429545,0.23550179628538268,0.172114371757306,1.3682866449842876,0.17122236944553504,1.2655436545327359,0.9031719053060557,1.773306645300644,2736.01262496678,False,0.0534286820788608,0.05872695067069905,0.4200249184513879,0.1663554414896244,2.5248643187760402,0.011574296638159131,1.5219994810161908,1.0985248706392203,2.1087209603780908,2920.4802879280996,False,0.10282906985753935,0.10384998434765241,169,0.6816967401731181,False,False,0.7361808790854437,False,False,0.2160535372456371,True,False,2736.01262496678,3.0088194123300127,-184.46766296131955,0.3004563591589571,1.3363620858020535,0.22483155003505667,low,4.575269421370205,4.989867750242954,0.09150538842740409,0.09979735500485909,5.34286820788608,5.872695067069905,0.1068573641577216,0.1174539013413981,10.282906985753936,10.384998434765242,0.2056581397150787,0.20769996869530483,0.0033796706093664032,1.003385388135384,1000.0
4acf970d-d2d7-413d-aba7-587ee53d8d5c,Stomping Ground,0.4742764788869913,0.17930500899189233,2.6450821510983933,0.008167108630467953,1.6068511860462844,1.1307019802009632,2.283511287067393,2733.2747735776643,False,0.10725859927393962,0.11682299154004222,0.35524041020600167,0.1836075147780146,1.934781431116776,0.05301712268263245,1.426523563884204,0.9953803846405747,2.044413884096887,2734.1017529116475,False,0.08029370599104564,0.08857734039190934,0.41875363868592813,0.17715464089639002,2.3637745901945566,0.01808981535685347,1.5200658232433584,1.0741509574870836,2.151094397753952,2921.2650049792355,False,0.10257809567266238,0.10330861055580587,152,0.17490745408630318,True,False,0.5616949213943763,False,False,0.25325741499594856,True,False,2733.2747735776643,-0.8269793339832177,-187.16325206758802,0.18032762216208043,1.5178135243912825,0.1188074946389746,medium,10.725859927393962,11.682299154004221,0.21451719854787923,0.23364598308008444,8.029370599104563,8.857734039190934,0.16058741198209128,0.17715468078381869,10.257809567266237,10.330861055580588,0.20515619134532476,0.20661722111161174,0.009079410229320939,1.0091207531026185,1000.0
4a1f905f-1d55-4d02-9d24-e58070793d3f,"Atraxa, Grand Unifier",0.2553884255046454,0.17921126920464373,1.4250690073123358,0.1541372544891564,1.2909629664406022,0.9085860653814696,1.8342625362864267,2738.3663855062778,False,0.05825778485018989,0.06356961165626834,0.4151174723583125,0.1916731697321749,2.165756808521279,0.030329775439132303,1.5145486478436985,1.0402260649574941,2.205152979683226,2733.1547127891063,False,0.0934010271279813,0.10334921960674476,0.4168056808774099,0.1832896868819627,2.2740269131772255,0.02296436841819092,1.5171076812567994,1.0592465935255146,2.172879979597444,2921.7238999910414,False,0.10192247000469586,0.10337810019872423,149,0.6042180375974932,False,False,0.4431684263420279,True,False,0.300067747331028,True,False,2733.1547127891063,5.211672717171496,-188.56918720193516,0.22614471481619725,1.4408730985137002,0.15694977930358453,medium,5.825778485018989,6.356961165626834,0.11651556970037978,0.1271392233125367,9.34010271279813,10.334921960674476,0.1868020542559626,0.20669843921348952,10.192247000469585,10.337810019872423,0.2038449400093917,0.20675620039744846,0.00891215554481473,1.0089519870432802,1000.0
95c14c4d-6c16-4826-8d93-d89ad04aee09,"Etali, Primal Conqueror // Etali, Primal Sickness",0.23273724211474203,0.18817710514815597,1.2367989290275396,0.21616173978862496,1.2620498222140335,0.8727641814485985,1.8249714958590793,2738.8725849052444,False,0.05311105205831747,0.057969268957850595,0.3848281171465057,0.2013169168733182,1.9115537984751911,0.055933450137360244,1.4693617416457287,0.9902943667238665,2.1801839941337273,2734.2177560201485,False,0.08668288966127026,0.09584146126553966,0.41515817867492627,0.19534661485295127,2.1252386635286205,0.03356670339104828,1.5146103007953085,1.0328054253259171,2.221177684607277,2922.3916192770366,False,0.10148436776465786,0.1029615317347724,131,0.657508648124563,False,False,0.5705366990694339,False,False,0.33738840331515196,True,False,2734.2177560201485,4.654828885095867,-188.17386325688813,0.25256047858127495,1.41534062155169,0.1784450150977675,medium,5.311105205831747,5.7969268957850595,0.10622210411663494,0.11593853791570119,8.668288966127026,9.584146126553966,0.17336577932254052,0.19168292253107932,10.148436776465786,10.29615317347724,0.2029687355293157,0.2059230634695448,0.009184491581186723,1.0092267984471468,1000.0
9d3a7998-ccac-45ad-a4e9-3a2cb057f63b,Elite Spellbinder,0.3758739672715333,0.17018382610646682,2.2086350734433893,0.027200033746988223,1.4562635853317476,1.0432216527927425,2.0328408869640264,2735.4609405079773,False,0.08546462681891351,0.093115449586394,0.2792643781618142,0.17738449014389812,1.5743449606855082,0.11540772073937852,1.3221568470638543,0.933878231368063,1.8718700891838924,2735.3976432124864,False,0.063301214155646,0.06968526538462316,0.4135589833317936,0.17138695919282126,2.4130131328516855,0.015821249488477275,1.5121900787753024,1.0807341117389706,2.115894010846921,2921.0403909101083,False,0.10136176235267119,0.10189387640549996,168,0.35187797530330484,True,False,0.6556496598527012,False,False,0.23853576151858044,True,False,2735.3976432124864,0.0632972954908837,-185.64274769762187,0.19003323171144815,1.4302035037236347,0.13287146284894658,medium,8.54646268189135,9.3115449586394,0.17092925363782702,0.186230899172788,6.330121415564601,6.968526538462316,0.126602428311292,0.13937053076924633,10.136176235267119,10.189387640549995,0.20272352470534238,0.20378775281099992,0.009189119128716937,1.0092314687029313,1000.0
ce648aa3-098b-4af0-a433-fd290bc85904,Balance,0.4277403610878037,0.2532528436158555,1.6889854225550898,0.0912222235681039,1.5337877982694912,0.9336672081849615,2.5196397490425055,2737.5011459040697,False,0.09686498147968736,0.10549203343537389,0.4257695918462795,0.2598183940663039,1.6387199735274554,0.10127159233178704,1.5307680330612112,0.9199145805078739,2.5472482127073235,2735.157408812889,False,0.09577276819449385,0.10601306017217993,0.4053508308889828,0.2503453876729688,1.6191663631466648,0.10541147318703746,1.4998285939653166,0.9182127797957662,2.449852431564197,2924.278669099035,False,0.09922457839289209,0.10000207177942455,75,0.5337180841596527,False,False,0.6301343522866748,False,False,0.5165162186164836,False,False,2735.157408812889,2.3437370911806283,-189.12126028614603,0.03395920430417454,1.521461475098673,0.02232012105464067,low,9.686498147968736,10.549203343537389,0.19372996295937472,0.21098406687074778,9.577276819449384,10.601306017217993,0.1915455363889877,0.21202612034435986,9.922457839289208,10.000207177942455,0.19844915678578418,0.2000041435588491,0.011654696503932409,1.011722877096484,1000.0
eeeffc0b-dc92-458e-ad58-86ff6077a508,Sentinel of the Nameless City,0.286379259913295,0.19774244273626662,1.4482437657313925,0.14754888855263024,1.3315973810044546,0.9037559445792108,1.96198054987456,2738.2965781365847,False,0.06524104995347728,0.07118728441533084,0.24921066642641365,0.2074737837701694,1.2011670192629185,0.22968642002688144,1.2830122922161935,0.8543298233317423,1.9267974698088597,2736.443292766288,False,0.056455145766777626,0.062180898582171684,0.4035142342898265,0.20272793698898806,1.9904224365078256,0.04654442037763841,1.4970765418486776,1.006186535842454,2.227457923870015,2922.9373799948125,False,0.09872355825654996,0.0997248353050425,117,0.596280044460114,False,False,0.7897989179871713,False,False,0.4128886111263016,True,False,2736.443292766288,1.8532853702968168,-186.49408722852468,0.21406424963248405,1.3705620716897753,0.15618719797824462,medium,6.524104995347728,7.118728441533085,0.13048209990695456,0.14237456883066169,5.645514576677763,6.218089858217168,0.11291029153355525,0.12436179716434337,9.872355825654996,9.97248353050425,0.19744711651309993,0.199449670610085,0.00817735037815415,1.008210876229662,1000.0
a3bb2881-e8fb-4fba-a9f9-d93e6ca24378,"Laelia, the Blade Reforged",0.43755389783163035,0.16984112676215726,2.576254092122067,0.009987722051537152,1.5489137794784908,1.110338905926412,2.1607221754124017,2733.6708060547444,False,0.09912215872958494,0.10804995116167915,0.2793282471488436,0.1828509945026935,1.527627716264507,0.1266049962219089,1.32224129457913,0.9239847589896505,1.8921546314270716,2735.5484316672946,False,0.0633019939147571,0.06969435447659145,0.3818378392970547,0.17552505565030224,2.1754036076637884,0.029599884399132238,1.4649745045749065,1.0385325739859903,2.066521891381179,2922.164763306354,False,0.0937443649692272,0.0943481116413113,170,0.17490745408630318,True,False,0.6762387766458499,False,False,0.3147642255356918,True,False,2733.6708060547444,-1.8776256125502186,-186.61633163905935,0.22667248489936087,1.4453765262108424,0.15682590715209616,medium,9.912215872958493,10.804995116167914,0.19824431745916987,0.2160999023233583,6.330199391475711,6.969435447659144,0.1266039878295142,0.1393887089531829,9.37443649692272,9.43481116413113,0.1874887299384544,0.1886962232826226,0.008119544030161784,1.008152596925374,1000.0
bb41ff5c-9617-4033-a4fa-99323640b9c3,Duress,0.11739737262992511,0.17361834259583236,0.6761807011556116,0.49892592393493607,1.1245662127484632,0.8001992027620143,1.580417929048523,2739.9527593578564,False,0.026859706182619816,0.029322701321748634,0.23548876580625605,0.1812314592097894,1.2993812819972919,0.19381311212908225,1.2655271640000016,0.8871644671991425,1.8052560286574055,2736.200311723722,False,0.05338415852403067,0.05866039228166858,0.37809129699069655,0.17392010321969195,2.1739367099679106,0.029709888634746415,1.4594961844029979,1.0379087741229696,2.052327878321352,2922.1738590517166,False,0.09269725853324297,0.09390531523185286,161,0.8314108026455516,False,False,0.7432460548763574,False,False,0.3147642255356918,True,False,2736.200311723722,3.752447634134569,-185.97354732799477,0.33492997165453464,1.283196520383821,0.26101221935542085,low,2.6859706182619814,2.9322701321748634,0.05371941236523963,0.05864540264349727,5.338415852403067,5.8660392281668585,0.10676831704806133,0.11732078456333717,9.269725853324298,9.390531523185286,0.18539451706648594,0.18781063046370572,0.004180072809295881,1.0041888214994479,1000.0
3a2d7cf9-dddb-4de3-b4f2-c52e3ec8fb4b,Brain Freeze,0.5327703121350702,0.20728887448278221,2.570182859376387,0.010164484648224352,1.7036454067720106,1.1348314278090954,2.5575672305963146,2733.7026067281176,False,0.11976993830928025,0.1305768444197405,0.6913989535419063,0.21766499456075558,3.176436132677825,0.0014909661525449565,1.9965066004813725,1.3031384720336412,3.0587989621280904,2727.6418301493136,False,0.15242859350271773,0.17094932563862936,0.37514971515229345,0.20881187876342983,1.796591828845683,0.07240044256480224,1.4552092651867852,0.966454008364855,2.1911378991208195,2923.6850894665977,False,0.09197493158594107,0.09311371830798443,110,0.17490745408630318,True,False,0.22777120451251684,True,False,0.46145054637772637,False,False,2727.6418301493136,6.060776578804052,-196.04325931728408,0.5412973352945873,1.718453757480056,0.31499092305419196,low,11.976993830928025,13.057684441974049,0.2395398766185605,0.261153688839481,15.242859350271774,17.094932563862937,0.30485718700543546,0.3418986512772587,9.197493158594106,9.311371830798443,0.18394986317188214,0.18622743661596886,0.008960609313594206,1.0090008757539815,1000.0
207d5f12-fbc6-4c75-9d84-fd2f0023fbd0,Sneak Attack,0.062446784880925685,0.2002813570738008,0.31179529534501277,0.755196099714715,1.064437813225691,0.7188484840402636,1.5761706164511144,2740.313926701804,False,0.014289916992966776,0.015607420029707386,0.1345358138330863,0.2086263501351789,0.644864916372808,0.519014729029548,1.1440056294954002,0.7600494116913113,1.721926048735245,2737.4817338486428,False,0.030553972434834747,0.03348998190815883,0.37396455708903087,0.20029153840363487,1.867101127035151,0.0618874670747648,1.4534856337819944,0.9815651807166893,2.152297706880879,2923.4291660240565,False,0.09166477892871205,0.09283012463946294,119,0.9374126485600508,False,False,0.9084793269322101,False,False,0.43094182426145716,False,False,2737.4817338486428,2.8321928531613594,-185.94743217541372,0.38904782055630327,1.2206430255010285,0.3187236664844037,low,1.4289916992966776,1.5607420029707386,0.028579833985933552,0.031214840059414772,3.055397243483475,3.348998190815883,0.061107944869669494,0.06697996381631766,9.166477892871205,9.283012463946294,0.1833295578574241,0.18566024927892588,0.007710215669165657,1.0077400159215542,1000.0
ea1feac0-d3a7-45eb-9719-1cdaf51ea0b6,Mox Sapphire,0.2557087987953562,0.16968090127206828,1.5069981175155935,0.13181113972774128,1.2913766227530254,0.9260141462748971,1.8008942827725973,2738.1231178058465,False,0.05835357627854523,0.06365659903335208,0.30914618223945806,0.17198649857756193,1.7975026225680169,0.07225586215812409,1.3622614943848566,0.9724395595610065,1.9083513837316701,2734.6402556439903,False,0.06992723639154222,0.07706188164001804,0.3738903579121766,0.16684120830196478,2.2409952656029377,0.025026381681473434,1.4533777903453948,1.0479979079231543,2.0155641394888644,2921.868883232095,False,0.09172144963079,0.09279921323924217,166,0.582801342375758,False,False,0.6139906492365879,False,False,0.3147642255356918,True,False,2734.6402556439903,3.4828621618562465,-187.2286275881047,0.16200116759236938,1.3690053024944255,0.11833494530458842,medium,5.835357627854523,6.365659903335208,0.11670715255709047,0.12731319806670416,6.992723639154222,7.706188164001803,0.13985447278308444,0.15412376328003607,9.172144963079,9.279921323924217,0.18344289926158,0.18559842647848435,0.01404501955612502,1.0141441142286636,1000.0
49bb0ad3-1082-41f1-82a4-52a4006cc9b6,"Leovold, Emissary of Trest",0.0317948900656785,0.2454797016673261,0.1295214628734025,0.8969450430743583,1.0323057474249844,0.6380457273762034,1.670186180148693,2740.3945212178187,False,0.007275442577766809,0.007948122817734826,0.13057739601024843,0.2484551854429656,0.5255571373060486,0.5991959443874406,1.1394861281608597,0.700196151013705,1.8543784258043041,2737.621382522788,False,0.029651600747818512,0.03252766807691193,0.3720620530798933,0.23747163447311875,1.566764190196408,0.11716982053591411,1.4507230003303933,0.9108451716132333,2.310598210626823,2924.4653082103923,False,0.09118777068275133,0.09208407885273401,79,0.9872457930608786,False,False,0.9197216625869148,False,False,0.5266474573861455,False,False,2737.621382522788,2.773138695030866,-186.8439256876045,0.4184172529054089,1.2075049586387456,0.3465139003462996,low,0.727544257776681,0.7948122817734826,0.014550885155533618,0.015896245635469652,2.9651600747818514,3.2527668076911933,0.059303201495637024,0.06505533615382386,9.118777068275133,9.2084078852734,0.18237554136550266,0.18416815770546802,0.0026476569940384084,1.0026511651332506,1000.0
cf3eb762-6c3f-4b11-a4f9-968f79370217,Mystic Confluence,-0.0020185327748322188,0.19837799274754617,-0.010175184993433133,0.9918815170810308,0.9979835030923974,0.6764887923896649,1.472265444230572,2740.4112123135815,False,-0.00046184203975711575,-0.0005046330498436058,0.11258689300766517,0.204014595995006,0.5518570495339518,0.5810462971126766,1.1191695006918194,0.7503003280971887,1.6693853439399415,2737.5931717964118,False,0.02557799491744989,0.028028587317510734,0.3631229186638155,0.19470776873631318,1.8649636890225056,0.062186494067611384,1.4378125823811443,0.9816658455079494,2.1059151966154395,2923.4391798992283,False,0.08905833615378077,0.09003259756456772,123,0.9939868066079038,False,False,0.9197216625869148,False,False,0.43094182426145716,False,False,2737.5931717964118,2.8180405171697203,-185.84600810281654,0.4398290792887469,1.184988528721787,0.3711673730404613,low,-0.046184203975711574,-0.05046330498436058,-0.0009236840795142315,-0.0010092660996872116,2.557799491744989,2.8028587317510736,0.05115598983489978,0.05605717463502147,8.905833615378077,9.003259756456771,0.17811667230756154,0.18006519512913544,0.0025029910514868772,1.00250612614875,1000.0
bd8fa327-dd41-4737-8f19-2cf5eb1f7cdd,Black Lotus,0.3470689968472667,0.16551955007758623,2.0968459416702157,0.03600721521019406,1.4149143466316803,1.0229091531694343,1.9571460496771476,2735.969652918071,False,0.07893339897031493,0.08610376897736344,0.40314038364762983,0.16720508125512157,2.4110534238640637,0.015906518271094943,1.4965169634279833,1.0783352582709445,2.076870810492404,2732.020518010934,False,0.09079614297545052,0.10044016523585875,0.3573802802646632,0.1618714910192548,2.207802485875369,0.02725804471364881,1.4295794073344164,1.0409275158553186,1.96334254858787,2922.0209303266947,False,0.08777349499972033,0.08871382701230734,176,0.35187797530330484,True,False,0.4431684263420279,True,False,0.3147642255356918,True,False,2732.020518010934,3.949134907136795,-190.0004123157605,0.0816026167963031,1.4470035724646932,0.0563942054803007,medium,7.893339897031493,8.610376897736344,0.15786679794062985,0.17220753795472687,9.079614297545053,10.044016523585874,0.18159228595090104,0.2008803304717175,8.777349499972033,8.871382701230734,0.17554698999944066,0.1774276540246147,0.008709346635712087,1.0087473833398792,1000.0
fa87bf1e-2062-4983-b1c4-98bffea69a4c,Pyrogoyf,0.20327696720835062,0.17226820063812556,1.1800028470452506,0.2379990825677043,1.225411820141561,0.8742676574023073,1.7175908501572923,2739.009511530853,False,0.04647224322398963,0.050682089622012816,0.0680680273482374,0.1789682054687292,0.3803358656358143,0.7036961153982799,1.070438125069087,0.7537386000473001,1.5202057842460461,2737.753805537158,False,0.015473221912125234,0.01693220772571824,0.35471825503259957,0.17025647914759598,2.083434691052744,0.03721161889209982,1.4257788916594885,1.0212379377925849,1.9905698492711439,2922.55720880289,False,0.08719291570198338,0.08781712454028268,167,0.6809900756681757,False,False,0.942563671193764,False,False,0.36259251307838747,True,False,2737.753805537158,1.255705993695301,-184.80340326573196,0.35534076659040137,1.240542945623379,0.28643971403331053,low,4.647224322398963,5.068208962201282,0.09294448644797926,0.10136417924402563,1.5473221912125235,1.693220772571824,0.030946443824250467,0.03386441545143648,8.719291570198338,8.781712454028268,0.17438583140396677,0.17563424908056535,0.0012249232816240758,1.0012256738065608,1000.0
2e139ad1-1079-49e9-babd-6399c44ad333,Seasoned Pyromancer,0.4873396354165407,0.22682920704707388,2.148487144847282,0.03167507653271596,1.6279794349672114,1.0436815243360675,2.539392505163054,2735.7079850696127,False,0.10994872705466123,0.11976804606582458,0.3731400984768458,0.23290607928510823,1.6021054479220886,0.10913229350236507,1.452287788888156,0.9200237289617256,2.2924841559618003,2735.2968075402946,False,0.08414457617887952,0.09301527413714783,0.3526598229237772,0.22500503633916905,1.5673419078148247,0.1170347946863663,1.4228470411516496,0.9154403722836018,2.2114970715829645,2924.4604945549877,False,0.08657646663686835,0.08732499185761922,91,0.35187797530330484,True,False,0.6481796826201077,False,False,0.5266474573861455,False,False,2735.2968075402946,0.4111775293181381,-189.1636870146931,0.2051323938155618,1.5010380883356724,0.13666035219866365,low,10.994872705466124,11.976804606582458,0.21989745410932246,0.23953609213164917,8.414457617887953,9.301527413714783,0.16828915235775904,0.18603054827429566,8.657646663686835,8.732499185761922,0.1731529332737367,0.17464998371523843,0.004785185596733764,1.0047966528810632,1000.0
261ac92e-c61a-4c11-aa6a-9ae1cb703e5c,Dreams of Steel and Oil,0.10158570816814465,0.2054974944089027,0.49434037363982425,0.6210658164297304,1.1069247868221304,0.7399376294424411,1.6559267091261403,2740.166162978593,False,0.023241234847330882,0.025377859188804197,0.1774361528383442,0.21258710851206797,0.8346515180541706,0.4039139463503103,1.1941518122646524,0.7872301923745094,1.8114124236441411,2737.1986735623777,False,0.04027044301948781,0.044242629018402146,0.34151802190475117,0.20177763868922488,1.6925464294423254,0.09054183535389741,1.4070819513744617,0.9474641776913936,2.0896617143963896,2924.059615418302,False,0.08385845160215173,0.08465451681951486,114,0.9224700379303707,False,False,0.8669979999518201,False,False,0.4861972528592847,False,False,2737.1986735623777,2.967489416215358,-186.86094185592447,0.3001571645523313,1.2360528501537482,0.24283521899164412,low,2.324123484733088,2.5377859188804197,0.046482469694661764,0.050755718377608394,4.027044301948781,4.424262901840215,0.08054088603897562,0.08848525803680429,8.385845160215172,8.465451681951485,0.16771690320430346,0.16930903363902972,0.005358075761956843,1.005372455921749,1000.0
47a6234f-309f-4e03-9263-66da48b57153,Solitude,0.34518653667572735,0.1811793199981981,1.9052204008667233,0.05675142738364359,1.4122533321407142,0.9901241590643746,2.0143529030008014,2736.736108979441,False,0.07853461286717463,0.08561231207548914,0.2982489038412452,0.18602714222806366,1.6032547738415561,0.10887841702039187,1.347497143357238,0.9357898986777028,1.9403378407072143,2735.3034210680353,False,0.06751334402136706,0.07441476160414062,0.3401448303373549,0.18012045956382733,1.8884297273115798,0.05896828363536402,1.405151084332781,0.9871914661107352,2.0000675021841325,2923.3390450669967,False,0.08364053266395853,0.0841896938930422,147,0.41197332471089426,False,False,0.6481796826201077,False,False,0.43094182426145716,False,False,2735.3034210680353,1.4326879114055373,-188.03562399896146,0.06475618878347622,1.3883005199435778,0.046644215609821994,medium,7.8534612867174625,8.561231207548914,0.15706922573434925,0.17122462415097828,6.751334402136706,7.441476160414062,0.13502668804273413,0.14882952320828124,8.364053266395853,8.41896938930422,0.16728106532791706,0.1683793877860844,0.005797181166066085,1.0058140173391943,1000.0
0359f212-9564-41a9-870b-d2c57455a695,Brainstorm,0.1574613782642719,0.21442159544653244,0.7343541024231209,0.46273295214821464,1.170535548994041,0.7688918559566481,1.781984632616571,2739.8698883634443,False,0.03598984815984836,0.03929525836414649,0.2744506727950592,0.21879257531261073,1.2543875056222735,0.20970119169356494,1.3158076673538073,0.8569439416641935,2.0203769853425526,2736.315548757278,False,0.06209698705053553,0.06845282616620368,0.3390005841502644,0.2078071052074845,1.631323355434792,0.10282210777759741,1.4035441650931817,0.9339789840193389,2.1091868843660486,2924.2677619923734,False,0.08321840873633927,0.08409017516079664,103,0.8170780055950456,False,False,0.7438594731644832,False,False,0.5102059018837745,False,False,2736.315548757278,3.554339606166195,-187.95221323509531,0.2330086160991407,1.2966291271470098,0.17970336406974954,medium,3.5989848159848363,3.929525836414649,0.07197969631969672,0.07859051672829298,6.209698705053554,6.845282616620368,0.12419397410107107,0.13690565233240737,8.321840873633928,8.409017516079665,0.16643681747267855,0.16818035032159329,0.009131058087810206,1.0091728733744119,1000.0
3faa8c5e-9e1b-4cee-b322-a033bf33dcbc,Hymn to Tourach,0.013996261768439365,0.23976386224984117,0.0583751931467255,0.9534497740696422,1.0140946680107132,0.6338512913795125,1.6224436388692647,2740.4079068200604,False,0.003202520219160908,0.0034990145382697846,0.14864564174871933,0.2441854378419491,0.6087408121565847,0.5426962507720596,1.160261768022434,0.7189540608473252,1.872452558022926,2737.5268688851957,False,0.03373765357897292,0.03703532831076767,0.334980649869416,0.2400552892138579,1.3954312398882076,0.16288583625935238,1.3979133351551762,0.8732549585943126,2.237790548307109,2924.991113970839,False,0.08221276153983972,0.08311058466177756,76,0.9939868066079038,False,False,0.9090895122587529,False,False,0.595076873295435,False,False,2737.5268688851957,2.8810379348647075,-187.46424508564314,0.383818667144463,1.1907565903961077,0.32233175968968175,low,0.3202520219160908,0.34990145382697846,0.006405040438321816,0.006998029076539569,3.373765357897292,3.7035328310767666,0.06747530715794584,0.07407065662153534,8.221276153983972,8.311058466177757,0.16442552307967945,0.16622116932355513,-0.000830233460470072,0.9991701110879709,1000.0
6989018c-37b1-4282-a4af-9cc97f160b4d,Oliphaunt,0.36454354374528064,0.17459513014357828,2.087936493105497,0.036803563743457904,1.4398566265645685,1.022588429346569,2.0273915150659976,2735.9973943857462,False,0.08287198689113404,0.0903454297325077,0.2828383527082492,0.17739790804764002,1.5943725369765536,0.11085261974893368,1.326890656199474,0.9371972120997221,1.8786214798536243,2735.3320434044726,False,0.0640604756188962,0.07055048146464848,0.33216176178408585,0.16988509794893736,1.9552142347642774,0.050557789117506316,1.3939783226959281,0.9991873002236652,1.9447560669668027,2923.082159668781,False,0.08171891349340236,0.08242987194600698,161,0.35187797530330484,True,False,0.6485705513668956,False,False,0.4128886111263016,False,False,2735.3320434044726,0.6653509812736047,-187.75011626430842,0.11296597036509448,1.3869085351533235,0.08145163686126283,medium,8.287198689113403,9.034542973250769,0.16574397378226807,0.1806908594650154,6.40604756188962,7.0550481464648485,0.1281209512377924,0.14110096292929697,8.171891349340237,8.242987194600698,0.16343782698680473,0.16485974389201397,0.005839484330891218,1.005856567355347,1000.0
bd3d4b4b-cf31-4f89-8140-9650edb03c7b,Ancient Tomb,0.25920183203368136,0.19756854218657463,1.3119590252829982,0.18953396010825452,1.295895331625138,0.8798247750025913,1.9087263262424956,2738.6748314955985,False,0.05912256198742055,0.06449811647536152,0.21558887988200326,0.19936265470455172,1.0813904951330942,0.2795234478664208,1.2405922417152067,0.8393211040898644,1.8337071505819982,2736.720974740104,False,0.04889283208808227,0.05376848691124292,0.32999477627729007,0.1939083443551637,1.7018080236550814,0.08879136190447519,1.3909608624509566,0.95116704619618,2.034103398144072,2924.0225306094776,False,0.08110499609252116,0.08184991791414697,119,0.6461218267021294,False,False,0.809233209594387,False,False,0.4861972528592847,False,False,2736.720974740104,1.9538567554945985,-187.30155586937371,0.15036862073574997,1.3091494785971005,0.11485977972269958,medium,5.912256198742055,6.449811647536152,0.1182451239748411,0.12899623295072304,4.8892832088082265,5.376848691124292,0.09778566417616454,0.10753697382248584,8.110499609252116,8.184991791414697,0.1622099921850423,0.16369983582829395,0.009162427085335132,1.0092045306123043,1000.0
fe30c0ff-f74b-456a-a61e-3720d84d713f,Parallax Wave,0.019082122412188717,0.17193106071710496,0.11098705686220599,0.9116266104452679,1.0192653497096718,0.7276735464287578,1.4277032031979906,2740.3989918967163,False,0.004366711414098165,0.004770416796284482,0.01727086555090438,0.17949855537576795,0.09621729553616186,0.9233479946938249,1.0174208692697249,0.7156627067407062,1.4464149318885904,2737.8894766549415,False,0.003924748420009137,0.004288904198846033,0.3241799964768869,0.17117852342218814,1.89381231941896,0.05824992586208711,1.3828962011628916,0.9887340322808237,1.9341924529281196,2923.3340910786947,False,0.07970799415632811,0.08031029104062626,164,0.9877369967757043,False,False,0.9942424259274446,False,False,0.43094182426145716,False,False,2737.8894766549415,2.509515241774807,-185.44461442375314,0.3654753318931667,1.139860806714096,0.3206315453083532,low,0.4366711414098165,0.47704167962844823,0.00873342282819633,0.009540833592568965,0.39247484200091376,0.4288904198846033,0.007849496840018275,0.008577808397692066,7.97079941563281,8.031029104062625,0.15941598831265621,0.16062058208125252,0.007093648453911701,1.0071188679756449,1000.0
3bd1ec98-8188-4649-899e-b0972509fc7e,Firebolt,0.28852457616066585,0.2067448815391944,1.3955584970840875,0.16284748774119895,1.3344571449531009,0.8898562095106345,2.0011950837492014,2738.442978372746,False,0.06574855788281854,0.07170797295036141,0.1678745761073285,0.2152932320005004,0.7797485064785423,0.4355389213068104,1.182788251437409,0.775614113721604,1.803716594358559,2737.2876281899153,False,0.038112083496308756,0.04186343021289585,0.323502552201187,0.2083798056727926,1.5524659462883144,0.12055077479339843,1.3819596833026748,0.9185840534012942,2.0790830835811445,2924.5139767268497,False,0.07955012573026415,0.08019553030321047,109,0.6236970515566717,False,False,0.893880927498794,False,False,0.5266474573861455,False,False,2737.2876281899153,1.1553501828307162,-187.22634853693444,0.19917143186526576,1.299735026564395,0.1532400280015058,medium,6.574855788281854,7.170797295036141,0.13149711576563708,0.14341594590072282,3.8112083496308755,4.186343021289584,0.07622416699261751,0.0837268604257917,7.955012573026416,8.019553030321047,0.1591002514605283,0.16039106060642094,0.004398656798581766,1.0044083450893444,1000.0
18a3cca1-e50e-49b6-9e1a-f86640e3b177,Snuff Out,0.2923616876144455,0.1754251627820018,1.6665892337107815,0.09559611115754163,1.3395874422151441,0.9498305949078601,1.8892784934081743,2737.609328994511,False,0.06662735814279332,0.07267950352853753,0.319474286191105,0.17780313375617124,1.7967865888641381,0.07236950625030412,1.3764039795221383,0.9713971762409604,1.9502711776201835,2734.6389579696033,False,0.072230147120413,0.07966844915756943,0.322896189765103,0.17077517754499338,1.890767700592968,0.05865536059060467,1.3811219688674876,0.9882464606702545,1.9301843910421805,2923.3386263160555,False,0.07941931511076973,0.080170947483234,156,0.5430967474457438,False,False,0.6139906492365879,False,False,0.43094182426145716,False,False,2734.6389579696033,2.970371024907763,-188.6996683464522,0.04153452665234347,1.3657044635349234,0.03041252903636085,medium,6.662735814279332,7.267950352853752,0.13325471628558663,0.14535900705707505,7.2230147120413,7.966844915756943,0.144460294240826,0.15933689831513886,7.941931511076973,8.0170947483234,0.15883863022153946,0.160341894966468,0.005705800838512518,1.0057221099241607,1000.0
b7f16fdf-a3f5-462d-a64a-789d893b6ef5,Batterskull,0.4542386882044114,0.23443471144736122,1.9375914317466756,0.05267308864826682,1.5749738803013198,0.9947604284592713,2.493608161990691,2736.610601051751,False,0.10260454627979423,0.11186460197437958,0.4236029058143326,0.23846428119061483,1.776378850951386,0.07567049456499793,1.5274549298691522,0.9571577287115473,2.4375486848152423,2734.705543768893,False,0.09519569591961768,0.10546626682730881,0.320588701196367,0.2305734114890449,1.3903975273037887,0.1644081969258988,1.377938719780171,0.8769237931405814,2.1651996790615415,2924.9981256648807,False,0.07878004160494821,0.07947121560532722,84,0.4004966302125926,False,False,0.6179757056141497,False,False,0.595076873295435,False,False,2734.705543768893,1.905057282857797,-190.2925818959875,0.1970351605211489,1.493455843316881,0.13193236439019512,low,10.260454627979424,11.186460197437958,0.20520909255958847,0.22372920394875917,9.519569591961769,10.546626682730881,0.19039139183923537,0.21093253365461762,7.878004160494821,7.947121560532722,0.15756008320989642,0.15894243121065443,0.006340124506210747,1.006360265638852,1000.0
f1e5cafb-b0e6-4ee5-8c58-6f8e5ef2b9da,Virtue of Persistence // Locthwain Scorn,0.34284825366816846,0.21066652358919033,1.6274453474000394,0.10364254706216845,1.408954941959505,0.9323396190355067,2.129217709878862,2737.7369246161206,False,0.07791549287191608,0.08499942181212772,0.37297038423710016,0.21303089533952077,1.7507807195884604,0.07998368894274203,1.4520413358840567,0.9564084859544989,2.20452251530552,2734.8001424749773,False,0.08406382201464262,0.09296643182159814,0.31921718561102996,0.20576861148921474,1.5513405241973048,0.12082010019830289,1.3760501507473262,0.9193491610700236,2.0596244577717266,2924.52092916112,False,0.07846630817948975,0.07925879309989059,105,0.556546280114658,False,False,0.6193017268848884,False,False,0.5266474573861455,False,False,2734.8001424749773,2.9367821411433397,-189.72078668614267,0.07599118513673053,1.4123488095302958,0.05380482825769003,medium,7.791549287191608,8.499942181212772,0.15583098574383217,0.16999884362425544,8.406382201464261,9.296643182159814,0.16812764402928523,0.18593286364319628,7.846630817948975,7.9258793099890585,0.1569326163589795,0.15851758619978118,0.003006491898664278,1.0030110159281158,1000.0
3003d481-1b52-4aa9-bbdc-e948fbc8d49d,Sylvan Library,0.18420089609023793,0.20297518144900353,0.9075045272789544,0.3641400564779451,1.202257327633412,0.8076467880409408,1.7896718011524648,2739.5855198574673,False,0.04206385613296023,0.045940102821417805,0.1715278016906046,0.23052363870155043,0.7440790135742854,0.4568286748526854,1.1871171461371188,0.7555581508855823,1.8651736031184,2737.3439141046674,False,0.038912977882873324,0.042776653452711366,0.31851332403620725,0.22096611452721057,1.4414577760835106,0.1494553978937227,1.375081942703378,0.8917403640744466,2.1204045766297055,2924.8646756780786,False,0.07823710043221144,0.0789594689463039,113,0.7843016601063433,False,False,0.903671202599946,False,False,0.595076873295435,False,False,2737.3439141046674,2.241605752799842,-187.52076157341116,0.1879647965662592,1.254818805491303,0.14979437329413053,medium,4.206385613296023,4.594010282141781,0.08412771226592046,0.09188020564283561,3.8912977882873325,4.277665345271137,0.07782595576574665,0.08555330690542273,7.823710043221144,7.89594689463039,0.15647420086442287,0.1579189378926078,0.006380803341518043,1.0064012040350152,1000.0
75fdce80-e338-4a50-bdc6-786511feaeef,Ziatora's Proving Ground,0.040907259537937925,0.23080262998903964,0.17723913951881973,0.859320553413888,1.0417554881800497,0.6626781210869882,1.6376796858376965,2740.3798665528416,False,0.009360228261799271,0.010225556635071131,0.08874858106295651,0.2332127175769627,0.38054777623209385,0.7035388389417803,1.0928058696943428,0.6918761278480439,1.7260671683424456,2737.7535870073634,False,0.02016094801081119,0.022089134610654426,0.3161689189596952,0.22652989577530105,1.3957050475726551,0.1628033336924526,1.3718619695517962,0.8800032513859978,2.1386344431550577,2924.9873490737095,False,0.07768755494255143,0.07847584850585243,86,0.9696938900785708,False,False,0.942563671193764,False,False,0.595076873295435,False,False,2737.7535870073634,2.6262795454781553,-187.23376206634612,0.3301064813717465,1.1688077758087296,0.28243008662680813,low,0.9360228261799272,1.0225556635071131,0.018720456523598543,0.020451113270142263,2.016094801081119,2.2089134610654426,0.04032189602162238,0.04417826922130885,7.768755494255143,7.847584850585243,0.15537510988510286,0.15695169701170486,0.0035264720388032966,1.003532697356976,1000.0
5ab21006-7f61-49e0-8b6a-0397c5d4c3bd,Imperial Seal,-0.014142872504660002,0.18674330973532494,-0.07573429283600565,0.939630492591999,0.9859566681007786,0.6837521645234848,1.4217293952551724,2740.4055821042593,False,-0.0032355833249925188,-0.003535669833848676,0.058535402364318805,0.19810684509056978,0.2954739011544896,0.7676318866705749,1.060282521538273,0.7191006003484295,1.5633404073572519,2737.8113419128076,False,0.013301949240263533,0.014548116399846156,0.3117989548571033,0.18955651369721965,1.6448865236841326,0.09999321453240644,1.365880061871556,0.9420171374120648,1.9804611501480225,2924.2279058249114,False,0.0766788067929201,0.07760710177310631,137,0.9906419070658801,False,False,0.9695332822545232,False,False,0.505050312493552,False,False,2737.8113419128076,2.5942401914517177,-186.4165639121038,0.37992339377077744,1.1373730838368692,0.33403585786391704,low,-0.32355833249925187,-0.3535669833848676,-0.0064711666499850376,-0.007071339667697352,1.3301949240263533,1.4548116399846156,0.026603898480527067,0.029096232799692312,7.6678806792920104,7.7607101773106315,0.1533576135858402,0.15521420354621263,-6.890181680833337e-06,0.9999931098420564,1000.0
5b8ba842-c662-4686-bca3-93ddb7fa11a6,Mother of Runes,0.1941492884260277,0.17109830612808685,1.1347236148596616,0.2564911396577343,1.2142775470093377,0.8683126862426611,1.6980863973683262,2739.115820119992,False,0.04438319071071589,0.04841813075773016,0.10069776542364879,0.17747239511293078,0.5673995967630454,0.5704427237914818,1.1059423372330117,0.781024992512934,1.5660298518093347,2737.5759794108153,False,0.022887142946245033,0.025076735306878428,0.3110329595109588,0.1698787671957881,1.8309113295629709,0.06711377901831783,1.3648342047127668,0.9783092775817857,1.9040731280381884,2923.5659169794926,False,0.07657872847356152,0.0771587101587477,165,0.6896918746929452,False,False,0.9160379966359093,False,False,0.43847668958634317,False,False,2737.5759794108153,1.5398407091765876,-185.9899375686773,0.2588918674797551,1.2283513629850387,0.2107636913029651,low,4.438319071071589,4.8418130757730165,0.08876638142143178,0.09683626151546032,2.288714294624503,2.5076735306878426,0.045774285892490066,0.050153470613756856,7.657872847356153,7.71587101587477,0.15315745694712304,0.1543174203174954,0.006026822837113983,1.00604502067388,1000.0
8a720448-017f-4f4a-9501-678245eaed17,Mishra's Bauble,0.16094977001151867,0.18528201910485798,0.8686745254024418,0.38502517891065347,1.1746259658832896,0.816929084772086,1.6889423885699755,2739.653747966877,False,0.036790309847808775,0.04016660391432869,0.20799293432024005,0.18760610922531967,1.108668236760005,0.267573329213987,1.2312044702216287,0.8523866506649685,1.778376569261329,2736.6638974825937,False,0.04716391940614961,0.05185792847598447,0.3100024742241717,0.18275641806866813,1.6962603967631533,0.0898365769948106,1.3634284875557248,0.9529430791410083,1.9507327156981449,2924.052663027091,False,0.07622688009157637,0.0770311869973555,134,0.7882371007995962,False,False,0.809233209594387,False,False,0.4861972528592847,False,False,2736.6638974825937,2.9898504842831244,-187.38876554449735,0.18880252167243516,1.2564196412202142,0.15027027235030585,medium,3.6790309847808773,4.016660391432869,0.07358061969561755,0.08033320782865738,4.716391940614962,5.185792847598448,0.09432783881229923,0.10371585695196894,7.622688009157637,7.70311869973555,0.15245376018315274,0.154062373994711,0.005329758357100541,1.0053439867859713,1000.0
18f23daa-bc59-456a-8a28-3823e51bc74b,Night's Whisper,0.2699748360295627,0.22662473675109104,1.1912858229862364,0.23354139748804503,1.309931487241283,0.8401207495574606,2.042468897679331,2738.986069933573,False,0.06149304848358572,0.06713615926444116,0.42957193044654696,0.23685911486618488,1.8136178997765673,0.06973657272367528,1.5365996112327958,0.9659222498648696,2.444439358935046,2734.585416769607,False,0.09644984407752948,0.1069759646066662,0.3099624797585093,0.22306346061515772,1.3895708373917632,0.16465923643406277,1.3633739590523226,0.8805206462048898,2.1110107528239377,2925.00964972116,False,0.07617510376218908,0.07709869949998643,93,0.6731487339361298,False,False,0.6139906492365879,False,False,0.595076873295435,False,False,2734.585416769607,4.400653163966126,-190.42423295155277,0.2266681239915127,1.4033016858421339,0.16152487115091516,low,6.149304848358572,6.713615926444117,0.12298609696717144,0.13427231852888233,9.644984407752947,10.69759646066662,0.19289968815505895,0.2139519292133324,7.617510376218909,7.709869949998644,0.15235020752437817,0.15419739899997287,0.005195132524559554,1.005208650624836,1000.0
073bfdca-d7b8-4f4b-93f3-6e7c44bc0b0a,Sol Ring,0.16270280922916916,0.16618624717419742,0.9790389517528674,0.3275607337065304,1.1766869372215392,0.8495722977672114,1.6297519962299831,2739.4482879988454,False,0.037210134059070976,0.04060659297705688,0.16644738509503676,0.16880133126107152,0.9860549312706894,0.32410615792428255,1.1811013906980834,0.8483998575663324,1.6442724296425026,2736.9219218394255,False,0.03779846642164607,0.041468447535816966,0.307980119572881,0.16382780258722746,1.879901425210791,0.060121513642625926,1.360673937889203,0.9869633494724068,1.8758888729157133,2923.384131372107,False,0.07580837111783315,0.07658549406555804,171,0.7465337651916274,False,False,0.809233209594387,False,False,0.43094182426145716,False,False,2736.9219218394255,2.526366159419922,-186.4622095326813,0.18398700066766382,1.239487421936275,0.14843797315849086,medium,3.7210134059070974,4.060659297705688,0.07442026811814195,0.08121318595411375,3.779846642164607,4.146844753581696,0.07559693284329214,0.08293689507163393,7.580837111783315,7.658549406555803,0.1516167422356663,0.15317098813111607,0.007250326236572469,1.0072766734887413,1000.0
2424f2c4-366b-42cf-bf4b-a8a5bfdd2c4b,Life // Death,0.2782085805848812,0.21850326554082128,1.2732467860207133,0.20293048322016038,1.320761653718878,0.8606582118360439,2.0268340230123054,2738.784521887736,False,0.06334158164234242,0.06916510066864251,0.3945098920369735,0.22842694725876114,1.7270724700885411,0.08415464909186089,1.4836568606584888,0.9481837896392289,2.3215305980041525,2734.9024920465754,False,0.08871861374114673,0.09829458053298229,0.30689064440282354,0.21416101986570832,1.4329902079998602,0.15186063569238833,1.3591923246562936,0.8932712842078355,2.068132949155397,2924.8875066593755,False,0.07542585830408469,0.07632306821826523,99,0.648670173697577,False,False,0.6193017268848884,False,False,0.595076873295435,False,False,2734.9024920465754,3.882029841160602,-189.98501461280011,0.1628952069396108,1.3878702796778868,0.11737062845485632,low,6.334158164234243,6.916510066864251,0.12668316328468485,0.13833020133728502,8.871861374114673,9.829458053298229,0.17743722748229346,0.19658916106596458,7.542585830408469,7.632306821826523,0.15085171660816937,0.15264613643653047,0.010356407390861846,1.0104102205879117,1000.0
24c0d87b-0049-4beb-b9cb-6f813b7aa7dc,Fable of the Mirror-Breaker // Reflection of Kiki-Jiki,0.37957543013223644,0.17528174647152148,2.1655160207677824,0.030348189857609124,1.4616638792362031,1.0366799044921255,2.0608688242206146,2735.659530402457,False,0.08621838874706939,0.09400077186462524,0.2628277404910057,0.18201735831696986,1.4439707449951587,0.1487472047349714,1.3006026584786585,0.9103498691116234,1.858150731534121,2735.797784349529,False,0.059566167462006964,0.06557094816700054,0.30550579735536515,0.1748725672922823,1.7470195702264855,0.08063394347439577,1.3573113539075699,0.9634406084052343,1.9122030931371223,2923.86927876862,False,0.07524442908233506,0.07585215807645934,157,0.35187797530330484,True,False,0.6921486360963929,False,False,0.4861972528592847,False,False,2735.659530402457,-0.13825394707191663,-188.07149441909087,0.1610612207575446,1.3731926305408104,0.11728960465955396,medium,8.621838874706938,9.400077186462525,0.17243677749413877,0.1880015437292505,5.956616746200696,6.5570948167000545,0.11913233492401393,0.13114189633400108,7.524442908233506,7.585215807645934,0.15048885816467011,0.15170431615291868,0.002552514975179617,1.0025557754150458,1000.0
0cb33b46-4d1b-4f97-bfdc-d815aee111da,Mana Crypt,0.26462286615808117,0.16253688077048065,1.6280789006389067,0.10350815680364578,1.3029395005285973,0.947480028685616,1.7917542224006175,2737.742856335116,False,0.06035401681397214,0.06586323953685108,0.21966991962947338,0.16609503192694902,1.322555630237558,0.1859831977981965,1.2456654929929065,0.8995358751538535,1.7249812523240016,2736.1410560549593,False,0.04982411174806332,0.054778812975338154,0.29939448425622966,0.16149948122343274,1.8538417708105248,0.0637618005284809,1.3490416942286132,0.9830016316764406,1.851383999905953,2923.489568266885,False,0.07371241118981955,0.07438514064237634,180,0.556546280114658,False,False,0.7432460548763574,False,False,0.43094182426145716,False,False,2736.1410560549593,1.6018002801565672,-187.34851221192548,0.10337620123570668,1.2992155625833723,0.0795681672948502,medium,6.0354016813972144,6.586323953685108,0.12070803362794429,0.13172647907370216,4.982411174806332,5.477881297533815,0.09964822349612663,0.10955762595067631,7.371241118981955,7.4385140642376335,0.1474248223796391,0.14877028128475267,0.0058483460093089615,1.005865480972276,1000.0
311a6257-dd77-4bb6-81cb-c8e7862350f3,Necromancy,0.19303232992225278,0.18217319556715653,1.0596088481693957,0.28932258654563014,1.2129220065594095,0.848718992944877,1.7334121260694533,2739.285076631424,False,0.0440770654333232,0.048136861057962776,0.36201616423600996,0.19592117579076274,1.847764351019571,0.06463644011755267,1.436222157206635,0.9782506628406391,2.108594620177944,2734.4611012538726,False,0.08157121162388185,0.09015385441662405,0.29857411249473104,0.18785478506740955,1.5893878475738115,0.11197285651070633,1.3479354323526294,0.932747015804978,1.9479343262477509,2924.4136637246474,False,0.07342301338756876,0.07435539968893912,140,0.7223850568527836,False,False,0.6139906492365879,False,False,0.5266474573861455,False,False,2734.4611012538726,4.8239753775515055,-189.95256247077486,0.22330015064722541,1.3323598653728912,0.16759747606531947,medium,4.407706543332321,4.813686105796277,0.0881541308666464,0.09627372211592555,8.157121162388185,9.015385441662405,0.1631424232477637,0.1803077088332481,7.342301338756877,7.435539968893911,0.14684602677513753,0.14871079937787823,0.003371836901721644,1.0033775279383856,1000.0
0e9aeaa8-9a75-4719-992f-cbb316f72175,Savannah,0.3264116796890128,0.22386677502153496,1.4580621874666908,0.14482340267522045,1.3859858336573214,0.8937160252942897,2.1494039233169535,2738.2726913878887,False,0.07418495971195041,0.08097535253054511,0.30014345900518413,0.2290504290987979,1.3103815617639434,0.19006678797534815,1.3500524708687165,0.8617454254611303,2.1150581369473582,2736.1717960952124,False,0.0678233393579353,0.07488262118007255,0.29596881902449795,0.21950714791153061,1.3483333998024711,0.17755117423775135,1.3444282355946053,0.8743581620432055,2.067216112491334,2925.1221903713936,False,0.0727829694403474,0.07349350585412162,93,0.5913622275904835,False,False,0.7432460548763574,False,False,0.595076873295435,False,False,2736.1717960952124,2.1008952926763413,-188.9503942761812,0.041557598062716083,1.3601555133735477,0.030553563658057142,low,7.418495971195041,8.097535253054511,0.14836991942390082,0.16195070506109022,6.78233393579353,7.488262118007255,0.1356466787158706,0.1497652423601451,7.27829694403474,7.349350585412163,0.1455659388806948,0.14698701170824324,-0.0036569802325835273,0.996349698375967,1000.0
4ced112a-e775-4f97-97b3-74877e9dce12,Dragon's Rage Channeler,0.3993368657629852,0.19928498525938715,2.0038482339410204,0.045086320175932455,1.4908357455488765,1.0087765850008346,2.2032541726812935,2736.34837726164,False,0.0905234264461345,0.09873464192117132,0.33761114598428626,0.20416492002912867,1.653619759634116,0.098204795295077,1.4015953814332793,0.9393641232296854,2.091275964959079,2735.136698725439,False,0.07623308050630283,0.08419829498063036,0.281359822941407,0.19503819092153304,1.4425883546807636,0.1491364657840071,1.3249302584772593,0.9040098421955246,1.9418374755359578,2924.852031441602,False,0.06930541669388543,0.06992562491342014,120,0.39306940539550245,True,False,0.6301343522866748,False,False,0.595076873295435,False,False,2735.136698725439,1.2116785362009068,-189.71533271616272,0.16590548707161723,1.4057871284864716,0.11801608060691089,medium,9.05234264461345,9.873464192117131,0.181046852892269,0.19746928384234264,7.623308050630283,8.419829498063036,0.15246616101260566,0.16839658996126072,6.930541669388543,6.992562491342014,0.13861083338777086,0.13985124982684027,0.007333164693658828,1.0073601181903995,1000.0
605c2218-9d12-4ac3-a721-fca590b89847,Karakas,0.47242161135415245,0.17005253185255423,2.778092194262479,0.005467910145959544,1.6038734524556122,1.1492604504293875,2.2383177377510726,2732.5809929840666,False,0.106700303222933,0.11642443397171293,0.45509405356206317,0.17574276108665884,2.5895465096150168,0.009610243988608179,1.5763216347267852,1.1169907532276042,2.22453936071341,2731.1038572453936,False,0.10221223014655162,0.11322479124426166,0.28130444643234875,0.16858398211483974,1.6686309274669027,0.09519054570145917,1.3248568904962492,0.9520667239036567,1.8436163519070863,2924.1424132692528,False,0.06935024418897572,0.06988872924778233,169,0.17490745408630318,True,False,0.4431684263420279,True,False,0.4975292521996266,False,False,2731.1038572453936,1.4771357386730415,-193.0385560238592,0.279016561959363,1.501683992559549,0.18580244801290882,medium,10.6700303222933,11.642443397171293,0.213400606445866,0.23284886794342585,10.221223014655163,11.322479124426167,0.20442446029310324,0.22644958248852332,6.935024418897571,6.988872924778233,0.13870048837795143,0.13977745849556467,0.007832923085809665,1.0078636806826933,1000.0
45fd6e91-df76-497f-b642-33dc3d5f6a5a,Mox Ruby,0.18131317630070953,0.16779651118552658,1.0805539103267652,0.2798955938098425,1.1987905533018186,0.8628037780750589,1.665614856128575,2739.238377505578,False,0.04144430869555887,0.045232092398044044,0.147620675472878,0.1691191751168108,0.8728795854811628,0.38272871454037205,1.1590731480907948,0.8320581841312374,1.6146113195531142,2737.134201071496,False,0.03352749204695943,0.03678057577396587,0.27541115242151,0.16195622290675707,1.7005283741401664,0.08903158394369451,1.3170720809351666,0.9588476841756951,1.8091287020942888,2924.0384583246414,False,0.06786376689824769,0.06850998514304668,172,0.7033273895734504,False,False,0.8579558660970812,False,False,0.4861972528592847,False,False,2737.134201071496,2.104176434081637,-186.90425725314526,0.15799893284437183,1.22497859410926,0.1289809745281797,medium,4.144430869555887,4.523209239804404,0.08288861739111773,0.09046418479608809,3.352749204695943,3.6780575773965873,0.06705498409391886,0.07356115154793175,6.786376689824769,6.850998514304668,0.13572753379649538,0.13701997028609336,0.005113204953406886,1.0051262996950407,1000.0
bb9ad57f-cca2-4717-a951-cbe3c7782efe,Recruiter of the Guard,0.09167548343399139,0.2134317091583254,0.4295307562101082,0.6675370163142327,1.0960090912570573,0.7213356857260272,1.6652939150086157,2740.226185838219,False,0.020976656673578186,0.022905055016332443,-0.07143349398092858,0.22230571033058458,-0.32133000036167236,0.7479603238959236,0.9310581965100224,0.6022078146228339,1.4394854139038709,2737.795718809284,False,-0.01621715844208109,-0.017664819208784655,0.26979502233097863,0.21290962522031218,1.2671809555430067,0.20509059379323846,1.3096959647913866,0.8628556708308055,1.9879379346713348,2925.3302653589135,False,0.06649949717444993,0.06703894935404986,104,0.9373483511095025,False,False,0.9685604714091955,False,False,0.595076873295435,False,False,2737.795718809284,2.4304670289347996,-187.53454654962934,0.3786377682813642,1.1122544175194886,0.3404237037114126,low,2.0976656673578185,2.2905055016332443,0.04195331334715637,0.045810110032664886,-1.621715844208109,-1.7664819208784655,-0.03243431688416218,-0.03532963841756931,6.6499497174449935,6.7038949354049855,0.13299899434889986,0.13407789870809972,0.002864900199166551,1.0028690079475686,1000.0
19557351-b65f-4b04-b971-66abdc07000a,Stoneforge Mystic,0.28166624461998735,0.22251285230322904,1.2658425870886196,0.2055694446756544,1.3253363080390808,0.8568786698074448,2.0499008684641202,2738.794079767617,False,0.06417295616404549,0.0700132469673132,0.1744092059377069,0.2273047445719783,0.7672924129503971,0.442907678364288,1.190542643274794,0.7625340670323668,1.8587914255056752,2737.3067779089215,False,0.03957881538175679,0.04349679604308909,0.2667969201815673,0.22082710259859528,1.208171085170342,0.22698146136155506,1.3057752428036014,0.8470257351463464,2.0129836839304667,2925.478710655471,False,0.06573971386174214,0.06630549250129869,92,0.648670173697577,False,False,0.8950519511237023,False,False,0.6031930420115196,False,False,2737.3067779089215,1.4873018586954458,-188.17193274654937,0.13479366476428667,1.273884731372492,0.10581307825163982,low,6.417295616404549,7.00132469673132,0.12834591232809098,0.1400264939346264,3.957881538175679,4.349679604308909,0.07915763076351358,0.08699359208617818,6.573971386174214,6.630549250129869,0.13147942772348428,0.13261098500259738,0.0025335441810447087,1.002536756316226,1000.0
0c9a7cb0-5bff-48ff-b620-2838816ac9b5,Counterspell,0.027216400636610544,0.1761985699924827,0.1544643673201871,0.8772436047535461,1.0275901498672002,0.7275061716908275,1.451453688220867,2740.3874441083967,False,0.006227920249383384,0.006803764979861571,0.15650250794884013,0.19063627080591017,0.8209482240039087,0.41167576071711287,1.1694136951450858,0.8048135986642899,1.6991864857434118,2737.2234294712243,False,0.03552734445370398,0.03901010027247215,0.26651799437928236,0.18308518379299124,1.4557048738614808,0.1454742219832709,1.305411079186074,0.9118051474426677,1.8689279068463476,2924.8238707344763,False,0.06565274628198257,0.06628344340510678,154,0.9769303780209946,False,False,0.8669979999518201,False,False,0.595076873295435,False,False,2737.2234294712243,3.164014637172386,-187.60044126325192,0.2778209293188738,1.1674716413994533,0.2379680323419665,low,0.6227920249383384,0.6803764979861571,0.012455840498766768,0.013607529959723141,3.552734445370398,3.9010100272472146,0.07105468890740796,0.0780202005449443,6.5652746281982575,6.628344340510678,0.13130549256396515,0.13256688681021356,0.006822738967358139,1.0068460668740948,1000.0
0d16e8e0-31b2-4389-afd6-783c501f6fa0,"Ajani, Nacatl Pariah // Ajani, Nacatl Avenger",0.471684377375916,0.16496485614545423,2.8593022077382253,0.004245740948534144,1.6026914582063678,1.1599225774704034,2.2144753107654673,2732.1223781881977,False,0.10652096381748052,0.11627717218279604,0.37462780795831563,0.1709200397473171,2.191830802942439,0.028391726048594704,1.4544499791581962,1.040420054383126,2.033241028910704,2733.048480281681,False,0.08450627322052684,0.09338267431784414,0.2663843862193227,0.16518702967983964,1.612622896214192,0.10682646101870949,1.3052366772648123,0.9442331220941711,1.8042607739695227,2924.332284541833,False,0.06570838164015447,0.06623024288094248,179,0.17490745408630318,True,False,0.4431684263420279,True,False,0.5169873175226435,False,False,2732.1223781881977,-0.9261020934832231,-191.283804260152,0.29745478094155553,1.454126038209792,0.20455914626751265,low,10.652096381748052,11.627717218279605,0.21304192763496105,0.23255434436559208,8.450627322052684,9.338267431784415,0.16901254644105368,0.18676534863568828,6.570838164015447,6.623024288094248,0.13141676328030893,0.13246048576188496,0.006784815374940258,1.0068078843782404,1000.0
a24e8dba-5c86-4e32-8a52-61402f7fe9f0,Containment Priest,0.2702895334710732,0.24260997857794797,1.1140907519771783,0.2652402556715525,1.3103437841998684,0.8144632069324858,2.108137995892994,2739.160631933106,False,0.06158892746476332,0.06720745425151192,0.20121367083488015,0.24610694005120626,0.8175863337824387,0.4135934336504856,1.2228860389906606,0.7549106118330295,1.9809633629696939,2737.2270114309795,False,0.04562254834920675,0.050197142963286145,0.2662933973002431,0.2354748641502239,1.1308782288132382,0.25810634784633446,1.3051179205932575,0.8226393925850646,2.070570412755351,2925.662271696556,False,0.06559919101775026,0.0661830257024087,81,0.6896918746929452,False,False,0.8669979999518201,False,False,0.6168738428388749,False,False,2737.2270114309795,1.9336205021263595,-188.43526026557674,0.0874577452092078,1.2794492479279287,0.06835577522972938,low,6.158892746476332,6.720745425151192,0.12317785492952664,0.13441490850302384,4.562254834920675,5.0197142963286145,0.0912450966984135,0.10039428592657229,6.5599191017750265,6.6183025702408695,0.13119838203550052,0.1323660514048174,0.002202071373031383,1.0022044977128617,1000.0
55d35442-5ca0-4fd7-8ff1-b7347b3e6690,Piggy Bank,0.5377437886873149,0.24546940643419093,2.1906753941309636,0.028475290925370655,1.7121395524642637,1.0582575682685114,2.7700457195017583,2735.5352509106706,False,0.12082148335729209,0.1316150204969055,0.3995546641087577,0.25313386553165046,1.5784322783898685,0.11446633464557356,1.491160482470374,0.9079302574257564,2.449042276425185,2735.378623762493,False,0.08993066528943883,0.09954803845730248,0.26347670420048297,0.24457055118344428,1.0773034730696494,0.28134471121737425,1.3014469763406544,0.8058307258250574,2.101885889858637,2925.780200177931,False,0.06492312638617274,0.06550287608961108,76,0.35187797530330484,True,False,0.6556496598527012,False,False,0.6411302739670679,False,False,2735.378623762493,0.15662714817744927,-190.40157641543783,0.4106925761236093,1.501582337091764,0.2735065310631123,low,12.08214833572921,13.161502049690549,0.24164296671458418,0.263230040993811,8.993066528943883,9.954803845730249,0.17986133057887765,0.19909607691460496,6.492312638617275,6.550287608961108,0.1298462527723455,0.13100575217922217,0.008164396070479769,1.0081978156403661,1000.0
26d40e03-6de4-4373-9fbf-04c1dd79e995,Jetmir's Garden,0.30444436696503224,0.20489455481129717,1.4858587493719293,0.13731648663273874,1.3558714267138192,0.9074208262369655,2.025947909309818,2738.1857874892094,False,0.06929977106650304,0.07561549766781589,0.2077053730781525,0.20872606678044023,0.9951098886783442,0.3196828216903954,1.2308504744350817,0.817587197891472,1.853004663385358,2736.902949946035,False,0.047099988536443295,0.051819669134088475,0.26329198724007447,0.20102112990663262,1.30977269584727,0.19027274256182958,1.3012065992126016,0.8774727068971657,1.929562709501857,2925.222773765202,False,0.06489260390381521,0.06543715575734965,114,0.582801342375758,False,False,0.809233209594387,False,False,0.595076873295435,False,False,2736.902949946035,1.2828375431745371,-188.31982381916714,0.12502095227873755,1.2959761667871676,0.09646855820556859,medium,6.929977106650304,7.561549766781589,0.13859954213300607,0.15123099533563178,4.709998853644329,5.181966913408847,0.09419997707288659,0.10363933826817695,6.489260390381521,6.543715575734965,0.12978520780763042,0.1308743115146993,0.002983616255782297,1.002988071668742,1000.0
079e6263-e54c-4899-a336-5315909b9322,"Magda, Brazen Outlaw",0.0742885398922192,0.17441905677555758,0.4259198579878441,0.6701662443766905,1.0771175520450507,0.7652346108002701,1.5161131038103755,2740.229516531089,False,0.01700380906908533,0.018565377158615948,-0.11968726582367586,0.1828339300371844,-0.6546228361406119,0.5127106175163688,0.8871978504255121,0.6199963000038348,1.2695560050838706,2737.4715070620787,False,-0.027131136543798565,-0.029520341467974387,0.26262649101043845,0.17332040979306151,1.5152658092835418,0.1297051031992081,1.3003409392055325,0.9258143853782513,1.8263774951856,2924.636854695723,False,0.06479831184926524,0.065290695106758,163,0.9373483511095025,False,False,0.9084793269322101,False,False,0.5587296753196657,False,False,2737.4715070620787,2.758009469010176,-187.16534763364416,0.4131430887800204,1.0882187805586983,0.37965076155725797,low,1.700380906908533,1.8565377158615948,0.03400761813817066,0.037130754317231895,-2.7131136543798564,-2.9520341467974385,-0.05426227308759713,-0.059040682935948774,6.479831184926524,6.5290695106758,0.12959662369853048,0.130581390213516,0.0011341167082052233,1.0011347600617488,1000.0
7d48d622-f397-4f31-b1a5-0c23f60aa71c,Mana Tithe,0.3510816675978478,0.18596457150980206,1.887895445608265,0.05903998809437984,1.4206033384370433,0.9866806061656329,2.045356757361555,2736.8119373593636,False,0.07978225461164731,0.08704131152517858,0.27273661633587465,0.1904740702169018,1.4318831745722482,0.152177258249416,1.3135542305332184,0.9043014052348664,1.9080195016434656,2735.8313850689456,False,0.06174896249150168,0.0680508500826299,0.257654837018646,0.18148266760818285,1.4197214555767783,0.15568878924475915,1.2938921378719839,0.9066024922305029,1.8466272471058685,2924.9210256349825,False,0.06353659837085862,0.06410286225934247,140,0.42079409696358,False,False,0.6936451771368729,False,False,0.595076873295435,False,False,2735.8313850689456,0.980552290418018,-189.0896405660369,0.12671120056505947,1.3426832356140819,0.09437162631073409,medium,7.978225461164731,8.704131152517858,0.15956450922329463,0.17408262305035715,6.1748962491501675,6.80508500826299,0.12349792498300335,0.1361017001652598,6.353659837085862,6.4102862259342475,0.12707319674171724,0.12820572451868495,0.0007773371987471599,1.0007776394036074,1000.0
7eb39e97-53c2-4df0-9fb3-a3d6a24ec41f,Avacyn's Pilgrim,0.13831791537081395,0.18373755169384132,0.7528015590481508,0.4515691697814812,1.148340567366127,0.8010694064245448,1.6461570596541937,2739.8433899069814,False,0.03161847542119446,0.03453462148959302,0.07065809065297592,0.20086061761445162,0.3517767270267129,0.7250057135224456,1.0732142211571893,0.7239530622305328,1.5909716038016581,2737.774887478148,False,0.01605345189193896,0.017579014262917636,0.25661448422816874,0.19566297509503186,1.3115127381842846,0.18968459298635687,1.2925467335446934,0.880835009514747,1.8966969300157976,2925.2248211447222,False,0.06321692731411724,0.06383092570799265,134,0.8095992521832868,False,False,0.9633974227145717,False,False,0.595076873295435,False,False,2737.774887478148,2.0685024288336535,-187.44993366657445,0.21933251238750406,1.1713671740226699,0.18724488550782903,medium,3.161847542119446,3.453462148959302,0.06323695084238892,0.06906924297918604,1.605345189193896,1.7579014262917636,0.03210690378387792,0.03515802852583527,6.321692731411724,6.383092570799265,0.12643385462823448,0.1276618514159853,0.003004393400559831,1.0030089111136087,1000.0
09521f23-52d6-482d-9f3b-c4d12fcc08cc,Tidehollow Sculler,0.1289067003170014,0.19326931446701176,0.6669796530944072,0.5047851301776562,1.1375839829893424,0.7788777666307636,1.661489612101585,2739.9651963080014,False,0.029477245965410237,0.03218958297244989,0.20620011675539343,0.20180638088104502,1.0217720364200886,0.30688880733018675,1.2289991227050814,0.8275047845852888,1.8252931846996256,2736.8504281393234,False,0.04675208990526518,0.051436186644679804,0.2543657565383291,0.19455767903727295,1.3074053812576487,0.19107507070876706,1.2896434135260721,0.8807624780136663,1.8883412674459694,2925.233956594305,False,0.06269046424006769,0.06326154478105467,125,0.8314108026455516,False,False,0.809233209594387,False,False,0.595076873295435,False,False,2736.8504281393234,3.1147681686779833,-188.3835284549814,0.15205943053672977,1.2187421730734986,0.12476751350390787,medium,2.9477245965410237,3.2189582972449893,0.058954491930820474,0.06437916594489979,4.675208990526518,5.14361866446798,0.09350417981053036,0.10287237328935961,6.269046424006769,6.326154478105467,0.12538092848013538,0.12652308956210934,0.006784119938050978,1.0068071842071407,1000.0
5f1cdcba-a04a-4a2f-8bc1-0dd7fa03754d,Exhume,-0.053356818157428106,0.22997725273252123,-0.23200911187284082,0.8165309366337018,0.9480416736400135,0.6040415853421358,1.4879489041289722,2740.3575305364334,False,-0.012204207639158197,-0.013336413972277028,0.09155638523960717,0.24350612708363184,0.3759921211681144,0.7069227533953231,1.095878566326056,0.6799638636982228,1.766196552859535,2737.757231776499,False,0.02079447379583637,0.022774450666302515,0.2497130914330053,0.23335929061303665,1.0700799217250236,0.28458333589354545,1.2836570716386566,0.8124742007799881,2.028095754900329,2925.8031124211225,False,0.06152029214641659,0.06221977055331196,86,0.9374126485600508,False,False,0.942563671193764,False,False,0.6411302739670679,False,False,2737.757231776499,2.6002987599345033,-188.0458806446236,0.33561539799864315,1.1091924372015753,0.3025763490106192,low,-1.2204207639158198,-1.3336413972277028,-0.024408415278316394,-0.026672827944554056,2.079447379583637,2.2774450666302517,0.04158894759167274,0.04554890133260503,6.152029214641659,6.221977055331196,0.12304058429283318,0.12443954110662392,0.0007517582022038512,1.0007520408432227,1000.0
76c3cad2-1e25-4abe-878d-9194de6fcc27,Guide of Souls,0.15099897718722136,0.2089004365112774,0.7228274852315578,0.469785878930178,1.1629954685545851,0.7722508253878544,1.751449678540896,2739.886237215758,False,0.03452327805329949,0.03768848324590035,-0.02476001724620608,0.21801271180844226,-0.11357143829283481,0.9095775297620609,0.9755439976739592,0.6363128510689553,1.4956260741849428,2737.8858486054346,False,-0.005624842165244165,-0.006137560705827549,0.24875230015987357,0.21193479051247432,1.1737209334926642,0.24050682260977352,1.2824243374215014,0.8465043917925327,1.942827700785338,2925.564328278242,False,0.061342241699452016,0.06187629705750752,105,0.8221252881278115,False,False,0.9942424259274446,False,False,0.6128028882259464,False,False,2737.8858486054346,2.0003886103231707,-187.6784796728075,0.30688033974754225,1.1403212678833485,0.2691174394363179,low,3.452327805329949,3.768848324590035,0.06904655610659897,0.0753769664918007,-0.5624842165244165,-0.6137560705827549,-0.01124968433048833,-0.012275121411655099,6.134224169945202,6.187629705750752,0.12268448339890403,0.12375259411501505,0.0005044253747744252,1.0005045526186478,1000.0
a9738cda-adb1-47fb-9f4c-ecd930228c4d,"Ragavan, Nimble Pilferer",0.3033810946908208,0.17320679920049142,1.7515541889302464,0.07985049570275521,1.3544305323856436,0.9645397525846601,1.901924790702124,2737.318547815761,False,0.06908730370718949,0.0753892256693231,0.22276395815062494,0.18230205300673258,1.2219498051533082,0.22172660933814337,1.2495255985909812,0.8741108630790968,1.7861741427561568,2736.396570638098,False,0.050516912568284424,0.055568115517215355,0.2481560851026015,0.1757949348021457,1.4116224985770898,0.15806114418206574,1.2816599646096514,0.9080988986358749,1.8088913744425492,2924.944776535295,False,0.061227968851360226,0.061744710281338044,158,0.5091714094027209,False,False,0.7691754943411698,False,False,0.595076873295435,False,False,2736.396570638098,0.9219771776629386,-188.54820589719702,0.10490493379466237,1.2952053651954254,0.08099482646818246,medium,6.908730370718949,7.53892256693231,0.13817460741437898,0.1507784513386462,5.051691256828442,5.556811551721536,0.10103382513656885,0.11113623103443071,6.122796885136022,6.174471028133804,0.12245593770272045,0.12348942056267609,0.002666038609975925,1.0026695956512783,1000.0
2dc16614-5cf8-444d-a5ae-cac25018af68,Burst Lightning,0.27702929533347787,0.1857936406618518,1.4910590822517806,0.135945983827177,1.3192050170197818,0.916561381287221,1.898729220389014,2738.1717059954335,False,0.0631327307157989,0.06889751593732502,0.19985670827194296,0.18959732962251383,1.0541114090048391,0.2918319133363346,1.2212277537869385,0.8421862768553773,1.770863842840315,2736.7822804209936,False,0.04533553612457747,0.0498440841156404,0.24786169430202576,0.18366398325221284,1.3495389238164062,0.17716392677380277,1.2812827112392895,0.8939372353004137,1.8364660529763086,2925.1175901221663,False,0.061132448159781486,0.06167139487892187,134,0.582801342375758,False,False,0.809233209594387,False,False,0.595076873295435,False,False,2736.7822804209936,1.3894255744398833,-188.33530970117272,0.09797726323284328,1.273905160682003,0.07691095558510005,medium,6.31327307157989,6.889751593732502,0.1262654614315978,0.13779503187465003,4.533553612457747,4.98440841156404,0.09067107224915494,0.0996881682312808,6.113244815978149,6.167139487892187,0.12226489631956297,0.12334278975784374,0.003956843560834286,1.0039646822016652,1000.0
94b67489-5eb0-4406-9bf3-27e50dc632eb,"Nadu, Winged Wisdom",-0.014207837333037099,0.22138012483738168,-0.06417846834025275,0.9488281218193304,0.9858926176755832,0.6388325672546538,1.5215007866055736,2740.4071969875795,False,-0.0032507582618251526,-0.003551907174297486,0.04987791316018298,0.24147254068679733,0.2065572881219537,0.8363556199555413,1.0511427578444588,0.6548112409820938,1.6873581701372609,2737.856048219175,False,0.01133109266510284,0.012400813945888878,0.24706739650785156,0.23473842472555936,1.0525221714199813,0.2925600437723076,1.280265395287433,0.8081400421761116,2.0282121870324246,2925.840451606289,False,0.06083950460954775,0.0614773594741958,93,0.9918416633418068,False,False,0.9821303249067016,False,False,0.6442895345996886,False,False,2737.856048219175,2.551148768404346,-187.98440338711407,0.29437277761184977,1.1057669236024916,0.2662159369470097,low,-0.32507582618251524,-0.3551907174297486,-0.006501516523650305,-0.007103814348594972,1.133109266510284,1.2400813945888878,0.02266218533020568,0.024801627891777756,6.0839504609547745,6.14773594741958,0.1216790092190955,0.1229547189483916,0.0010863152880545071,1.0010869055422218,1000.0
5f6927e1-c580-483a-8e2a-6e2deb74800e,Mox Jet,0.19343125653496054,0.17548503395995188,1.1022663994190196,0.27034587253274867,1.2134059699534856,0.8602610321558909,1.7115201001594929,2739.1924492638536,False,0.04417224746291851,0.04823804082723243,0.272354559480519,0.1787800971166582,1.5234053671131036,0.1276573200811043,1.3130524739904286,0.9249140812969924,1.8640723871721114,2735.5685475447226,False,0.06161160553374168,0.06793557378428178,0.24673901669521867,0.17060114010789523,1.4462917219613578,0.1480953966093191,1.279845050996875,0.9160913264472267,1.7880349996475533,2924.8507746124214,False,0.060822018142951365,0.06142060965209606,156,0.6911173169958904,False,False,0.6762387766458499,False,False,0.595076873295435,False,False,2735.5685475447226,3.6239017191310268,-189.28222706769884,0.09964650403694297,1.2687678316469297,0.07853801266981712,medium,4.417224746291851,4.823804082723243,0.08834449492583701,0.09647608165446486,6.1611605533741685,6.7935573784281775,0.12322321106748337,0.13587114756856356,6.082201814295137,6.142060965209605,0.12164403628590273,0.12284121930419212,0.003054706730555094,1.003059377101487,1000.0
3277ad99-5682-4baa-b106-de15721876a6,Glorybringer,0.4874716089601804,0.23296698579676292,2.0924493111888554,0.036398341603066334,1.6281942993601124,1.0313373073939776,2.5704652177932528,2735.9822433785603,False,0.10985788401883449,0.1197823978433763,0.3351678556643306,0.2399930604739154,1.3965731134161676,0.1625419801447795,1.3981750571294767,0.8735249881731427,2.237936540850887,2735.932692634159,False,0.07565116255696211,0.08359593985732805,0.2459799807802357,0.23257506749936196,1.0576369317012475,0.2902209984290708,1.278873971226389,0.8106919380095845,2.0174354247260555,2925.8256285673765,False,0.06064385112830005,0.06119727356022142,85,0.35187797530330484,True,False,0.7079606246305952,False,False,0.6442895345996886,False,False,2735.932692634159,0.04955074440113094,-189.89293593321736,0.3493203281337234,1.4350811092386593,0.24341504175958747,low,10.985788401883449,11.97823978433763,0.21971576803766898,0.2395647956867526,7.565116255696211,8.359593985732804,0.15130232511392422,0.1671918797146561,6.064385112830005,6.119727356022143,0.1212877022566001,0.12239454712044284,0.004024130239510813,1.0040322379234137,1000.0
54f449ff-4025-465e-9ec5-a5cf42c4c9d3,Xander's Lounge,0.08210947956978779,0.1661892995170697,0.4940719998723752,0.6212553316673926,1.0855746515698854,0.7837842032446627,1.5035673330139974,2740.1667933071303,False,0.018788705554296996,0.020518460862595678,0.18616469038864583,0.17115469020041546,1.0876984450186802,0.2767282544355649,1.2046206334824086,0.8613119728274763,1.6847680241201308,2736.7116102666846,False,0.042241179561005905,0.04638643400451864,0.24364546887450664,0.1656833008077678,1.4705493413436612,0.14141303256776666,1.27589190690131,0.9221071930796424,1.7654131431937101,2924.7784224852303,False,0.06009743506286484,0.06070217405368228,171,0.9224700379303707,False,False,0.809233209594387,False,False,0.595076873295435,False,False,2736.7116102666846,3.455183040445718,-188.0668122185457,0.19031725533142452,1.1886957306512012,0.16010594673135012,medium,1.8788705554296996,2.0518460862595678,0.03757741110859399,0.041036921725191355,4.22411795610059,4.638643400451864,0.08448235912201181,0.09277286800903728,6.009743506286484,6.070217405368227,0.12019487012572969,0.12140434810736456,0.003483265306344655,1.0034893389249027,1000.0
72c6d541-e2cb-4d6e-acac-90a8f53b7006,Elegant Parlor,0.19626258842485927,0.19306510590863296,1.0165616800673423,0.3093619913563943,1.216846393163254,0.8334804610179826,1.7765445188072304,2739.372313753258,False,0.04483724978212917,0.048935156742769215,0.09879957251119265,0.19693167417761634,0.5016946762057356,0.615882309968788,1.1038450364973251,0.7503717647900701,1.623826910572349,2737.646348771372,False,0.022447948560595413,0.024594866039373886,0.24071427678660132,0.18884844702609518,1.2746426066894756,0.20243576964080334,1.2721574984468367,0.8785972482782339,1.842009753645397,2925.3146168954986,False,0.05939420597592798,0.059929243766729756,129,0.7439871203172183,False,False,0.9197216625869148,False,False,0.595076873295435,False,False,2737.646348771372,1.7259649818861362,-187.66826812412683,0.16831246194951155,1.1976163093691385,0.14053955397298534,medium,4.483724978212917,4.893515674276921,0.08967449956425834,0.09787031348553843,2.244794856059541,2.4594866039373886,0.044895897121190825,0.04918973207874777,5.9394205975927985,5.992924376672976,0.11878841195185597,0.11985848753345951,0.001881860556101337,1.001883632366937,1000.0
139b90cd-8272-457a-be32-1298145345be,Watery Grave,-0.07433004507516615,0.1769943874578905,-0.4199570740221937,0.6745168124939278,0.928365240896713,0.6562332137227272,1.3133471492794135,2740.2352420469097,False,-0.016990831698555933,-0.018575682824037876,0.0078077178232349945,0.17977437897375775,0.04343064828150352,0.9653582469476134,1.00783827753413,0.708539078314452,1.4335666510862146,2737.8968514009985,False,0.001774143923086152,0.0019380676607067548,0.23974533445538748,0.17502208294916302,1.3698004869764007,0.1707491900198299,1.27092544818384,0.9018582264796017,1.7910259588654185,2925.065427365855,False,0.059131305455940836,0.05971385985316752,150,0.9373483511095025,False,False,0.9942424259274446,False,False,0.595076873295435,False,False,2737.8968514009985,2.338390645911204,-187.1685759648567,0.3425602072871269,1.069042988871561,0.32043632562308816,low,-1.6990831698555933,-1.8575682824037876,-0.033981663397111866,-0.03715136564807575,0.1774143923086152,0.19380676607067548,0.003548287846172304,0.0038761353214135097,5.9131305455940835,5.9713859853167515,0.11826261091188167,0.11942771970633503,-0.0015207041917453365,0.9984804514929816,1000.0
2b73d294-6ab1-4051-9b0f-d8e335d37674,Unholy Heat,0.13750424538787315,0.17834059120518544,0.7710204640382232,0.44069480198589706,1.1474065771477004,0.8089296593345839,1.6275109190146069,2739.814843611787,False,0.03144830281084306,0.03433265926870582,0.013682984279582613,0.18540602837623912,0.07380010455655803,0.9411694438297644,1.013777024737497,0.7048904831138031,1.4580191966071483,2737.893290014147,False,0.0031093037026515753,0.0033974451720573673,0.23505303300605856,0.17773294890088956,1.3225067971900517,0.18599944745077002,1.2649758524260968,0.892879588199368,1.7921385239056837,2925.192255804265,False,0.058010705733158925,0.05852339636503473,150,0.8034993598998682,False,False,0.9942424259274446,False,False,0.595076873295435,False,False,2737.893290014147,1.9215535976400133,-187.29896579011802,0.2511988276885997,1.1420531514370982,0.21995371001122374,low,3.144830281084306,3.4332659268705825,0.06289660562168611,0.06866531853741165,0.3109303702651575,0.33974451720573673,0.0062186074053031505,0.006794890344114735,5.801070573315893,5.852339636503473,0.11602141146631785,0.11704679273006946,-0.00038992879546729566,0.9996101472168853,1000.0
0ad38866-fc5f-4f62-89c1-afc0f50765aa,Novice Inspector,0.27749101224376327,0.1854569686757522,1.4962555153638946,0.13458708264418595,1.3198142569216325,0.9175899677562712,1.8983530051369135,2738.1561085591484,False,0.06324354285425642,0.06901144934095005,0.20049019120547507,0.19009781223055602,1.0546685879915065,0.29157692289916526,1.222001625818401,0.8418936991363026,1.77372508552419,2736.7814716925895,False,0.045479231014536506,0.05000886869143889,0.23225282343579703,0.18188420387472828,1.2769268495452186,0.20162807397057547,1.261438609759711,0.8831676642558746,1.8017273849504256,2925.3090928384754,False,0.05732751930745953,0.05782249795394989,138,0.582801342375758,False,False,0.809233209594387,False,False,0.595076873295435,False,False,2736.7814716925895,1.3746368665588307,-188.52762114588586,0.09781263110323146,1.267751497499915,0.07715441969196966,medium,6.324354285425642,6.901144934095004,0.12648708570851283,0.1380228986819001,4.547923101453651,5.000886869143889,0.09095846202907301,0.10001773738287778,5.732751930745953,5.782249795394989,0.11465503861491906,0.11564499590789978,0.0070155728771063705,1.0070402396586315,1000.0
006d2bf1-20f7-4b09-8d98-8233d91682bd,Flame Slash,0.2832956344841011,0.17960780473470156,1.5773013589390321,0.11472619987081949,1.327497557867063,0.9335734256538938,1.8876391697939563,2737.90484500434,False,0.06455517465373023,0.07044524851781331,0.16055364038162548,0.1866087669752604,0.8603756564283543,0.3895820004216338,1.1741607538823735,0.8144847755491368,1.6926694240885185,2737.1553112635856,False,0.03645426723701224,0.04003291551556637,0.2313505715911749,0.17978399258260092,1.286825196547362,0.19815522259834162,1.260300987735137,0.8860108752793554,1.792707769174232,2925.2853460277584,False,0.057105542175294816,0.057566983072725564,148,0.5726643704578374,False,False,0.8579558660970812,False,False,0.595076873295435,False,False,2737.1553112635856,0.7495337407544866,-188.1300347641727,0.1533368039846894,1.2539864331615245,0.12227947602120372,medium,6.455517465373023,7.044524851781331,0.12911034930746046,0.14089049703562662,3.6454267237012243,4.003291551556637,0.07290853447402448,0.08006583103113274,5.710554217529482,5.756698307272556,0.11421108435058963,0.11513396614545113,0.0005700938472379396,1.0005702563816203,1000.0
327cf118-cc92-4073-85d0-94d2a0a6989a,Scalding Tarn,-0.07906767075286242,0.17410015176405075,-0.4541504987314364,0.6497205088170368,0.9239773960834192,0.656847128820482,1.2997456957849067,2740.2053257806915,False,-0.018073244330935535,-0.01975876418069411,-0.04370879253874347,0.17511124088729074,-0.24960586377705107,0.802892163465518,0.9572326701851829,0.679140789454473,1.3491965128554246,2737.836476727863,False,-0.009927476372162434,-0.01082921742395243,0.23131193640876188,0.1675474886049185,1.3805753720021532,0.16740956008496655,1.2602522967171799,0.9074823688857973,1.7501561527095622,2925.036927186653,False,0.05705902673150566,0.05764540280889707,159,0.9363619097657295,False,False,0.9813912231725159,False,False,0.595076873295435,False,False,2737.836476727863,2.368849052828409,-187.20045045878987,0.33627490063376064,1.0471541209952606,0.32113219428879336,low,-1.8073244330935534,-1.975876418069411,-0.03614648866187107,-0.03951752836138822,-0.9927476372162434,-1.082921742395243,-0.019854952744324868,-0.02165843484790486,5.705902673150566,5.764540280889707,0.11411805346301132,0.11529080561779415,-0.0029600665591519777,0.9970443101183813,1000.0
68924203-c3d9-41ce-8ca8-c6dd491eb3ca,Psychic Frog,0.11216894796969866,0.16785256627364664,0.6682587610059646,0.5039684324266549,1.1187018470859211,0.8050731936350435,1.5545093695428396,2739.9640526060093,False,0.025653548032590914,0.0280193747345181,0.2621336744604801,0.17502303633588345,1.497709558400211,0.1342087273616672,1.2997002675498677,0.9222753306334932,1.8315797130873104,2735.6463859923215,False,0.05931622190299637,0.0653276550162189,0.2303106062588474,0.16690937166139683,1.3798542524386852,0.16763152451780927,1.2589909996887372,0.9077087042058328,1.746219166956249,2925.0410332441206,False,0.05680178452356833,0.057422417378750146,171,0.8314108026455516,False,False,0.681302270147412,False,False,0.595076873295435,False,False,2735.6463859923215,4.317666613687834,-189.39464725179914,0.18099842046394654,1.225797704774842,0.1476576597907669,medium,2.5653548032590914,2.80193747345181,0.05130709606518183,0.0560387494690362,5.931622190299636,6.53276550162189,0.11863244380599273,0.1306553100324378,5.680178452356833,5.742241737875014,0.11360356904713666,0.11484483475750029,0.004196322218148275,1.0042051391067488,1000.0
866b7fd4-86e3-4b42-b1ea-33bad0db1f9f,Prismari Command,0.058366840618547,0.1997576259194377,0.2921882974424534,0.7701426587127723,1.0601038135275214,0.7166568773141008,1.56814248356545,2740.325858564093,False,0.013354025042042188,0.01458821702509816,0.1934562413931804,0.20528199218692472,0.942392653794123,0.3459916469309471,1.2134362871083413,0.8114792491831971,1.8144981826132511,2737.0081638405736,False,0.04386154660871767,0.0482090235753897,0.2285430735513148,0.19769025501471518,1.1560664613149652,0.24765397315735305,1.2567676574122368,0.8530562189991724,1.851536756358814,2925.6102199647194,False,0.056360228966055054,0.05695656745305028,115,0.9374126485600508,False,False,0.8417274981732837,False,False,0.6168738428388749,False,False,2737.0081638405736,3.317694723519253,-188.60205612414575,0.19666384388471547,1.1767692526826998,0.16712184095257226,medium,1.3354025042042188,1.458821702509816,0.026708050084084375,0.02917643405019632,4.3861546608717665,4.820902357538969,0.08772309321743534,0.0964180471507794,5.636022896605505,5.695656745305028,0.11272045793211011,0.11391313490610055,0.003583116914917748,1.0035895439523135,1000.0
eca8d6f8-c6f1-437c-99e2-4281eae14a6f,Fateful Absence,0.22995530427717195,0.22028330143064553,1.043907108635611,0.2965283689842061,1.2585437571494213,0.81725839062699,1.9381047742374469,2739.3157459189524,False,0.052461084181113976,0.05726929835393779,0.20458719525615743,0.22618998048863337,0.9044927401920815,0.36573418217977227,1.227018441368681,0.7876155676314608,1.91155979812135,2737.0767082358234,False,0.04638328127598886,0.05104036298140968,0.2211287989372305,0.21696828933472082,1.0191756574901654,0.308119581007818,1.2474840948427763,0.8153571440595316,1.9086317918765632,2925.9067593875134,False,0.05456291472860376,0.05504741357518883,95,0.7309611725476238,False,False,0.850576202158606,False,False,0.6518368348600974,False,False,2737.0767082358234,2.239037683129027,-188.83005115169,0.03152531578074025,1.2443487644536262,0.02533479092140419,low,5.2461084181113975,5.726929835393779,0.10492216836222795,0.11453859670787558,4.638328127598887,5.104036298140969,0.09276656255197772,0.10208072596281936,5.456291472860376,5.504741357518883,0.10912582945720752,0.11009482715037766,0.0054457386166739145,1.005460593604433,1000.0
2bf2da97-3331-4614-b4ff-f03d061500a7,Fire Covenant,0.04427075580274982,0.18096410843797245,0.24463832184669998,0.8067364889231693,1.0452653282314097,0.7331397820301606,1.4902746149952735,2740.3514224672567,False,0.010130262057477133,0.011066227010787577,0.04341676698328609,0.18254500296780757,0.23784144335598592,0.812004073670611,1.0443730643736333,0.7302477354111206,1.4936233892942015,2737.842129889881,False,0.009865876807789891,0.010790244766260837,0.22066074499103,0.17533865235750237,1.2584831811135362,0.2082170660233652,1.246900341614021,0.8842609977216226,1.7582596834228146,2925.3604335653054,False,0.05445097987987629,0.05497998027023282,146,0.9374126485600508,False,False,0.9821303249067016,False,False,0.595076873295435,False,False,2737.842129889881,2.509292577375618,-187.51830367542425,0.20252727724038766,1.1121795780730215,0.18209943900542516,medium,1.0130262057477133,1.1066227010787577,0.020260524114954267,0.022132454021575154,0.9865876807789892,1.0790244766260837,0.019731753615579783,0.021580489532521674,5.445097987987629,5.497998027023282,0.10890195975975259,0.10995996054046564,-0.0025668203383606932,0.9974364711281607,1000.0
1066a94a-8e4f-4d77-820b-7a77a18116f0,Wooded Foothills,0.20896594829793802,0.18132620595360843,1.1524310410564764,0.24914399154305056,1.2324030323948703,0.8637832451068034,1.7583314365726972,2739.077723021027,False,0.047709956426532675,0.052088176673129205,0.14140583661712433,0.18366797840261018,0.7698992379997511,0.4413596659655281,1.1518920331033387,0.8036564508561262,1.6510229644936698,2737.3042848040245,False,0.03210765874440889,0.035237953208577366,0.21926014751401512,0.1772213260246256,1.2372108505922592,0.21600881426078822,1.2451551585762373,0.8797709834192667,1.7622897301105291,2925.41267391351,False,0.05412554758375558,0.05462495548576174,145,0.6896918746929452,False,False,0.8950519511237023,False,False,0.6031930420115196,False,False,2737.3042848040245,1.7734382170024219,-188.10838910948542,0.09326312547289861,1.2098167413581489,0.07708863853892513,medium,4.770995642653268,5.20881766731292,0.09541991285306535,0.10417635334625841,3.2107658744408893,3.5237953208577366,0.06421531748881779,0.07047590641715473,5.412554758375558,5.4624955485761735,0.10825109516751116,0.10924991097152348,0.005613663822599126,1.005629449958886,1000.0
f05e9a3e-8a35-4687-85cb-e31b3927a5e2,Daze,0.04381366562462298,0.16750017059344596,0.26157385672738737,0.7936500017234633,1.0447876568940935,0.7524003858434071,1.4507983628618646,2740.342852065882,False,0.010025662323037091,0.010952054884672546,0.17186408081353302,0.1741764308730689,0.9867240932200465,0.32377791543904266,1.1875164159791287,0.8440684179940596,1.6707120040947196,2736.922873459585,False,0.03899503296078546,0.04281045268912553,0.21605520226571917,0.167709786397691,1.2882683050671024,0.19765258212647208,1.2411708925550162,0.893457975491814,1.724205532641675,2925.2865663294906,False,0.05332014319985325,0.05388044627934874,170,0.9374126485600508,False,False,0.809233209594387,False,False,0.595076873295435,False,False,2736.922873459585,3.4199786062972635,-188.36369286990566,0.19638323566092275,1.1578249884760794,0.16961392059727515,medium,1.0025662323037092,1.0952054884672546,0.020051324646074183,0.021904109769345093,3.899503296078546,4.281045268912553,0.07799006592157091,0.08562090537825107,5.332014319985325,5.388044627934874,0.1066402863997065,0.10776089255869747,0.007982137915306355,1.0080140801105957,1000.0
0adcd4e5-d542-4293-8774-ace2305ef820,Walk-In Closet // Forgotten Cellar,0.2547365497607246,0.2018059378143258,1.2622847103492976,0.2068463564086661,1.2901216932290709,0.8686603441949843,1.9160699512335988,2738.814096491703,False,0.05803433035012792,0.06339437332956122,0.295273066260263,0.20833316145442327,1.41731188735817,0.15639176117792158,1.3434931712578932,0.8930971350307932,2.0210275348765467,2735.882932458568,False,0.06670005028024774,0.07364532657422418,0.21583601092397234,0.20108748623640813,1.073343821456026,0.28311688039678606,1.240898868455493,0.8366951752512979,1.840371556190271,2925.796187661849,False,0.05324129522668587,0.053795784809592906,113,0.648670173697577,False,False,0.6966542088834689,False,False,0.6411302739670679,False,False,2735.882932458568,2.9311640331347917,-189.9132552032811,0.10259430280240034,1.2915045776474858,0.07943781584520508,medium,5.803433035012792,6.3394373329561216,0.11606866070025584,0.12678874665912243,6.670005028024774,7.3645326574224175,0.13340010056049548,0.14729065314844836,5.324129522668588,5.379578480959291,0.10648259045337174,0.10759156961918581,0.00846308848592152,1.0084990016599136,1000.0
be77b98a-dd79-477c-8ab2-7ebf5637a89e,Headliner Scarlett,0.04889304430695938,0.18161974106745443,0.2692055611333587,0.7877715010304734,1.0501080297013636,0.7355905388227236,1.4991042106225838,2740.3387686376227,False,0.011188106898401207,0.01222128894098845,-0.03828063478211829,0.18780058960871587,-0.20383660595462622,0.8384811859219716,0.962442808060897,0.666063817863082,1.390701812567991,2737.8572200626186,False,-0.008695173636357807,-0.009484702205517004,0.21506837901544862,0.18243085850341448,1.178903507771539,0.238436600803285,1.2399466804005395,0.8671909331639862,1.7729287881583304,2925.5562341926043,False,0.053084551587745187,0.053581551560105134,140,0.9374126485600508,False,False,0.9821303249067016,False,False,0.6128028882259464,False,False,2737.8572200626186,2.481548575004126,-187.6990141299857,0.27750387233964247,1.0841658393876,0.2559607232196071,low,1.1188106898401207,1.222128894098845,0.022376213796802415,0.0244425778819769,-0.8695173636357807,-0.9484702205517004,-0.017390347272715614,-0.018969404411034008,5.308455158774518,5.358155156010513,0.10616910317549037,0.10716310312021027,-0.0008148376053125252,0.9991854942846974,1000.0
e5145f31-a4ac-44ef-8f85-e4d95f2c9ff5,Library of Alexandria,0.036607213195513515,0.16446520429996025,0.22258333214816284,0.823859810054402,1.0372855087503887,0.7514545225174639,1.4318381145128414,2740.361750304147,False,0.008376590706420954,0.00915101746302105,0.10404423106921612,0.17233372321709622,0.6037369188510313,0.5460185646023769,1.1096495348155264,0.7915756181593774,1.555533118843988,2737.5338838992775,False,0.02363296991743543,0.025899258253355817,0.21341886426448875,0.1648372724783797,1.2947245550455289,0.1954152661031151,1.2379030560184716,0.896136808331231,1.7100111967875582,2925.272116754401,False,0.052667863026005166,0.05319104639678307,179,0.9388169928526907,False,False,0.9090895122587529,False,False,0.595076873295435,False,False,2737.5338838992775,2.8278664048693827,-187.73823285512344,0.2006175472680829,1.128279366528129,0.17780839853999167,medium,0.8376590706420954,0.915101746302105,0.01675318141284191,0.0183020349260421,2.363296991743543,2.5899258253355817,0.04726593983487086,0.051798516506711634,5.266786302600517,5.319104639678307,0.10533572605201033,0.10638209279356614,-0.0013779143654198691,0.9986230345227004,1000.0
29632951-3c3d-478c-8c5a-9a34f30a5c28,Dauthi Voidwalker,0.067253870064023,0.17937509680920136,0.37493426490278053,0.7077093551185754,1.0695669747470717,0.7525248048233282,1.520180472639937,2740.270532770318,False,0.015389729922502744,0.016808368002908136,0.0384819337714359,0.18065157191764278,0.21301743108540136,0.8313133666581751,1.039231953186389,0.7293546716933637,1.4807652496639567,2737.8533226101044,False,0.008745135718873273,0.00956287430856978,0.2112898894581462,0.17390258960543525,1.2149898971460884,0.22436994464453108,1.23527039502836,0.8784825928587814,1.7369643533492436,2925.467514018248,False,0.05217069928371588,0.05265367865896586,149,0.9374126485600508,False,False,0.9821303249067016,False,False,0.6031930420115196,False,False,2737.8533226101044,2.4172101602134717,-187.6141914081436,0.19603844184197095,1.114689774320607,0.1758681620287174,medium,1.5389729922502744,1.6808368002908136,0.030779459845005488,0.03361673600581627,0.8745135718873273,0.956287430856978,0.017490271437746546,0.01912574861713956,5.217069928371588,5.265367865896586,0.10434139856743176,0.10530735731793173,0.004396956770899471,1.004406637568805,1000.0
02d6d693-f1f3-4317-bcc0-c21fa8490d38,"Jace, Vryn's Prodigy // Jace, Telepath Unbound",0.24885874001484584,0.16448538644019012,1.5129534933204258,0.130291472501594,1.2825608457468238,0.9291058402730789,1.770478939793692,2738.1137052472627,False,0.056728004645667435,0.061969236503223724,0.39666546612111814,0.17540698197277355,2.261400667521251,0.023734457471394032,1.4868584423206384,1.0542902391815554,2.096906473511845,2732.757405679449,False,0.08919733917668486,0.09875254660955685,0.20869899628844527,0.16669044521389048,1.252015351093766,0.21056427030344682,1.2320740838375603,0.888683365386371,1.7081523151996694,2925.378779646401,False,0.051517288957855886,0.052080460556508,180,0.582801342375758,False,False,0.4431684263420279,True,False,0.595076873295435,False,False,2732.757405679449,5.356299567813494,-192.62137396695198,0.254784358483078,1.3338311239683407,0.19101695402417787,medium,5.672800464566744,6.196923650322372,0.11345600929133487,0.12393847300644745,8.919733917668486,9.875254660955685,0.17839467835336972,0.1975050932191137,5.151728895785588,5.2080460556508,0.10303457791571177,0.104160921113016,0.006420966926251855,1.00644162552678,1000.0
758f95f8-bcb0-43ae-b474-56ebd855951e,Lion's Eye Diamond,0.31101453868755724,0.19910392941061175,1.5620713242989415,0.11827118736166733,1.3648090635744705,0.9238281929848219,2.016288087070348,2737.960806709453,False,0.07071718084255364,0.07723062915751538,0.45612834931607876,0.2099703359687246,2.17234661844814,0.02982952819358259,1.5779528609403,1.0455954072011118,2.3813563202375074,2733.15563154834,False,0.10220917286861232,0.11353056445113008,0.2082329190785181,0.20124355889233744,1.034730851633964,0.3007946237780188,1.2314999759858272,0.8301038576253482,1.8269908962856292,2925.877024494878,False,0.051394785323099906,0.051947694645176956,118,0.5795288180721699,False,False,0.4431684263420279,True,False,0.6514447100606816,False,False,2733.15563154834,4.805175161113311,-192.7213929465379,0.3464528849544728,1.3914206335001993,0.24899220021119745,low,7.071718084255364,7.723062915751538,0.14143436168510728,0.15446125831503077,10.220917286861232,11.353056445113008,0.20441834573722464,0.22706112890226016,5.13947853230999,5.194769464517695,0.10278957064619981,0.10389538929035391,0.0027743864874153097,1.0027782386592534,1000.0
e7b3ddca-69ef-4743-897b-57c58077db24,Time Warp,0.197506259455829,0.21415587954210974,0.9222546673858333,0.35639575397239054,1.2183606912207017,0.8007237566865163,1.853826318397757,2739.5587417090474,False,0.045080273919923634,0.049238413015844085,0.35974257907841345,0.22383373562558656,1.6071865935355059,0.10801344205440251,1.4329604930675996,0.9240662204564729,2.222108902193401,2735.31203260876,False,0.081035563943732,0.08969001266706006,0.2058846444467668,0.21746466394295388,0.946749879790931,0.34376624678866696,1.228611468664814,0.8022410967677512,1.881586653957853,2926.0531594265517,False,0.05080388897350952,0.05132440458561466,98,0.7761507530954282,False,False,0.6481796826201077,False,False,0.6754463794118528,False,False,2735.31203260876,4.246709100287262,-190.7411268177916,0.21459980184689798,1.293310884317705,0.16593056197784306,low,4.508027391992363,4.9238413015844085,0.09016054783984727,0.09847682603168817,8.1035563943732,8.969001266706005,0.162071127887464,0.17938002533412012,5.080388897350952,5.132440458561466,0.10160777794701904,0.10264880917122932,0.008020759822108725,1.0080530122882658,1000.0
9d48aaff-46ab-411b-9456-171d4709f951,Fear of Missing Out,0.23281684671499445,0.182579939264991,1.2751502035340867,0.2022560827659845,1.2621502911844726,0.8824617496874555,1.8052038607919894,2738.779538526597,False,0.053098987245718474,0.057991673133377275,0.172026611156581,0.19022109509008536,0.9043508611655937,0.36580938539748653,1.1877094391152263,0.8180705204960343,1.724366880874842,2737.07929398295,False,0.03902704201962531,0.04288266786072048,0.20241332014022778,0.18329539235024264,1.1043011913439396,0.26946250622184975,1.2243539536932349,0.8548359935400612,1.7536025802053508,2925.7282763273097,False,0.04997289534673393,0.05047175810809029,140,0.648670173697577,False,False,0.850576202158606,False,False,0.6293378815490852,False,False,2737.07929398295,1.7002445436473863,-188.64898234435987,0.07444085206924633,1.2247378946643113,0.06078104743354074,medium,5.309898724571847,5.799167313337728,0.10619797449143695,0.11598334626675455,3.902704201962531,4.2882667860720485,0.07805408403925063,0.08576533572144096,4.997289534673393,5.047175810809029,0.09994579069346786,0.10094351621618058,-0.0012544337496804604,0.9987463527234418,1000.0
1c0f2873-5849-4cab-855a-2fbbc41dbb6c,Chaos Defiler,0.1389556306601591,0.1870543818482551,0.7428622055637523,0.45756510962702124,1.1490731152569809,0.7963862614457351,1.6579505299468944,2739.8583138123704,False,0.03176437209185664,0.03469306520756049,0.1342823236357754,0.19046368822027332,0.705028474931539,0.4807925158748272,1.1437156720348944,0.7873940120005241,1.661284590080626,2737.400692094159,False,0.03048515663489221,0.03344784444057258,0.20156559543182653,0.18503868606277143,1.0893159680319422,0.2760145735295335,1.2233164784037098,0.8511982389912128,1.7581136071282484,2925.7603826248373,False,0.04976038938464317,0.05026483758336947,133,0.8116087012388793,False,False,0.9084793269322101,False,False,0.6327351627109774,False,False,2737.400692094159,2.4576217182116125,-188.35969053067856,0.07960080636881539,1.1720350885651951,0.0679167434025057,medium,3.176437209185664,3.4693065207560494,0.06352874418371328,0.06938613041512098,3.048515663489221,3.3447844440572583,0.06097031326978442,0.06689568888114517,4.976038938464317,5.026483758336947,0.09952077876928633,0.10052967516673894,0.006911835370082356,1.006935777233126,1000.0
1c7d50d6-b63a-4d8c-88fa-1d78ae693a45,Overgrown Tomb,-0.1424426660939041,0.2129096576422311,-0.6690286747502161,0.5034771864804788,0.8672372749673869,0.5713544007356157,1.316346719522128,2739.9646337286667,False,-0.0325283058489265,-0.03555887106290434,-0.11090285635967947,0.21548720297516596,-0.5146609860283007,0.6067899405290911,0.8950256907598204,0.586690547669906,1.3654063292848655,2737.6342962793456,False,-0.02516903761096056,-0.027374512302330012,0.20151497740045957,0.20634195210537523,0.9766069155803536,0.32876379408939516,1.2232545580989893,0.816347424978103,1.832983933219475,2925.994498150327,False,0.04973985892917532,0.050228395532180614,104,0.8314108026455516,False,False,0.9197216625869148,False,False,0.6645692085446419,False,False,2737.6342962793456,2.3303374493211777,-188.36020187098165,0.3560172831316024,0.9951725079420655,0.3577442908544738,low,-3.2528305848926498,-3.555887106290434,-0.065056611697853,-0.07111774212580868,-2.516903761096056,-2.737451230233001,-0.05033807522192112,-0.054749024604660024,4.973985892917532,5.022839553218061,0.09947971785835064,0.10045679106436123,-0.0019428512014952905,0.9980590349122231,1000.0
0ce44270-a684-4489-9077-521456e6dfaa,Lórien Revealed,-0.10772075127129783,0.17201840104446775,-0.6262164432248815,0.5311729833379244,0.8978782927972778,0.6409032193471645,1.2578894977275181,2740.019748143419,False,-0.02461026352526103,-0.026909706771833852,-0.015840306484870434,0.179974024841125,-0.08801440373883798,0.9298652280430247,0.9842844913556444,0.6917093713548905,1.4006112972353761,2737.89099336286,False,-0.0035988779139903004,-0.00392882113675086,0.20118920484147249,0.1730261054108202,1.1627679208509256,0.24492367580404362,1.22285612023489,0.8711492502446287,1.7165567098588541,2925.595412225167,False,0.04966933206392769,0.05017401536713817,162,0.8411513593462481,False,False,0.9942424259274446,False,False,0.6154492366358019,False,False,2737.89099336286,2.1287547805586655,-187.70441886230674,0.32497782743761217,1.035006301462604,0.31398632740532545,low,-2.461026352526103,-2.690970677183385,-0.04922052705052206,-0.053819413543667705,-0.35988779139903004,-0.39288211367508596,-0.007197755827980601,-0.00785764227350172,4.96693320639277,5.017401536713817,0.09933866412785539,0.10034803073427634,-0.00010223706767021527,0.9998977681583607,1000.0
fa7a55aa-ae61-4933-b7a4-dcc55dac6fcd,"Inti, Seneschal of the Sun",0.12102972226128349,0.17146195025924438,0.7058692734935701,0.4802694373034726,1.1286584581504062,0.806512646962795,1.579479156280629,2739.9117734047036,False,0.02768652768316081,0.030228413578741342,-0.04411075062667045,0.17974668390854032,-0.24540508713426457,0.8061427904631381,0.9568479800912009,0.6727279599190958,1.3609632891053296,2737.8385656199616,False,-0.010017828969792772,-0.010924653436428233,0.19744470453922716,0.17188365356180454,1.1487113547317727,0.2506750221940707,1.2182856974381042,0.8698389003930969,1.7063160085292814,2925.625884442632,False,0.04879025975830535,0.04919360509953885,165,0.8314108026455516,False,False,0.9813912231725159,False,False,0.6168738428388749,False,False,2737.8385656199616,2.073207784741953,-187.7873188226704,0.26143771734690335,1.1012640452265705,0.2373978506608885,low,2.7686527683160813,3.0228413578741344,0.05537305536632162,0.060456827157482684,-1.0017828969792772,-1.0924653436428233,-0.020035657939585543,-0.021849306872856467,4.879025975830535,4.919360509953885,0.0975805195166107,0.0983872101990777,0.0028188972297094055,1.0028228740563825,1000.0
551c0a45-9515-4e51-84e5-79703832a661,Expedition Map,0.18859543644961763,0.2011588761354864,0.937544691403988,0.34847844625475766,1.2075523219938653,0.8140968328529066,1.7911660523757924,2739.528696140689,False,0.04307577656686845,0.04703111591707837,0.2366071913600186,0.20626675037050315,1.1470932224171706,0.25134309470762506,1.2669433537229644,0.8456280786648609,1.8981695405350218,2736.575822247605,False,0.05359820977590216,0.05900341145694882,0.19575319531411484,0.19803570973623422,0.9884742280815946,0.32292045013124704,1.2162266978414062,0.8249794551806214,1.793023294402347,2925.9699352612965,False,0.04834694431819436,0.048823986786451834,115,0.7631483292282961,False,False,0.8056368089558701,False,False,0.6628005721402056,False,False,2736.575822247605,2.952873893083961,-189.39411301369137,0.0593910317290991,1.2302407911860787,0.048275940900837824,medium,4.307577656686846,4.703111591707837,0.0861515531337369,0.09406223183415674,5.359820977590216,5.900341145694882,0.10719641955180433,0.11800682291389764,4.834694431819436,4.882398678645183,0.09669388863638873,0.09764797357290367,0.010592113684702203,1.0106484087063814,1000.0
17db2b6a-eaa8-4a08-9e86-370bbd058574,Bayou,-0.05247819687242532,0.19623605136090927,-0.26742383220863725,0.789142851961873,0.9488750092731462,0.6459062836066454,1.3939542098826083,2740.339803045451,False,-0.012004522459729076,-0.013117025946022376,0.04439495275031226,0.20426100086496912,0.21734424369956182,0.8279400795865415,1.0453951550564495,0.7005030151406527,1.5600946842406764,2737.8514916513195,False,0.010085898794196886,0.011034157186205651,0.1948507481939787,0.1955610109810429,0.9963680757043487,0.3190713383676872,1.2151296126656417,0.8282428807855797,1.7827379019261476,2925.9582140948287,False,0.04807266934997092,0.0485904670481746,121,0.9374126485600508,False,False,0.9821303249067016,False,False,0.6617775906885364,False,False,2737.8514916513195,2.488311394131415,-188.10672244350917,0.2662546033924955,1.0697999256650792,0.24888261534227427,low,-1.2004522459729077,-1.3117025946022376,-0.024009044919458152,-0.026234051892044752,1.0085898794196886,1.103415718620565,0.020171797588393773,0.022068314372411302,4.807266934997092,4.859046704817461,0.09614533869994184,0.0971809340963492,-0.008384947347335971,0.9916501082753979,1000.0
70e33f45-7d47-423b-a123-8541f1d1afb4,Lingering Souls,-0.002191668713843219,0.18766932006198808,-0.011678353782703002,0.9906822336206285,0.9978107312384121,0.6907180736810512,1.4414365184749445,2740.4111794639457,False,-0.0005014567246429636,-0.0005479169982052778,0.003670924313243157,0.1961445357707603,0.018715404427750517,0.9850681394510855,1.0036776704081753,0.6833334219755755,1.4741981493654919,2737.898387612434,False,0.0008341194242497833,0.0009111176335160343,0.1945020703667321,0.18757908423040767,1.0369070259870805,0.29977918920051083,1.214705997769327,0.8410089855311167,1.7544529088294547,2925.871614790994,False,0.04804188408365832,0.04847014283255746,134,0.9939868066079038,False,False,0.9975344701186948,False,False,0.6514447100606816,False,False,2737.898387612434,2.5127918515117926,-187.97322717856014,0.21689526653091495,1.0720647998053048,0.202315444523787,low,-0.05014567246429637,-0.054791699820527784,-0.0010029134492859273,-0.0010958339964105557,0.08341194242497833,0.09111176335160343,0.0016682388484995667,0.0018222352670320685,4.804188408365833,4.847014283255746,0.09608376816731665,0.09694028566511492,0.0040695476692311485,1.0040778395225625,1000.0
071daca8-ccc6-4707-843e-adac40dd1588,Fury,0.3036442583008963,0.17374865682839138,1.7476063633735057,0.08053221271165484,1.3547870161188584,0.9637695113373081,1.9044469008958458,2737.3355278034232,False,0.06912304215314205,0.07545294339094427,0.15194431405487363,0.18363043697475934,0.8274462368989457,0.4079841828699978,1.1640954108740211,0.812230312937118,1.6683914698008415,2737.2123397537457,False,0.03450096143716432,0.03787561862305017,0.193532230965706,0.17678241839337305,1.094748180981785,0.273626974070982,1.2135284991166169,0.8581629242775702,1.7160510859962343,2925.7482367053476,False,0.04782194704454269,0.04824735090910098,157,0.5091714094027209,False,False,0.8669979999518201,False,False,0.6309516107989703,False,False,2737.2123397537457,0.12318804967753749,-188.5358969516019,0.1906916052448373,1.2441369753698321,0.1532721951199564,medium,6.912304215314205,7.545294339094427,0.1382460843062841,0.15090588678188854,3.4500961437164324,3.787561862305017,0.06900192287432864,0.07575123724610033,4.78219470445427,4.824735090910099,0.09564389408908539,0.09649470181820197,-0.00028446038913460675,0.9997155800658859,1000.0
107492bd-b32f-4692-917c-7771986b5bf7,Thespian's Stage,0.0706816034235679,0.2376189786198931,0.2974577360532874,0.7661170701909651,1.073239455693633,0.6736452818452547,1.709865652294674,2740.3227615429746,False,0.016168477637660866,0.01766385957065497,0.18066750322169794,0.24510319790363724,0.7371078989052101,0.46105673602038066,1.1980167763445353,0.7410147379078755,1.9368632268436539,2737.3545929857264,False,0.04096652535513965,0.04502757864457624,0.19112025790866757,0.23587591113585696,0.8102576349926146,0.4177921186266702,1.2106050281566956,0.7624666356994788,1.9221359539932916,2926.2936715076817,False,0.047181923367385435,0.047675583627967144,81,0.9374126485600508,False,False,0.903671202599946,False,False,0.7410611334916503,False,False,2737.3545929857264,2.968168557248191,-188.93907852195525,0.13736557246306247,1.1606204200649548,0.11835529522681905,low,1.6168477637660865,1.7663859570654972,0.03233695527532173,0.03532771914130994,4.096652535513965,4.502757864457624,0.0819330507102793,0.09005515728915248,4.718192336738544,4.767558362796715,0.09436384673477087,0.09535116725593429,0.004541717689285387,1.004552046920634,1000.0
729daf0e-b822-41bd-a908-ca8ec34032f0,Tropical Island,-0.006612018768531031,0.21297397768882803,-0.03104613455730126,0.9752327473322461,0.9934097925288545,0.6543970412384984,1.5080493243436817,2740.410352002419,False,-0.0015128461607832589,-0.0016529994966411055,0.03620547791927212,0.22241911729594918,0.16278042265178755,0.8706913231209943,1.036868878263175,0.6704970392660191,1.603432987396371,2737.87223561817,False,0.00822590162780123,0.008997263876828254,0.19069360160716156,0.21407433240125007,0.8907821851791888,0.37304603418371196,1.2100886260637347,0.7954143621180471,1.8409454903851725,2926.157218227333,False,0.04706159078350687,0.047538042080689846,102,0.9939868066079038,False,False,0.9892481634296245,False,False,0.7098740067961898,False,False,2737.87223561817,2.5381163842489514,-188.28498260916285,0.21667883353488016,1.0801224322852547,0.200605808247538,low,-0.15128461607832588,-0.16529994966411055,-0.0030256923215665177,-0.003305998993282211,0.822590162780123,0.8997263876828254,0.01645180325560246,0.01799452775365651,4.706159078350687,4.753804208068985,0.09412318156701374,0.09507608416137969,0.0022860613924612122,1.0022886764231336,1000.0
4c732dc7-dd6b-4cc1-bbe0-ff3b1d2c7419,Animate Dead,0.06128440583556539,0.16797700124776957,0.36483807533371554,0.71523228123938,1.0632012518322635,0.7649456322693565,1.4777480309864053,2740.278151156707,False,0.014020022741340725,0.015317366216249073,0.27342384410399395,0.1866036516717631,1.4652652381366473,0.14284856670872334,1.3144572517304522,0.9118139488505711,1.894901771139637,2735.745644637699,False,0.06180537611098842,0.06804425676903403,0.18825056292709172,0.17883061575931217,1.0526752487418476,0.2924898563033207,1.2071359409744664,0.8502222917678971,1.7138778812330957,2925.8417231482263,False,0.046471365369929026,0.047004730860587374,168,0.9374126485600508,False,False,0.6921486360963929,False,False,0.6442895345996886,False,False,2735.745644637699,4.532506519007711,-190.09607851052715,0.2512559998981887,1.1949314815123941,0.2102681231397305,low,1.4020022741340725,1.5317366216249073,0.02804004548268145,0.030634732432498146,6.180537611098842,6.804425676903403,0.12361075222197684,0.13608851353806806,4.647136536992902,4.700473086058738,0.09294273073985805,0.09400946172117475,0.0059288573679478675,1.0059464678288943,1000.0
80fca8c0-ae3e-439e-b202-228b9f360e9a,Portable Hole,0.18994730637868068,0.2428921160246689,0.7820233504795562,0.43420085084061577,1.2091858795956545,0.7511715376151027,1.9464668430537717,2739.7974590507692,False,0.04337223953624655,0.04735962145783723,0.15719390402535377,0.24839756758805967,0.6328318974767206,0.5268434244162863,1.1702225027567155,0.7191643770201431,1.9041831738557247,2737.497029775125,False,0.03567002084164435,0.03919277343026839,0.1863551457235754,0.23876505992099487,0.7804958807006293,0.4350990512551658,1.2048500817577519,0.7545570642780627,1.9238620751640163,2926.339503513614,False,0.04602478001397641,0.0464582687984984,78,0.8001702702994067,False,False,0.9084793269322101,False,False,0.7420128011838156,False,False,2737.497029775125,2.300429275644092,-188.84247373848893,0.03896337683893902,1.1947528213700407,0.03261208188172274,low,4.337223953624655,4.7359621457837235,0.0867444790724931,0.09471924291567446,3.567002084164435,3.919277343026839,0.0713400416832887,0.07838554686053678,4.602478001397641,4.6458268798498406,0.09204956002795282,0.0929165375969968,-4.732604822969018e-05,0.9999526750716301,1000.0
56995b84-2307-4955-9c7c-dc4f04acdc07,Inquisition of Kozilek,0.22906094345483716,0.16852703700004365,1.3591940351670564,0.1740851109312861,1.2574186681126058,0.9037052261203252,1.7495768102458236,2738.5567178666815,False,0.05225832647589898,0.05707091166816558,0.24857000094248322,0.17126889324859923,1.4513435348804429,0.14668422437817213,1.2821905737765393,0.9165698233504291,1.7936578595527919,2735.783883183456,False,0.05628200733444833,0.06197855389011969,0.1859271615745343,0.16443182834006873,1.130724893419114,0.25817090043391755,1.2043345353515031,0.8725291445462802,1.6623188831068192,2925.66830384443,False,0.04593292987636021,0.046379789133092986,167,0.6377697521968612,False,False,0.6921486360963929,False,False,0.6168738428388749,False,False,2735.783883183456,2.772834683225483,-189.88442066097377,0.07785603842503619,1.2479812590802162,0.062385583003399775,medium,5.225832647589898,5.707091166816558,0.10451665295179796,0.11414182333633116,5.628200733444833,6.197855389011969,0.11256401466889666,0.12395710778023938,4.593292987636021,4.637978913309299,0.09186585975272042,0.09275957826618597,0.0026259530703580626,1.0026294039050374,1000.0
064dfdeb-485f-473e-9fa0-8fdb7638cdc6,Dismember,-0.1712447459355414,0.17416095542571547,-0.9832556643764054,0.3254816247306951,0.8426153215578145,0.5989361873150385,1.185436103480121,2739.4465762869168,False,-0.0390590765905814,-0.04272855859927288,-0.16382566778020985,0.17621535714776154,-0.9296900703315967,0.3525315771406111,0.848889997859026,0.6009714992467271,1.1990822016823313,2737.0361044157676,False,-0.03712133294722391,-0.040361445581684585,0.18583314069150936,0.16972375260624586,1.0949153423601043,0.27355372686984314,1.2042213080779796,0.8634447092563182,1.6794925526592754,2925.7491878311084,False,0.04589575007530543,0.046351383086455755,157,0.7465337651916274,False,False,0.8417274981732837,False,False,0.6309516107989703,False,False,2737.0361044157676,2.410471871149184,-188.71308341534086,0.36160598652016507,0.96524220916494,0.37462720039253283,low,-3.90590765905814,-4.272855859927288,-0.0781181531811628,-0.08545711719854576,-3.712133294722391,-4.036144558168458,-0.07424266589444782,-0.08072289116336917,4.589575007530542,4.635138308645575,0.09179150015061086,0.09270276617291151,-0.0034259613489987665,0.9965799005604479,1000.0
54a3ea87-005e-4985-b2a5-21711d0b71c0,Springheart Nantuko,0.051934190414226485,0.18092254825256726,0.28705206131480376,0.7740724576224087,1.0533064225730693,0.7388399158536743,1.5016167860283858,2740.3288632908925,False,0.011882642741661882,0.012981186256235733,0.017190729270422336,0.1834970644938989,0.09368394703117396,0.9253602226005279,1.0173393402123383,0.7100190224393227,1.4576783162624682,2737.8899591193376,False,0.0039062215473209833,0.00426876985607566,0.1783488410099558,0.17711595629001473,1.006960890174809,0.3139535689381264,1.195242198014212,0.8446791454001923,1.6912977190137686,2925.934660193676,False,0.04405531219763962,0.04449358165884609,144,0.9374126485600508,False,False,0.9942424259274446,False,False,0.6581272675066607,False,False,2737.8899591193376,2.4389041715548956,-188.04470107433826,0.17790285780187376,1.0886293202665398,0.16341913127814348,medium,1.1882642741661882,1.2981186256235733,0.023765285483323764,0.025962372512471465,0.3906221547320983,0.42687698560756604,0.007812443094641967,0.00853753971215132,4.405531219763962,4.449358165884609,0.08811062439527924,0.08898716331769219,0.008256433999209905,1.0082906123494109,1000.0
59faa45d-868b-4bc7-934c-0e077642e129,Loran of the Third Path,-0.07313422521712011,0.22907092842851245,-0.31926454272849186,0.749525917626723,0.9294760625262072,0.5932655070037991,1.456221102710577,2740.309554417293,False,-0.01672264906748479,-0.01827638203013421,-0.12088662868674571,0.23699878098624264,-0.5100727868037557,0.610000469489091,0.8861344161207991,0.5568807031739029,1.4100582026964874,2737.6392006692586,False,-0.02742933089663256,-0.02980739109616881,0.17825406302713429,0.22620653832035795,0.7880146363173974,0.43068814471432193,1.1951289207378817,0.7671209850256282,1.8619398570309946,2926.3282228373337,False,0.04403330274209433,0.04444374416161778,88,0.9374126485600508,False,False,0.9197216625869148,False,False,0.7420128011838156,False,False,2737.6392006692586,2.6703537480343584,-188.6890221680751,0.30899450461708255,1.0035797997949627,0.307892311782493,low,-1.6722649067484792,-1.8276382030134208,-0.03344529813496958,-0.03655276406026842,-2.742933089663256,-2.980739109616881,-0.05485866179326512,-0.05961478219233762,4.4033302742094325,4.444374416161779,0.08806660548418865,0.08888748832323556,-0.0056020062848866105,0.9944136556925081,1000.0
4cbdacc1-7a1b-4633-85f5-eb50c2bf406d,Snapcaster Mage,0.13866680527551076,0.19829788662757042,0.6992853410280933,0.48437372621258956,1.1487412816957625,0.7788030785787821,1.69440333322788,2739.921456413751,False,0.031693920970258325,0.034620049030392785,0.2720063523494669,0.20337403072370197,1.3374684633113596,0.18106976976229183,1.3125953393489294,0.881080091101202,1.9554482529813917,2736.103941698569,False,0.061510097267389034,0.06784676062115985,0.17783261610138273,0.19315661264224956,0.9206654313758919,0.3572251294683001,1.1946253434513634,0.8181133807771823,1.7444155599319973,2926.102369647409,False,0.043921201184791876,0.044369153509249304,121,0.8314108026455516,False,False,0.7410668831368857,False,False,0.6892008482968107,False,False,2736.103941698569,3.8175147151819147,-189.9984279488399,0.16385405765316685,1.2186539881653518,0.1344549472158577,medium,3.1693920970258325,3.4620049030392783,0.06338784194051665,0.06924009806078557,6.151009726738903,6.784676062115985,0.12302019453477807,0.1356935212423197,4.392120118479188,4.436915350924931,0.08784240236958375,0.08873830701849861,0.0041372884860088,1.0041458588793375,1000.0
c86b8a75-9e31-4a44-95b8-c83b9a49646f,Ocelot Pride,0.24165556145562492,0.15650105197427042,1.544114613973038,0.12256056912997469,1.2733555245500543,0.9369864101595458,1.7304779176317544,2738.0154840245805,False,0.055131782990294746,0.060196182952722666,0.14915637746084445,0.16174698085988845,0.9221586496878698,0.35644582830807425,1.1608545064962452,0.845465678147477,1.5938946075319904,2737.046250313836,False,0.03387127340406128,0.03717832056648218,0.17770845772922095,0.15678903436621383,1.1334240206757407,0.25703623149211485,1.194477029920751,0.8784484526490357,1.6241993149464111,2925.662462363779,False,0.0439286309120932,0.04431593102952308,194,0.5820967239091184,False,False,0.8417274981732837,False,False,0.6168738428388749,False,False,2737.046250313836,0.9692337107444473,-188.616212049943,0.11250101805380908,1.2095623536556834,0.09300968876370458,medium,5.513178299029475,6.0196182952722666,0.11026356598058949,0.12039236590544533,3.3871273404061277,3.717832056648218,0.06774254680812256,0.07435664113296436,4.39286309120932,4.431593102952308,0.0878572618241864,0.08863186205904616,0.002318664462573596,1.002321354643826,1000.0
1834ac92-8b4e-4442-a834-acd580e1ef99,Jack-in-the-Mox,0.006733106995621015,0.24059169291106355,0.02798561710154289,0.9776736225451608,1.0067558253202096,0.6282440262808404,1.6133178341803949,2740.4105326045046,False,0.001540570700940135,0.001683271074000403,0.02776932388773869,0.24664724904799995,0.11258720295856416,0.9103578310958372,1.028158485462195,0.6340298242507586,1.6672872959519143,2737.8860582441507,False,0.00630952838654421,0.006898709265877434,0.17722201558338357,0.23972206365280435,0.7392812029186383,0.45973626097235354,1.1938961272503883,0.7462958100362995,1.9099503755677592,2926.4041110312683,False,0.04376275027026772,0.0441922782880102,77,0.9939868066079038,False,False,0.9942424259274446,False,False,0.7556052983847451,False,False,2737.8860582441507,2.5244743603539064,-188.51805278711754,0.18714030193017872,1.0762701460109312,0.17387855885791523,low,0.15405707009401348,0.1683271074000403,0.00308114140188027,0.003366542148000806,0.630952838654421,0.6898709265877434,0.01261905677308842,0.013797418531754868,4.3762750270267725,4.41922782880102,0.08752550054053544,0.0883845565760204,0.003656071698750815,1.0036627632813675,1000.0
9a71531f-d4b6-4cc7-8193-b2f5bce33b21,Night Scythe,-0.14472372098207756,0.23493242409030504,-0.6160227628964813,0.5378794964469065,0.8652613136370207,0.5459699877717116,1.371278930427051,2740.033190358058,False,-0.03304725490686012,-0.03612504884882434,-0.1555411087828778,0.23994284774115937,-0.6482423220660832,0.516828232624081,0.8559518890653076,0.5348178323469714,1.369912504935228,2737.4798146468975,False,-0.035265571116431915,-0.03829174216052966,0.1755491722999661,0.23071517731745886,0.7608913047727867,0.44672199254944,1.1919005957039503,0.7583179097659152,1.8733924278248475,2926.3705327284297,False,0.043365150110455566,0.04378290382372385,83,0.8443422602845474,False,False,0.9084793269322101,False,False,0.7420128011838156,False,False,2737.4798146468975,2.5533757111606974,-188.8907180815322,0.33594870663864274,0.9710379328020929,0.34596867464199504,low,-3.304725490686012,-3.6125048848824335,-0.06609450981372024,-0.07225009769764867,-3.5265571116431915,-3.8291742160529663,-0.07053114223286383,-0.07658348432105933,4.336515011045557,4.378290382372385,0.08673030022091113,0.0875658076474477,0.003674840394505489,1.00368160089919,1000.0
df9d9075-2d1e-4848-b661-816d539e05eb,Emperor of Bones,0.012966876067255871,0.17255693851070342,0.07514549214404125,0.9400989526237434,1.0130513105605683,0.7223505559157347,1.4207408707915552,2740.4056679619,False,0.00296704864334721,0.0032416831434121107,0.056274545037277565,0.177583786119585,0.3168901072949434,0.7513269887220777,1.057888081793966,0.7469256160185923,1.4983114377133104,2737.7982338425195,False,0.012787216552213938,0.013991247246016858,0.17458927206566063,0.17027651753341413,1.0253279465349658,0.30520847360398495,1.1907570389808553,0.8528661144079445,1.662514551732138,2925.897032659631,False,0.04314391118137675,0.043562339923758964,162,0.9906419070658801,False,False,0.9685604714091955,False,False,0.6518368348600974,False,False,2737.7982338425195,2.6074341193802866,-188.0987988171114,0.17770572842028698,1.0872321437784631,0.1634478243098161,medium,0.296704864334721,0.3241683143412111,0.00593409728669442,0.0064833662868242214,1.2787216552213938,1.3991247246016858,0.025574433104427877,0.027982494492033716,4.314391118137674,4.356233992375897,0.0862878223627535,0.08712467984751793,0.006225248689434917,1.0062446658213047,1000.0
7c884e1e-fecb-4330-b3de-5fc2a60f7173,Kolaghan's Command,0.18307861124345468,0.1794131271231096,1.0204304120836702,0.3075243766384381,1.2009088093050586,0.8448711758034424,1.7069844605540363,2739.3667091054754,False,0.04181826565807378,0.04566694762042628,0.18460696650943473,0.18295788200116167,1.009013465231646,0.3129681764921669,1.202745627905865,0.8403048954635134,1.7215144803467177,2736.877396813479,False,0.04187540765513006,0.04603337832740967,0.1738169296078155,0.1779856685786572,0.9765782323704372,0.32877799994222534,1.189837721822208,0.8394276563993202,1.6865227080362,2925.994899368101,False,0.04295213751754925,0.043356954910135026,145,0.7439871203172183,False,False,0.809233209594387,False,False,0.6645692085446419,False,False,2736.877396813479,2.489312291996157,-189.11750255462175,0.012907906083656995,1.1978307196777107,0.010776068664468721,medium,4.181826565807379,4.566694762042628,0.08363653131614757,0.09133389524085256,4.187540765513006,4.603337832740967,0.08375081531026012,0.09206675665481934,4.2952137517549245,4.335695491013503,0.0859042750350985,0.08671390982027005,0.004355907698948492,1.0043654084546856,1000.0
c2089ec9-0665-448f-bfe9-d181de127814,Brazen Borrower // Petty Theft,-0.04056686846999086,0.17242598165163403,-0.23527120496232024,0.8139982430152605,0.9602449522537756,0.6848730457916702,1.346337651911823,2740.3559859899397,False,-0.009279243433914874,-0.010140618862576445,0.07737698073868306,0.18653101095454047,0.41482100130546457,0.6782729443262332,1.0804493082068198,0.7495938138208773,1.5573377022072785,2737.726542403354,False,0.017578202676538826,0.019249806549020143,0.17257510332378584,0.17961030695239497,0.960830735451759,0.3366372819051934,1.1883610671295906,0.8357204612550375,1.6898019030772735,2926.026648462464,False,0.04262995030585217,0.04305499106737881,162,0.9374126485600508,False,False,0.942563671193764,False,False,0.6698569264306387,False,False,2737.726542403354,2.629443586585694,-188.30010605911002,0.22811611487581496,1.0763517758633954,0.21193453663680878,low,-0.9279243433914874,-1.0140618862576445,-0.018558486867829748,-0.02028123772515289,1.7578202676538826,1.9249806549020143,0.03515640535307765,0.038499613098040286,4.262995030585217,4.305499106737881,0.08525990061170434,0.08610998213475762,0.0032352992203061523,1.003240538449463,1000.0
2be39749-ad6f-4160-99eb-c677eee7f1b2,Thraben Inspector,-0.05229635758898519,0.172975010540638,-0.3023347559022054,0.762396885880503,0.9490475677133827,0.6761587601304729,1.3320707190259409,2740.3199839152094,False,-0.011959278107048488,-0.013071736187599936,-0.0513945918401401,0.1789346190826376,-0.28722553580536847,0.7739396349615453,0.949903772293933,0.6689095396627436,1.3489375216164234,2737.816290313137,False,-0.011672195346827282,-0.012724266187698396,0.16767692444683985,0.16826859619309703,0.9964837660761239,0.3190151508991077,1.1825544944774926,0.8503310590491312,1.6445772708487154,2925.955712024159,False,0.04143972900331598,0.04182847022999181,163,0.9374126485600508,False,False,0.9695332822545232,False,False,0.6617775906885364,False,False,2737.816290313137,2.503693602072417,-188.1394217110219,0.2335069267641099,1.027168611494936,0.22733066815998695,low,-1.1959278107048488,-1.3071736187599936,-0.023918556214096977,-0.026143472375199872,-1.167219534682728,-1.2724266187698396,-0.023344390693654564,-0.025448532375396793,4.143972900331598,4.182847022999181,0.08287945800663196,0.08365694045998362,0.002824536556538828,1.0028285293182673,1000.0
d51269cf-a333-4a64-94cd-245798d840d2,Elder Gargaroth,0.1497335573691928,0.18902180213732592,0.7921496656793597,0.4282734136840639,1.161524721792706,0.8019177962422834,1.6823914940628248,2739.7832253473707,False,0.03421002827339769,0.03737577413668719,0.09693819791767715,0.1964878883187681,0.4933545713535862,0.6217620754642526,1.101792278459725,0.7496280991858078,1.619397973731205,2737.654995189532,False,0.022014311872134595,0.024134969911313198,0.16640121433715907,0.1920384147393334,0.8664996248955011,0.38621623198436694,1.181046859610625,0.8105890458169134,1.7208124040096846,2926.1991302021233,False,0.04110793683593558,0.041512596568251736,128,0.8001702702994067,False,False,0.9197216625869148,False,False,0.7185481569158184,False,False,2737.654995189532,2.128230157838516,-188.54413501259114,0.0792545811509,1.1481212866210184,0.06902979857132553,medium,3.421002827339769,3.7375774136687188,0.06842005654679538,0.07475154827337438,2.2014311872134593,2.4134969911313195,0.04402862374426919,0.048269939822626395,4.110793683593558,4.151259656825173,0.08221587367187116,0.08302519313650347,0.006172514737315277,1.0061916039623697,1000.0
73cc6df4-3564-4ace-bf8a-eac3e62d725a,Ursine Monstrosity,0.06744317752423297,0.19753618565091086,0.34142188835932896,0.7327859994642663,1.069769470920999,0.7263467607126207,1.5755652572771357,2740.294766218575,False,0.015425621867856197,0.016855425743783292,-0.006472748186874571,0.21962315290054302,-0.029472066589471893,0.976488096893026,0.9935481549231652,0.6460139843249884,1.5280442221118071,2737.897869371305,False,-0.0014707329834110442,-0.001605820922694956,0.16570544613505464,0.21414915453391345,0.7737851988988961,0.43905782671656013,1.1802254105627143,0.77567093873748,1.795776985025547,2926.3516374367046,False,0.04092069377108124,0.04133674650670571,114,0.9374126485600508,False,False,0.9942424259274446,False,False,0.7420128011838156,False,False,2737.897869371305,2.39689684727,-188.45376806539934,0.18667725563954918,1.081181012135626,0.17266050138155029,medium,1.5425621867856196,1.6855425743783292,0.030851243735712394,0.033710851487566584,-0.1470732983411044,-0.1605820922694956,-0.0029414659668220884,-0.003211641845389912,4.092069377108124,4.133674650670571,0.08184138754216248,0.08267349301341143,-4.79067494794591e-05,0.9999520943980306,1000.0
19477aca-b8db-4061-9a78-ebb189a9df22,Breeding Pool,0.17480564033808565,0.21516709469828893,0.8124180910803355,0.41655176891173784,1.19101470889905,0.7812017301326277,1.8158127178917811,2739.7499423649947,False,0.03992270289933536,0.04360540272306762,0.282649292282748,0.22069719647397962,1.2807108418165727,0.20029525021627592,1.3266398174000116,0.8607792349726694,2.044627859972734,2736.2533126955523,False,0.06388828115878614,0.07051406732407778,0.16481464303184054,0.21146671499201153,0.7793881086111668,0.4357511265385222,1.1791745302377123,0.7790655281530765,1.784769730548421,2926.3425370334553,False,0.04072334677056124,0.0411214255595726,99,0.7926616185116565,False,False,0.7438594731644832,False,False,0.7420128011838156,False,False,2736.2533126955523,3.4966296694424273,-190.08922433790303,0.14746528716229923,1.2322763521789246,0.11966900679506629,low,3.9922702899335363,4.360540272306762,0.07984540579867072,0.08721080544613524,6.388828115878614,7.051406732407778,0.12777656231757228,0.14102813464815556,4.072334677056124,4.11214255595726,0.08144669354112248,0.0822428511191452,0.006314437515017045,1.006334415603577,1000.0
b045c28a-39f9-4cd9-8f3a-a626b697f409,Cathartic Pyre,0.2981441811948931,0.18708243770963687,1.5936513595019042,0.1110141442584518,1.3473560372790636,0.9337585399476509,1.9441517410851377,2737.860810753218,False,0.06782870668985466,0.07408643960100197,0.27651418003055256,0.1904184842037595,1.452139382302116,0.14646285348788532,1.3185256493191908,0.9078228223343526,1.9150321462972624,2735.781551176651,False,0.0625301597082031,0.06894875741422074,0.15902270916503777,0.18502998281129587,0.8594429224328373,0.39009619754398517,1.1723645697989222,0.8157592069030669,1.6848583171224083,2926.2108995031112,False,0.0393066299980135,0.03969758837458032,133,0.5725992703856988,False,False,0.6921486360963929,False,False,0.7185481569158184,False,False,2735.781551176651,2.079259576566983,-190.42934832646006,0.17499146748014138,1.279415418799059,0.13677454946134662,medium,6.782870668985466,7.408643960100197,0.13565741337970932,0.14817287920200395,6.25301597082031,6.894875741422074,0.1250603194164062,0.13789751482844148,3.93066299980135,3.9697588374580315,0.078613259996027,0.07939517674916063,0.0032977377280880224,1.003303181247271,1000.0
32a180dd-9641-4546-8940-9b21084f0c71,Lightning Bolt,0.05656264186425038,0.17110717615053755,0.3305684959378174,0.74097044613265,1.0581928999000796,0.7566856091336561,1.4798381254811868,2740.301923934445,False,0.01294313667297679,0.014137697578102348,-0.009093080533337477,0.17663415173218713,-0.05147974185153285,0.9589432441044942,0.9909481364989151,0.7009659140161439,1.4008929529889476,2737.896088191136,False,-0.0020659938989505584,-0.0022556975286464054,0.1587257605476911,0.17148276659261635,0.9256076496874378,0.3546499164866659,1.1720164894444418,0.8374611017997067,1.640222630732047,2926.0919612273096,False,0.039242813152051116,0.039593732364441414,161,0.9374126485600508,False,False,0.9942424259274446,False,False,0.6892008482968107,False,False,2737.896088191136,2.4058357433086712,-188.19587303617345,0.1810683529455267,1.0737191752811455,0.16863660174283027,medium,1.294313667297679,1.4137697578102348,0.02588627334595358,0.028275395156204697,-0.20659938989505583,-0.22556975286464054,-0.004131987797901117,-0.004511395057292811,3.9242813152051115,3.9593732364441414,0.07848562630410223,0.07918746472888283,0.002746582599121659,1.0027503579127208,1000.0
0e51d796-7279-4c06-87f0-37adbdaa41df,Underworld Breach,0.35026342082752765,0.20616081421500929,1.698981555545424,0.08932265893804872,1.419441409780475,0.9476104536621032,2.1262048218370757,2737.515961839982,False,0.07947087812232143,0.0868113489708221,0.4786039400822126,0.21481052518638816,2.2280283504122274,0.02587862452919032,1.6138198396142291,1.0592650416605547,2.458699543836254,2732.9186222910957,False,0.10704119553357554,0.11908295336142732,0.1564551361931037,0.2052455882759255,0.7622825781900388,0.4458913695565987,1.1693582992772746,0.7820581216581493,1.7484619035595834,2926.3691441369133,False,0.038665506115043206,0.039061164583739205,109,0.5336858032092203,False,False,0.4431684263420279,True,False,0.7420128011838156,False,False,2732.9186222910957,4.597339548886339,-193.45052184581755,0.4444615403369545,1.4008731828906598,0.3172746439615765,low,7.947087812232143,8.68113489708221,0.15894175624464285,0.1736226979416442,10.704119553357554,11.908295336142732,0.21408239106715107,0.23816590672285465,3.8665506115043207,3.9061164583739205,0.07733101223008641,0.07812232916747841,0.001517306514100876,1.001518458206046,1000.0
60d0e6a6-629a-45a7-bfcb-25ba7156788b,Elvish Mystic,0.2072502590150235,0.18617366774587152,1.113209303573058,0.26561854787847305,1.2302904245275186,0.8541485708563655,1.7720740633758347,2739.1701772115966,False,0.04727874216619703,0.05166114074438133,0.1499325356013109,0.2062248372081916,0.7270343263743176,0.46720492793948265,1.161755862923674,0.7754838317991343,1.7404317533045919,2737.3693452702455,False,0.03401945637105587,0.03737239048477403,0.1562003357218852,0.19642588983434836,0.7952125651746491,0.42648986386095,1.16906038418766,0.7954920632174507,1.7180588532200172,2926.3183684499704,False,0.03859358549116668,0.038977090347837307,136,0.6896918746929452,False,False,0.9084793269322101,False,False,0.7420128011838156,False,False,2737.3693452702455,1.8008319413511344,-188.94902317972492,0.06853456160384463,1.1870355572129507,0.057735896104710985,medium,4.7278742166197025,5.166114074438132,0.09455748433239405,0.10332228148876266,3.401945637105587,3.737239048477403,0.06803891274211174,0.07474478096954806,3.8593585491166684,3.8977090347837304,0.07718717098233337,0.07795418069567461,0.005751023456768603,1.0057675923396185,1000.0
377cee38-e769-47b0-abd5-0f528600f36a,Badlands,0.07368015202760894,0.1692322721263385,0.43537885003756155,0.6632874595906597,1.0764624460970886,0.7725835649717293,1.4998654519653543,2740.22164678804,False,0.01685467400164258,0.01841352111222977,0.09064876334155236,0.1714194486798008,0.5288125941349732,0.5969354602740334,1.094884374185178,0.7824436624170436,1.5320870375916233,2737.618860694127,False,0.02058880682095281,0.022553498104992575,0.15297707117101308,0.16599473994969974,0.9215778235947036,0.3567488303398848,1.165298259711903,0.8416654940662268,1.6133725852621699,2926.100775432391,False,0.0378067766302856,0.038192122317716626,164,0.9373483511095025,False,False,0.9197216625869148,False,False,0.6892008482968107,False,False,2737.618860694127,2.6027860939129823,-188.4819147382641,0.08883581361481441,1.1122150266647233,0.07987287663358816,medium,1.6854674001642578,1.841352111222977,0.03370934800328516,0.03682704222445954,2.058880682095281,2.2553498104992578,0.04117761364190562,0.04510699620998515,3.7806776630285603,3.8192122317716626,0.0756135532605712,0.07638424463543325,-0.0037338150611767036,0.9962731469586186,1000.0
fe964e7e-e2c5-4263-889d-0a531eb51442,Luminarch Aspirant,0.07884912745435492,0.1703406802782661,0.4628907629436968,0.6434426688404473,1.0820410594655678,0.7749020800832788,1.5109171654869495,2740.1967433826967,False,0.018042097538549167,0.01970427853152218,-0.08191484502595534,0.1796344204631088,-0.45600862470997333,0.6483837762266351,0.9213504129264161,0.6479133510193082,1.3101853543597992,2737.6909917124094,False,-0.018592692509272573,-0.020244912259793302,0.14843132011088392,0.17048525849677804,0.8706402032624369,0.38395063769407967,1.1600131254656856,0.8305062814158161,1.6202531893662353,2926.1911677430826,False,0.036713810120624024,0.03703809481782505,168,0.9363619097657295,False,False,0.9206718127548188,False,False,0.7185481569158184,False,False,2737.6909917124094,2.5057516702872817,-188.50017603067317,0.23866271253926952,1.0544681992858898,0.22633467059594345,low,1.8042097538549167,1.970427853152218,0.036084195077098334,0.03940855706304436,-1.8592692509272573,-2.02449122597933,-0.037185385018545146,-0.040489824519586604,3.6713810120624024,3.703809481782505,0.07342762024124805,0.0740761896356501,0.0012656059564154307,1.0012664071736066,1000.0
d67be074-cdd4-41d9-ac89-0a0456c4e4b2,"Sheoldred, the Apocalypse",0.027856179702279493,0.17600577231071932,0.15826855753970612,0.8742451832869633,1.0282477908832184,0.7282469043002068,1.4518338673505276,2740.386261166037,False,0.006373744381240346,0.0069636852478896505,0.1053104854506292,0.17972683522355334,0.5859474758994041,0.557910811848908,1.1110555233825476,0.7811765396601689,1.5802373898426094,2737.5551467607393,False,0.023914210472045262,0.026208631675259553,0.14780397078413296,0.17209968650392865,0.8588276584731543,0.39043560567109525,1.1592856202362205,0.8273632726874127,1.6243688759849453,2926.2128850288127,False,0.03653396328509784,0.03690010243406622,154,0.9763649910213379,False,False,0.9090895122587529,False,False,0.7185481569158184,False,False,2737.5551467607393,2.8311144052977397,-188.65773826807344,0.13103782935300212,1.0995296448339955,0.11917625865629654,medium,0.6373744381240346,0.696368524788965,0.012747488762480693,0.013927370495779301,2.3914210472045263,2.6208631675259553,0.047828420944090524,0.052417263350519105,3.6533963285097837,3.690010243406622,0.07306792657019567,0.07380020486813244,-0.002934112955267055,0.9970701873472642,1000.0
068bb15a-fc2d-42a2-859b-837b946d23c0,Underground Sea,-0.2909044123843078,0.19403821166850485,-1.4992119844996783,0.13381864694952364,0.7475871346745766,0.5110850280320407,1.093529438893886,2738.170059532147,False,-0.0660824875932882,-0.07230251690680217,-0.19778903741830753,0.19882533236020486,-0.9947879129404903,0.31983942613798766,0.8205429387366421,0.5557222339195149,1.211559792311778,2736.910667520492,False,-0.044790256777585837,-0.04863212824103763,0.14751460577273762,0.18912683689076257,0.7799771211630865,0.43540434200518463,1.1589502120695447,0.7999756457955542,1.6790081062034088,2926.3423684135687,False,0.036457599403783576,0.03682849441352448,127,0.582801342375758,False,False,0.809233209594387,False,False,0.7420128011838156,False,False,2736.910667520492,1.259392011655109,-189.4317008930766,0.41136307739496814,0.9090267618269211,0.4525313166448798,low,-6.608248759328821,-7.230251690680217,-0.1321649751865764,-0.14460503381360434,-4.4790256777585835,-4.863212824103763,-0.08958051355517167,-0.09726425648207526,3.645759940378358,3.682849441352448,0.07291519880756715,0.07365698882704896,-0.004170943083936772,0.9958377432182808,1000.0
1ac01fff-4de6-4783-9489-4127e25bc641,Prismatic Vista,0.13219579814939955,0.170939659422273,0.7733477333240479,0.43931661340408057,1.1413317680391262,0.8164040115775517,1.5955803575955088,2739.8123186877133,False,0.030220470310378708,0.033011153626572476,0.17547228092777012,0.17324477771120583,1.012857548989312,0.31112820764389204,1.191808952354962,0.8486677743018902,1.6736921348072311,2736.8707635638525,False,0.03979830806555825,0.04372902411839652,0.14405892365228373,0.16543191105607422,0.870804929548653,0.3838606732093539,1.1549521605194688,0.8351135110296283,1.5972852498146972,2926.1917953691554,False,0.03561545348657538,0.035964263913306815,164,0.8034993598998682,False,False,0.809233209594387,False,False,0.7185481569158184,False,False,2736.8707635638525,2.9415551238607804,-189.32103180530294,0.05047718431583581,1.1626976269711857,0.04341385339138286,medium,3.0220470310378706,3.3011153626572476,0.060440940620757416,0.06602230725314495,3.979830806555825,4.372902411839652,0.0795966161311165,0.08745804823679304,3.561545348657538,3.5964263913306818,0.07123090697315076,0.07192852782661363,0.0035067282728303735,1.0035128840378487,1000.0
43aa7e35-55ee-4e02-a8aa-ea2b267055d1,Woodfall Primus,-0.021730513169477914,0.196952970179367,-0.11033351337472963,0.9121448796755228,0.9785038934362787,0.665139600548305,1.4395021265921772,2740.3991437554296,False,-0.004971693558291309,-0.005432448858361472,0.04549726460368171,0.20353655746658303,0.22353362545768482,0.8231202157837566,1.0465481418860991,0.7022720685297993,1.5595992811990524,2737.848761415951,False,0.010336867709919853,0.011305918470563558,0.13662885195751753,0.19219153568674333,0.7108994236885204,0.47714656317451354,1.146402584476527,0.7865755064407519,1.6708362705589217,2926.445684305647,False,0.03377429566059503,0.034121601780426614,124,0.9877369967757043,False,False,0.9821303249067016,False,False,0.7686809685859148,False,False,2737.848761415951,2.5503823394788014,-188.5969228896961,0.16789869104024835,1.0571515399329685,0.15882178164437466,medium,-0.4971693558291309,-0.5432448858361472,-0.009943387116582618,-0.010864897716722943,1.0336867709919852,1.1305918470563558,0.020673735419839707,0.022611836941127117,3.3774295660595035,3.4121601780426616,0.06754859132119007,0.06824320356085323,-0.00312438433356354,0.996880491475879,1000.0
672b9b16-daef-44e6-9a3a-cfd9f3c78bc7,Pentad Prism,-0.03818888124126848,0.1964907955273024,-0.19435455558508405,0.8458982707605471,0.9625311196477904,0.6548750398026306,1.414722046162657,2740.3735560422483,False,-0.008736097463491556,-0.009546247553086473,0.09823524409556769,0.201602065759767,0.48727300350496777,0.6260648764569259,1.10322228111259,0.7431147499569656,1.6378350740767156,2737.6611497745607,False,0.02230839589348349,0.02444488040109244,0.1364429968518874,0.19562309013396673,0.6974789977934017,0.4855030784643156,1.146189539501456,0.7811576758625325,1.6817993358536139,2926.464438293935,False,0.03373102155910077,0.03407364802922319,117,0.9583587345032788,False,False,0.9197216625869148,False,False,0.776804925542905,False,False,2737.6611497745607,2.7124062676875837,-188.8032885193743,0.1836584198536657,1.0706476467539454,0.17153955403581417,medium,-0.8736097463491556,-0.9546247553086473,-0.01747219492698311,-0.019092495106172946,2.2308395893483493,2.4444880401092437,0.04461679178696698,0.04888976080218488,3.373102155910077,3.407364802922319,0.06746204311820155,0.06814729605844638,0.000692416990331791,1.0006926567663146,1000.0
2398892d-28e9-4009-81ec-0d544af79d2b,Ancestral Recall,0.10495722367228688,0.1612431200670585,0.6509252836873711,0.5150947192824933,1.1106630992508248,0.8097098610975036,1.5234747399092168,2739.9873884077333,False,0.023997405817019556,0.026221010008012025,0.189243195822612,0.1666966433589939,1.135254987798779,0.2562684960320708,1.2083347787232988,0.8715498415175773,1.6752604015508126,2736.6094090670017,False,0.042888656779435534,0.047170572130538935,0.13484282239744194,0.16102978856117303,0.8373781248940595,0.40238005774438124,1.1443569029405454,0.8346226577297537,1.569035670406761,2926.2498348428467,False,0.0333330562707139,0.03366972548737007,183,0.8343683056146173,False,False,0.8056368089558701,False,False,0.720241929843824,False,False,2736.6094090670017,3.3779793407315992,-189.64042577584496,0.0976716794724739,1.154451593638223,0.08460439572408944,medium,2.3997405817019555,2.6221010008012025,0.04799481163403911,0.05244202001602405,4.288865677943553,4.717057213053893,0.08577731355887107,0.09434114426107787,3.33330562707139,3.3669725487370075,0.0666661125414278,0.06733945097474014,-0.00010406569533726426,0.9998959397193093,1000.0
a1febcf1-afa4-4406-9ac1-5bf98b2765d2,Time Walk,-0.0216082235454854,0.17454208897394394,-0.12379950115476804,0.9014740267972161,0.9786235616264222,0.6950922433815631,1.3778086066839663,2740.395991816399,False,-0.004943612959678077,-0.0054018887240326885,0.10552916382000979,0.17969738247249614,0.5872604395679593,0.557028805987132,1.1112985137600937,0.7813924912001926,1.5804917510641785,2737.5536331309654,False,0.02396232977823212,0.026258761443844647,0.12704230719590315,0.17300557212641213,0.7343249447657996,0.4627507183689793,1.1354650551078447,0.8089253713735729,1.5938193274638348,2926.4116722126428,False,0.0314135355061603,0.03173033158219146,154,0.9872457930608786,False,False,0.9090895122587529,False,False,0.7558261733359996,False,False,2737.5536331309654,2.8423586854337373,-188.85803908167736,0.1568414934814225,1.0751290434981202,0.14588155201454822,medium,-0.49436129596780765,-0.5401888724032688,-0.009887225919356153,-0.010803777448065377,2.3962329778232117,2.6258761443844647,0.04792465955646424,0.052517522887689294,3.14135355061603,3.1730331582191464,0.0628270710123206,0.06346066316438292,0.0030825010635799482,1.0030872568553055,1000.0
6a058e68-70af-4a64-859c-c881e5578368,Chrome Mox,0.1458069632071053,0.1761701892470446,0.8276483315950761,0.40786968825706527,1.1569728281689362,0.8191511910439522,1.6341136285418691,2739.724876587279,False,0.03332747014374175,0.03640024972730077,0.085983539939646,0.1822992861480276,0.47166141873878265,0.6371684797367856,1.0897883901748224,0.7623701646176118,1.5578242571382952,2737.6760696581996,False,0.01953316883633669,0.021390527187255926,0.1266239926626911,0.17483359396179327,0.7242543597791765,0.46890959113183217,1.1349901729053269,0.8056951357593043,1.5988711305519228,2926.425910681359,False,0.031321636439391794,0.03162586562885561,152,0.7926616185116565,False,False,0.9197216625869148,False,False,0.7627077166957602,False,False,2737.6760696581996,2.0488069290795465,-188.7498410231592,0.06718443799411378,1.127250463749695,0.059600275320030406,medium,3.332747014374175,3.6400249727300773,0.0666549402874835,0.07280049945460154,1.9533168836336692,2.1390527187255923,0.03906633767267338,0.04278105437451185,3.1321636439391796,3.162586562885561,0.06264327287878359,0.06325173125771122,0.0016603990219317744,1.0016617782476371,1000.0
1e3e8085-cfcd-4e88-b441-4d1f8ac63904,Forth Eorlingas!,0.15727760472409433,0.16167744318104244,0.9727863184227792,0.3306595138811299,1.170320455297169,0.8524760330783488,1.6066726980476789,2739.4622769933444,False,0.035953446838297556,0.039257875307868006,0.04156546014869246,0.1683173840308141,0.2469469234448357,0.8049493009775277,1.0424413979869906,0.74950925554854,1.4498607724887465,2737.837707133587,False,0.009445878586403715,0.010331839480362648,0.12463203104944216,0.1627505344363278,0.7657856945360841,0.4438038275286833,1.1327315663251174,0.8233622506107022,1.5583430019990232,2926.363697507438,False,0.030838026701300283,0.031116268391731983,185,0.7492400545745833,False,False,0.9813912231725159,False,False,0.7420128011838156,False,False,2737.837707133587,1.62456985975723,-188.52599037385062,0.12787905731017846,1.1151644732030925,0.11467282215588415,medium,3.595344683829756,3.925787530786801,0.07190689367659511,0.07851575061573601,0.9445878586403715,1.0331839480362648,0.01889175717280743,0.020663678960725296,3.0838026701300283,3.1116268391731983,0.061676053402600566,0.062232536783463965,0.001691501989406148,1.0016929333858524,1000.0
01006833-6007-4c16-9ebb-20d31c60a57a,Taiga,-0.07694069064642063,0.1904833092775509,-0.4039235297739987,0.6862689529513338,0.9259447691636855,0.6374445559246047,1.3450169235471496,2740.2482396930322,False,-0.017594043903275795,-0.019227319268644516,-0.12552768932439143,0.19275548969567258,-0.6512275708597345,0.514899595165106,0.8820313412369727,0.6045152092900558,1.2869474166546677,2737.475144395601,False,-0.02848312388228575,-0.030968132061527986,0.12439535442433443,0.18654281584490542,0.6668461278495905,0.5048704249191092,1.1324635069637903,0.7856620313117743,1.6323476806731454,2926.506334696641,False,0.030758388950120827,0.031065628750279017,128,0.9373483511095025,False,False,0.9084793269322101,False,False,0.7894783769218493,False,False,2737.475144395601,2.773095297431155,-189.03119030103971,0.2504321657268176,0.9801465391214829,0.2555048206886319,low,-1.7594043903275796,-1.9227319268644516,-0.03518808780655159,-0.03845463853728903,-2.848312388228575,-3.096813206152799,-0.0569662477645715,-0.06193626412305597,3.0758388950120827,3.106562875027902,0.061516777900241654,0.062131257500558035,-0.0016810285412512118,0.9983203835958353,1000.0
09fd2d9c-1793-4beb-a3fb-7a869f660cd4,Bonecrusher Giant // Stomp,0.4926208270490555,0.18195649977588407,2.707354931842594,0.006782170457726568,1.6365998493311924,1.145665954393016,2.3379057888212738,2733.002429655069,False,0.11094131665961468,0.12118566174194861,0.32316261967232823,0.19196508558008193,1.6834447717187337,0.0922890222754495,1.3814899900892728,0.9482956596672173,2.012573371248592,2735.0426574998473,False,0.07298845706390125,0.08060600523889017,0.12350729374292707,0.18283745944453847,0.6755032262980635,0.49935610228850547,1.1314582570776426,0.7906861811650922,1.619097206963677,2926.4939638628125,False,0.030561906273133994,0.030841998401602344,149,0.17490745408630318,True,False,0.6289144618827857,False,False,0.7893048068431215,False,False,2733.002429655069,-2.040227844778201,-191.45130636296517,0.5051415922535498,1.3831826988327027,0.36520236457544586,low,11.094131665961468,12.11856617419486,0.22188263331922936,0.24237132348389723,7.298845706390125,8.060600523889017,0.1459769141278025,0.16121201047778033,3.0561906273133994,3.0841998401602346,0.06112381254626799,0.06168399680320469,0.003093098418906147,1.0030978869837153,1000.0
9721f8da-39ed-4ada-a571-61e08a86032b,Broadside Bombardiers,0.5030318374015588,0.17304429284270642,2.9069542204365213,0.003649666056338446,1.6537275107314713,1.1780552944978429,2.321465463058632,2731.8774556049375,False,0.11315507251885049,0.12371667245891488,0.3510621274013017,0.18427156358990635,1.9051345772622048,0.05676257975435695,1.4205755798398014,0.9899407984025872,2.038541073661758,2734.244282909809,False,0.07918390841152351,0.0875407597262906,0.12200437905430132,0.17722785159138282,0.6884040965276443,0.49119834484331515,1.1297590490457097,0.7982270405228247,1.5989880624247907,2926.47656352652,False,0.030188580505653505,0.030459301016043883,162,0.17490745408630318,True,False,0.5705366990694339,False,False,0.7815793596058257,False,False,2731.8774556049375,-2.366827304871549,-192.2322806167108,0.5239684616857616,1.4013540465389942,0.37390155826776045,low,11.315507251885048,12.371667245891487,0.22631014503770097,0.24743334491782976,7.918390841152351,8.75407597262906,0.15836781682304701,0.1750815194525812,3.0188580505653504,3.0459301016043883,0.06037716101130701,0.060918602032087765,0.0077621623683750375,1.007792366048739,1000.0
d2507bc2-da17-4e46-b4c5-ba0080ce2c6f,Rishadan Port,0.1755241714239021,0.21958453996588936,0.7993466728175322,0.42408942280971285,1.1918707975173684,0.7750238104734098,1.8329191681310615,2739.770502928962,False,0.04009089735288656,0.04378326281448047,0.0349881720273947,0.2251775434974909,0.15538037889548506,0.8765214516697977,1.0356074595905198,0.6660704633398407,1.6101641934125683,2737.8745826234817,False,0.00795000973666689,0.008694822165748295,0.1210877398017443,0.21485608816135848,0.5635760235511992,0.5730427080288427,1.128723942037757,0.7407958534989095,1.7197959887489154,2926.6330465358697,False,0.029950859438578226,0.03023543598235373,96,0.8001702702994067,False,False,0.9892481634296245,False,False,0.848910527469206,False,False,2737.8745826234817,1.8959203054801037,-188.75846391238792,0.15626333792684854,1.1187340663818819,0.1396787159903181,low,4.009089735288656,4.3783262814480475,0.08018179470577312,0.08756652562896095,0.795000973666689,0.8694822165748295,0.01590001947333378,0.01738964433149659,2.9950859438578226,3.0235435982353733,0.05990171887715645,0.06047087196470746,0.003993022277257885,1.0040010050122543,1000.0
62d37423-3445-412a-9abd-0480da404637,Phyrexian Fleshgorger,-0.1572920474252709,0.24002757755583998,-0.655308231774653,0.5122693219143234,0.8544544811439712,0.5337935637864026,1.3677430937311925,2739.982257706457,False,-0.03592175470388713,-0.03925087763236468,-0.04716197562637343,0.24923921803307109,-0.18922373452526076,0.8499174662265131,0.9539328712016236,0.5852765297730537,1.5547999560341668,2737.8629346250773,False,-0.01071437085190673,-0.01168455277108188,0.12043667448584658,0.24321774853535605,0.4951804513079725,0.6204727484425824,1.1279893082011285,0.7002834392753702,1.8169212750949182,2926.7061313753243,False,0.029779414631965262,0.030084585044268475,77,0.8339885983864307,False,False,0.986142926204009,False,False,0.8766905314821356,False,False,2737.8629346250773,2.1193230813796617,-188.843196750247,0.27353482705715737,0.9787922201822411,0.27946158685877986,low,-3.592175470388713,-3.925087763236468,-0.07184350940777426,-0.07850175526472936,-1.071437085190673,-1.168455277108188,-0.02142874170381346,-0.02336910554216376,2.977941463196526,3.0084585044268475,0.059558829263930524,0.06016917008853695,-0.002729780413769545,0.9972739420488452,1000.0
641b21e1-9188-4bc3-96e8-cda2acbc5ed5,Time Spiral,-0.01218540538273982,0.18436634155656675,-0.06609343809646041,0.9473034350704167,0.9878885360293431,0.6882910898381106,1.417893931835934,2740.406947653289,False,-0.0027880075756857433,-0.003046320557899107,0.12923367615754763,0.1923078035881732,0.6720147271522132,0.5015743207761127,1.1379560062863727,0.7806021898673614,1.6589037144044727,2737.4470416807217,False,0.029329472221112193,0.03216259097450458,0.11828234705180947,0.1865644091306948,0.6340027425539059,0.5260790322854388,1.1255618655811246,0.780840875199454,1.622468230709431,2926.5493066887925,False,0.029248965792196595,0.029550752926250867,137,0.9918416633418068,False,False,0.9084793269322101,False,False,0.8055585181870782,False,False,2737.4470416807217,2.9599059725674124,-189.10226500807084,0.1500674702570296,1.0838021359656134,0.13846389970741937,medium,-0.2788007575685743,-0.3046320557899107,-0.005576015151371487,-0.006092641115798214,2.932947222111219,3.216259097450458,0.05865894444222439,0.06432518194900916,2.9248965792196593,2.9550752926250867,0.05849793158439319,0.059101505852501734,0.0005983623982546255,1.0005985414527458,1000.0
c1e0f201-42cb-46a1-901a-65bb4fc18f6c,Urza's Saga,0.004613139275633061,0.18601736516326375,0.024799508753304833,0.9802148828970848,1.0046237961835864,0.69768965429685,1.4465872693432555,2740.4107007952325,False,0.001055519968704221,0.001153283142456052,0.0551064297901579,0.18814661789575285,0.29289088693951937,0.7696055547295226,1.0566530680554962,0.7307667589972939,1.5278687659015804,2737.8128883396757,False,0.012520354183080567,0.013701188975240697,0.11705377969090694,0.18095158983966741,0.6468789790386629,0.5177102716263015,1.1241798861116574,0.7885090963337122,1.6027467815072136,2926.532414887207,False,0.028953442299946612,0.02923408147553358,136,0.9939868066079038,False,False,0.9695332822545232,False,False,0.7989859310138195,False,False,2737.8128883396757,2.5978124555567774,-188.71952654753113,0.11955608992807099,1.06181891678358,0.11259555470176173,medium,0.1055519968704221,0.11532831424560519,0.002111039937408442,0.002306566284912104,1.2520354183080566,1.3701188975240697,0.025040708366161134,0.027402377950481394,2.8953442299946612,2.923408147553358,0.057906884599893224,0.05846816295106716,0.00588353965451837,1.005900881668078,1000.0
e6befbc4-1320-4f26-bd9f-b1814fedda10,Grief,0.07091671722313193,0.17760297134872888,0.39929915971892604,0.6896727861954735,1.0734918187657612,0.75791418919085,1.5204685456374805,2740.251809680858,False,0.016221726306230904,0.017723219047633965,0.1167424367188063,0.1816857157338855,0.6425515415300924,0.5205151351283204,1.1238299350849628,0.7871302312923402,1.6045549678856075,2737.485479797451,False,0.02650303216401708,0.029054827489099377,0.11568780522267859,0.1745700332448974,0.662701398815596,0.5075218137354746,1.122645333408048,0.797343692867509,1.5806640924070006,2926.5118654411517,False,0.028611244633867324,0.028900966703510556,149,0.9373483511095025,False,False,0.9084793269322101,False,False,0.7894783769218493,False,False,2737.485479797451,2.766329883407252,-189.0263856437009,0.0503381163192016,1.1066556957529239,0.045486700617352875,medium,1.6221726306230904,1.7723219047633965,0.03244345261246181,0.03544643809526793,2.650303216401708,2.9054827489099377,0.05300606432803416,0.058109654978198755,2.8611244633867323,2.8900966703510553,0.05722248926773465,0.05780193340702111,0.0016509645269760839,1.0016523281192216,1000.0
773199f9-c83b-4a77-8342-9f1552ecf595,Intrepid Adversary,0.41193962284341584,0.18954272132487984,2.1733339057496357,0.02975519538087187,1.509743279570487,1.0412645510995024,2.188996799902045,2735.651767186272,False,0.09321954098855388,0.1018026065562676,0.28998216212256206,0.19959017694841205,1.4528879454699495,0.14625486841872531,1.3364036492083535,0.9037390835005329,1.9762061265510724,2735.779007250148,False,0.0655630333501888,0.07235503080120537,0.11460139590634716,0.19176577277460977,0.5976113163898279,0.55009931161434,1.121426343339877,0.7700810432245786,1.633071031421163,2926.5934737192074,False,0.028356268064683655,0.028618613605941978,131,0.35187797530330484,True,False,0.6921486360963929,False,False,0.8325827419027849,False,False,2735.651767186272,-0.12724006387588815,-190.81446646905943,0.38831693623061003,1.3225244240395726,0.2936179696738749,low,9.321954098855388,10.18026065562676,0.18643908197710776,0.2036052131125352,6.55630333501888,7.2355030801205364,0.1311260667003776,0.14471006160241073,2.8356268064683654,2.861861360594198,0.05671253612936731,0.057237227211883956,0.006777155388112895,1.0068001722726456,1000.0
fd97b3cf-924e-4f77-bb82-0bf19592389f,Dreadhorde Arcanist,0.16819446800314147,0.2250362305575612,0.7474106173322149,0.45481573840697576,1.183166676337809,0.7611867549843915,1.8390800612721685,2739.850491295029,False,0.03842919499184244,0.04196197364426085,0.034291076512471354,0.23352474771806786,0.14684129561236325,0.8832572887764505,1.0348857938394214,0.6548052413480743,1.6355834355964551,2737.877153941561,False,0.007791947703335833,0.008521375195797876,0.11386239756322604,0.225501069248344,0.5049306326695486,0.6136075579291052,1.1205979172706644,0.7202767987351179,1.7434126635712304,2926.695668167297,False,0.028170614537400284,0.0284351732085264,90,0.8103989520706114,False,False,0.9892481634296245,False,False,0.8766905314821356,False,False,2737.877153941561,1.9733373534677412,-188.81851422573573,0.14828088249838767,1.1128834624826316,0.13324026054588067,low,3.8429194991842444,4.1961973644260855,0.07685838998368488,0.0839239472885217,0.7791947703335833,0.8521375195797876,0.015583895406671665,0.01704275039159575,2.8170614537400285,2.84351732085264,0.05634122907480057,0.0568703464170528,0.0029789235008236548,1.0029833649025393,1000.0
06c0c35d-a26e-473a-9206-8fbda7191700,Entomb,0.12404582393569107,0.19856330946541056,0.6247167428346054,0.5321569824435447,1.1320677456101895,0.7670998814066351,1.6706786322283107,2740.0209411879205,False,0.028350772502925833,0.030978024678078253,0.2989321506354827,0.21324273980143316,1.4018397574231205,0.1609631032334028,1.3484181310557988,0.8877868315439271,2.048049589784942,2735.931336170961,False,0.06748461742586519,0.07448650133691759,0.11244019575215328,0.20039683424972055,0.5610876847088221,0.5747377631668977,1.1190053336393377,0.7555286323999895,1.6573467675681208,2926.6364679713174,False,0.02780679368423357,0.028093785377925617,122,0.8411513593462481,False,False,0.7079606246305952,False,False,0.848910527469206,False,False,2735.931336170961,4.089605016959467,-190.7051318003564,0.22941279741646103,1.1998304034351088,0.19120435418176876,medium,2.835077250292583,3.097802467807825,0.056701545005851665,0.061956049356156506,6.748461742586518,7.448650133691759,0.13496923485173037,0.14897300267383518,2.780679368423357,2.8093785377925617,0.05561358736846714,0.056187570755851235,-0.000751161043046924,0.9992491210077831,1000.0
0d60eabe-b281-4eba-9c26-287364ed2067,Earthshaker Khenra,0.21607387502115688,0.21521457501757837,1.0039927593356923,0.3153821036421445,1.2411940688519314,0.814039252812965,1.8924919298789336,2739.3994580279314,False,0.0493045299799106,0.053837469214332245,0.04512212668446448,0.22643460499312473,0.199272221159988,0.8420498076940799,1.0461556156241372,0.6711989426776493,1.630577020481892,2737.859010021757,False,0.010252596962194627,0.011217319275253768,0.111931569025836,0.21468442580053063,0.5213772196490619,0.6021040175616771,1.1184363223392015,0.7342909747604836,1.7035478442802137,2926.679033660275,False,0.027691956805334726,0.027954336416109893,101,0.7465337651916274,False,False,0.9823914423097599,False,False,0.8645596149603568,False,False,2737.859010021757,1.5404480061743016,-188.8200236385178,0.19503845322779423,1.1352620022717568,0.17180038866579303,medium,4.930452997991059,5.383746921433224,0.0986090599598212,0.10767493842866449,1.0252596962194627,1.1217319275253768,0.020505193924389254,0.022434638550507535,2.7691956805334725,2.7954336416109893,0.05538391361066945,0.055908672832219786,0.0007880048457896098,1.0007883154031763,1000.0
400382a4-aea2-4827-b06a-1b0b3745908b,Noble Hierarch,0.027430057169570823,0.15934377286821502,0.17214389163646077,0.8633244072383194,1.0278097246718856,0.7521016903448814,1.4045877621225409,2740.381678302232,False,0.006276088978541749,0.006857189818062104,0.008905604379259231,0.171620836411934,0.05189116056912517,0.9586154176320772,1.0089453772534263,0.7207440231877438,1.4123887837164786,2737.8960451182993,False,0.0020235491392534164,0.0022107950804605148,0.10897967283783709,0.16430208649122238,0.6632884290465733,0.5071458458116875,1.115139682485902,0.8081137774610351,1.538813649931513,2926.511188210524,False,0.02695507642778925,0.027222335262968522,189,0.9696938900785708,False,False,0.9942424259274446,False,False,0.7894783769218493,False,False,2737.8960451182993,2.485633183932805,-188.61514309222457,0.10619430523247564,1.050631594803738,0.10107663405297948,medium,0.627608897854175,0.6857189818062104,0.012552177957083499,0.013714379636124208,0.20235491392534163,0.22107950804605148,0.004047098278506833,0.0044215901609210295,2.695507642778925,2.7222335262968524,0.0539101528555785,0.054444670525937044,0.003168869004148671,1.0031738951772238,1000.0
04fc99dc-bfbe-4567-b791-6b1db96471ec,Reanimate,-0.2284651835407604,0.1699268651832649,-1.3444912509529456,0.17878958371750564,0.7957540020589668,0.5703404365701661,1.1102569468874748,2738.6031241157434,False,-0.05205616723886134,-0.056922744581730356,-0.09040153963845192,0.17571714732792426,-0.5144719283983372,0.6069220817512908,0.9135642793420913,0.6473895051411612,1.2891770500787665,2737.6340314964345,False,-0.020528882502020514,-0.022368653919194015,0.10205308469252675,0.16965217315359052,0.6015430441915733,0.5474783512268534,1.1074422583993617,0.7941640915325168,1.5443009433000319,2926.5896423888157,False,0.025238150178408494,0.025499069773658234,163,0.6429863928189193,False,False,0.9197216625869148,False,False,0.831827572406692,False,False,2737.6340314964345,0.9690926193088671,-188.95561089238117,0.3116882563403949,0.9389201799334733,0.3319645940110472,low,-5.205616723886134,-5.692274458173036,-0.10411233447772268,-0.11384548916346071,-2.0528882502020513,-2.2368653919194017,-0.04105776500404103,-0.04473730783838803,2.523815017840849,2.5499069773658234,0.05047630035681699,0.05099813954731647,-0.00722650726666938,0.9927995411528358,1000.0
0a26d900-c652-4f9c-8681-a35c5f8b1937,Sacred Foundry,-0.07676373757074527,0.18392277568737372,-0.41736939475742746,0.6764082372846736,0.926108632436122,0.6458084230563987,1.3280675328042333,2740.237353176359,False,-0.017549296572759568,-0.019183262822691893,-0.2032480808836966,0.18880277209914934,-1.0765100460334416,0.2816992104392755,0.8160757635146227,0.5636614271577519,1.1815242620985429,2736.743410848676,False,-0.045995861690757124,-0.049850524206579316,0.10195391115278234,0.18233114192301825,0.5591689388740193,0.5760464293541041,1.1073324348764173,0.7745948759489867,1.583001849614726,2926.6382171110677,False,0.025228684845117158,0.025466664719271392,137,0.9373483511095025,False,False,0.809233209594387,False,False,0.848910527469206,False,False,2736.743410848676,3.4939423276832713,-189.89480626239174,0.29125667136179456,0.9498389436090541,0.3066379551201824,low,-1.7549296572759567,-1.9183262822691893,-0.035098593145519136,-0.03836652564538379,-4.599586169075712,-4.985052420657931,-0.09199172338151425,-0.09970104841315863,2.522868484511716,2.5466664719271392,0.050457369690234316,0.050933329438542785,-0.001322772058576509,0.9986781024187624,1000.0
53d4fd57-74b6-42c7-88b1-110e5a8dfc3c,Spell Pierce,-0.05269620485409825,0.1851797444247337,-0.28456786684634733,0.7759752323292295,0.9486681694946951,0.6599121862655348,1.3637743241345237,2740.330364683934,False,-0.012053279447111846,-0.013171557744216023,0.07393388468115883,0.19212401254800374,0.3848237588869109,0.7003679951415878,1.0767356144243803,0.7388730345394584,1.5690917507802675,2737.750626342786,False,0.016793975103214797,0.018383575746791836,0.10169329765694402,0.1869683372235133,0.5439065200402017,0.5865058020157301,1.1070438867009167,0.7673865382860868,1.5970389183775076,2926.6554059186055,False,0.025157232314775877,0.025408356173282354,135,0.9374126485600508,False,False,0.942563671193764,False,False,0.8514697847975473,False,False,2737.750626342786,2.579738341148186,-188.9047795758197,0.15837571720622157,1.0441492235399974,0.15167919837097382,medium,-1.2053279447111847,-1.3171557744216023,-0.024106558894223692,-0.026343115488432045,1.6793975103214798,1.8383575746791836,0.033587950206429594,0.03676715149358367,2.5157232314775877,2.540835617328235,0.050314464629551754,0.05081671234656471,0.00022351582444169973,1.0002235408059648,1000.0
4b4956a2-9a39-4152-9c98-70e4b2acfa26,Miscalculation,-0.007402804676838215,0.16028902369436465,-0.046184102355964866,0.9631635134357407,0.9926245285924975,0.7250103915064808,1.3590197689665395,2740.4091829769886,False,-0.001693743282212053,-0.0018506947698994636,0.07805256205993631,0.16590108645512913,0.4704764973377495,0.6380146218629693,1.0811794861975395,0.7810519864571467,1.496634157063899,2737.677355457943,False,0.017730373994772248,0.019414688626698207,0.10070344150262175,0.15779951226663042,0.638173338156238,0.5233608508298204,1.105948614666873,0.811733168911005,1.5068034486313735,2926.5439295883766,False,0.024914974413389742,0.025159778076468464,190,0.9939868066079038,False,False,0.9197216625869148,False,False,0.8045390334325083,False,False,2737.677355457943,2.7318275190455097,-188.8665741304335,0.11332408607437561,1.0599175431523034,0.10691783224696721,medium,-0.1693743282212053,-0.18506947698994636,-0.003387486564424106,-0.003701389539798927,1.7730373994772248,1.9414688626698207,0.035460747989544496,0.03882937725339641,2.491497441338974,2.5159778076468466,0.049829948826779484,0.05031955615293693,5.533338225353498e-05,1.0000553349131733,1000.0
a249b1f4-2b22-4b67-a207-e0c4ae95d2e1,Ketria Triome,-0.10078038971990282,0.19608331717606192,-0.5139671807439526,0.6072749364572994,0.9041315676717473,0.6156333575790657,1.327825858681782,2740.1472142756397,False,-0.023039948859217407,-0.025177246678226406,-0.0313171800561444,0.2001636446806991,-0.15645788277937056,0.875672115014752,0.9691681235203383,0.6546608762346889,1.4347685736931213,2737.874261890004,False,-0.007115308705834876,-0.007761771152208663,0.09572454029934593,0.1931676454981768,0.4955516233190792,0.6202107914121001,1.1004558909896085,0.7536071674052958,1.6069422112627625,2926.7057806639677,False,0.023679003755167696,0.023916088808427438,119,0.9155837503510053,False,False,0.9892481634296245,False,False,0.8766905314821356,False,False,2737.874261890004,2.2729523856355627,-188.83151877396358,0.1963243233178612,0.9912518607272314,0.19805695312776309,medium,-2.3039948859217407,-2.5177246678226406,-0.04607989771843481,-0.05035449335645281,-0.7115308705834875,-0.7761771152208663,-0.014230617411669751,-0.015523542304417326,2.36790037551677,2.391608880842744,0.04735800751033539,0.047832177616854876,0.001806243914707634,1.0018078761558413,1000.0
b598c93e-dae1-4d71-a9e4-917abf76d2d0,Raucous Theater,0.15697212707089964,0.22718580374827135,0.6909416190671378,0.4896022300721943,1.1699630031506003,0.7495276669268812,1.8262346930479667,2739.933766672235,False,0.035854348210866194,0.039172346840190275,0.2139913781474499,0.22900999040954131,0.9344194013753135,0.3500875936803134,1.2386119756175946,0.7906750513179055,1.9403162191423233,2737.025306600205,False,0.04846503801512036,0.05336115343308867,0.09560879167951217,0.22319588406854435,0.4283627006766412,0.6683870760811903,1.1003285221105665,0.7104511124257672,1.704160688039641,2926.7678282275656,False,0.02365217195471312,0.023887261844013685,86,0.8314108026455516,False,False,0.8417274981732837,False,False,0.9006490665408599,False,False,2737.025306600205,2.9084600720298113,-189.74252162736047,0.1382834535070281,1.1696345002929205,0.11822791946748895,low,3.5854348210866194,3.9172346840190277,0.07170869642173239,0.07834469368038055,4.846503801512036,5.336115343308867,0.09693007603024072,0.10672230686617734,2.365217195471312,2.3887261844013685,0.04730434390942624,0.04777452368802737,-0.002671779146384402,0.9973317868789348,1000.0
a9225cc3-90f0-448f-a8d9-7c6c2796d077,Sheoldred's Edict,0.06747081127737829,0.20419260061144415,0.3304273077248659,0.7410771105968674,1.0697990330749356,0.7169517851360536,1.5962997720284426,2740.302091042762,False,0.01543372081408486,0.01686226212040448,0.09040145253286597,0.20814756212539529,0.43431425095627596,0.664060256594284,1.0946136309254273,0.7279173487023896,1.6460371540033527,2737.7100659516946,False,0.02053050217353654,0.02249572066993194,0.09344569896686725,0.20195907854398776,0.4626962038080119,0.6435821397294287,1.0979509818499165,0.7390467528761887,1.6311503350142589,2926.73716665456,False,0.02311944287575402,0.023347609306897166,108,0.9374126485600508,False,False,0.9316031658051264,False,False,0.8914635999079011,False,False,2737.7100659516946,2.592025091067626,-189.02710070286548,0.02815194877498084,1.0874545486167597,0.025887931418182093,medium,1.543372081408486,1.686226212040448,0.03086744162816972,0.03372452424080896,2.053050217353654,2.249572066993194,0.04106100434707308,0.04499144133986388,2.3119442875754017,2.3347609306897166,0.04623888575150804,0.04669521861379433,0.0003031512074079061,1.0003031971623788,1000.0
df3784d4-80cd-4f78-afb3-d61f3bab5b2c,Zealous Conscripts,0.32465035525719527,0.17985515717932613,1.805065589159058,0.0710644190106878,1.3835468115315186,0.9725189159656459,1.9682925938755211,2737.1285292285274,False,0.07382988125251932,0.08059365793525941,0.0790796718500647,0.19506863131081564,0.40539409806009186,0.6851878485532918,1.0822905467255954,0.7384108916829154,1.5863157501129932,2737.7341219269,False,0.017969325834040845,0.0196809286386741,0.09308172397109479,0.1871094823562653,0.4974719762938727,0.6188562600204628,1.0975514278641803,0.7605960616544232,1.583783032200369,2926.703437122285,False,0.023042175690283224,0.023253684374006656,147,0.49084235711230334,False,False,0.942563671193764,False,False,0.8766905314821356,False,False,2737.1285292285274,-0.6055926983726749,-188.96931519538475,0.30125626480592316,1.1877962620404314,0.25362621051561174,low,7.3829881252519325,8.059365793525942,0.14765976250503865,0.16118731587051882,1.7969325834040846,1.96809286386741,0.03593865166808169,0.0393618572773482,2.3042175690283226,2.3253684374006656,0.04608435138056645,0.04650736874801331,0.0036443918429243482,1.003651040713453,1000.0
5cb76266-ae50-4bbc-8f96-d98f309b02d3,"Teferi, Time Raveler",-0.042551204000260155,0.21037199519248584,-0.20226648495360194,0.8397083995676407,0.9583413933516575,0.6345239066655939,1.4474131180296412,2740.3704258629236,False,-0.009733632269505391,-0.010636422392359679,0.0015110432340146589,0.22325147337925974,0.006768346076926882,0.9945996823949635,1.0015121854350748,0.6465777373642739,1.5512854829547693,2737.8986920936923,False,0.00034333884525381296,0.0003750039350067236,0.09091784729688893,0.21554508443042514,0.4218043178165629,0.6731678538262105,1.0951790296449702,0.7178098928465495,1.6709397835375126,2926.7733055093695,False,0.022496122469019334,0.022713105930919464,103,0.954103456900044,False,False,0.9982817332901902,False,False,0.9006490665408599,False,False,2737.8986920936923,2.4717337692313777,-188.87461341567723,0.1368376362933127,1.0183442028105674,0.13437267666045452,medium,-0.9733632269505391,-1.063642239235968,-0.019467264539010782,-0.021272844784719358,0.034333884525381296,0.03750039350067236,0.0006866776905076259,0.0007500078700134472,2.2496122469019335,2.2713105930919464,0.04499224493803867,0.04542621186183893,-0.0009258525520739382,0.9990745759171569,1000.0
486d7edc-d983-41f0-8b78-c99aecd72996,"Otawara, Soaring City",-0.203926103692332,0.20731986392363166,-0.9836303180646994,0.3252973125986748,0.8155226330721036,0.5432025344440289,1.2243631479620534,2739.4453196639015,False,-0.0465022325176824,-0.050831133088160174,-0.08692121571204615,0.21562021176318638,-0.40312183631240883,0.6868585973637595,0.916749318230381,0.600773774309213,1.3989114512234129,2737.7362433998906,False,-0.01973780277052044,-0.02149052497337295,0.09020241151511053,0.2083045747486619,0.43303135144270266,0.6649919935910211,1.0943957795956734,0.7275485440164524,1.6462160940971347,2926.7638456601703,False,0.022316389468783324,0.022537543328124632,106,0.7465337651916274,False,False,0.942563671193764,False,False,0.9006490665408599,False,False,2737.7362433998906,1.709076264010946,-189.02760226027976,0.27887314652356976,0.9422225769660527,0.2959737469054695,low,-4.6502232517682405,-5.083113308816017,-0.0930044650353648,-0.10166226617632035,-1.973780277052044,-2.149052497337295,-0.03947560554104088,-0.0429810499467459,2.2316389468783324,2.253754332812463,0.04463277893756665,0.045075086656249264,-0.001287403253623309,0.9987134250944346,1000.0
17f28b16-da65-41a8-ba4f-f1c5e104aad6,Council's Judgment,0.25040383439520497,0.18573097757462992,1.348207163205117,0.1775917613333975,1.2845440550302696,0.8925891506342388,1.8486147049189936,2738.5889755695493,False,0.05705715844591838,0.06233469051409657,0.14835014730429497,0.19336430789368747,0.767205431655249,0.4429593839744853,1.1599189677661854,0.7940221700342387,1.6944262547804658,2737.3093318499186,False,0.033664961716038035,0.036981750276763425,0.08716040824713868,0.1860956977856208,0.4683633704823528,0.6395247579001802,1.0910716825780564,0.7576095289236204,1.5713073437909821,2926.731784993116,False,0.021570539202295475,0.021776127003449774,137,0.6429863928189193,False,False,0.8950519511237023,False,False,0.8914635999079011,False,False,2737.3093318499186,1.2796437196307124,-189.42245314319734,0.19347237245221316,1.1785115684581706,0.16416671471908437,medium,5.705715844591838,6.2334690514096565,0.11411431689183676,0.12466938102819314,3.3664961716038033,3.6981750276763425,0.06732992343207607,0.07396350055352685,2.1570539202295476,2.1776127003449774,0.04314107840459095,0.04355225400689955,0.007506884397334013,1.0075351316928325,1000.0
3ee3945e-5089-4751-b7b3-5961c39d2a33,Nethergoyf,-0.19604595381586218,0.19995168691446524,-0.9804666159167047,0.3268558408455029,0.8219744609472479,0.5554641212660903,1.2163558159427155,2739.4511573493523,False,-0.04471325114068272,-0.04887955527162113,-0.1604162275978542,0.20209587556184527,-0.7937629956666964,0.42733341885618337,0.8517891770086647,0.5731979590270447,1.2657839942428435,2737.2692190741354,False,-0.03637354221564742,-0.03951606974116112,0.08588567024722366,0.19317962719701762,0.4445896883299793,0.656616300749988,1.0896817381393566,0.7462113566058128,1.5912466085150434,2926.7536390178975,False,0.0212503493881762,0.021460793723216076,117,0.7465337651916274,False,False,0.8816563167980205,False,False,0.8999775870419416,False,False,2737.2692190741354,2.1819382752169076,-189.48441994376208,0.26770727719210874,0.9211484586984232,0.29062337852725434,low,-4.4713251140682715,-4.887955527162113,-0.08942650228136544,-0.09775911054324227,-3.637354221564742,-3.951606974116112,-0.07274708443129484,-0.07903213948232224,2.12503493881762,2.1460793723216076,0.0425006987763524,0.04292158744643215,-0.0033546613632628106,0.9966509592263534,1000.0
928036c9-11b8-493e-b9f2-8fbd3487cd19,"Minsc & Boo, Timeless Heroes",0.17622648579949374,0.17813176092644223,0.9893041245590377,0.32251436666829847,1.1927081595235811,0.8412118353780015,1.6910755340893409,2739.4299622676626,False,0.04025444262251087,0.04396530465377407,0.03742806583114291,0.18295927928504496,0.20457047042053073,0.8379077286421241,1.03813731685078,0.725298400748065,1.4859112987517666,2737.856864440736,False,0.008504833261316475,0.009300969107268742,0.08498796066145889,0.17781661712530214,0.47795285972384893,0.6326837573471575,1.0887039593439594,0.7683325675476868,1.5426605107659308,2926.722672017987,False,0.02103491009956008,0.021236416440697847,147,0.7465337651916274,False,False,0.9821303249067016,False,False,0.8889320174913468,False,False,2737.856864440736,1.5730978269266416,-188.86580757725096,0.1545708426728012,1.1065164785727735,0.1396914060169917,medium,4.025444262251087,4.396530465377407,0.08050888524502174,0.08793060930754815,0.8504833261316476,0.9300969107268742,0.01700966652263295,0.018601938214537483,2.103491009956008,2.1236416440697847,0.04206982019912016,0.042472832881395695,0.0009410766819077518,1.0009415196335079,1000.0
10158a5e-5a03-41ab-85d2-0907ccf32c9b,Dack Fayden,-0.052769491995620026,0.197222886944771,-0.26756271958637967,0.7890359303792678,0.9485986468638887,0.644470422121741,1.3962462231696031,2740.3397655278914,False,-0.012069888090864525,-0.013189803344407613,-0.01089696913737957,0.2014710181528671,-0.054087030667167434,0.9568658251509633,0.9891621877588697,0.666456662010858,1.468125220235209,2737.8958126849056,False,-0.002475931795607041,-0.0027031122057247225,0.08341355346590855,0.19583432969919393,0.42593938250782537,0.6701520169474615,1.0869912446055319,0.7405058592514769,1.5955984022103828,2926.769854068074,False,0.020641100868261365,0.02084409647839669,117,0.9374126485600508,False,False,0.9942424259274446,False,False,0.9006490665408599,False,False,2737.8958126849056,2.443952842985709,-188.87404138316833,0.13839259774164314,1.0082506930760966,0.13726010672942637,medium,-1.2069888090864525,-1.3189803344407613,-0.02413977618172905,-0.026379606688815227,-0.2475931795607041,-0.27031122057247225,-0.004951863591214082,-0.005406224411449445,2.0641100868261364,2.084409647839669,0.04128220173652273,0.04168819295679338,-0.002055860114130526,0.997946251718815,1000.0
e9be371c-c688-44ad-ab71-bd4c9f242d58,Force of Negation,0.06575165956108814,0.20547558542130978,0.31999743145284193,0.7489702776697218,1.0679614662118273,0.7139227699245129,1.5975701313377524,2740.308912830422,False,0.015039446601525026,0.016432868387153632,0.21954706717884143,0.21202327848577504,1.0354856728317743,0.30044215396248686,1.245512469334283,0.8219969793796925,1.8872348076483794,2736.8267786595084,False,0.04970634161882172,0.05473406643930534,0.07772338205439437,0.20221626013625268,0.38435772673287794,0.7007133278248598,1.0808236420998754,0.7271514597883625,1.6065150246167952,2926.803678610486,False,0.019231017526649963,0.019423546820085014,110,0.9374126485600508,False,False,0.809233209594387,False,False,0.9217437064004868,False,False,2736.8267786595084,3.4821341709134686,-189.97689995097744,0.17755100312245564,1.131432525881995,0.15692584317747788,medium,1.5039446601525026,1.6432868387153632,0.03007889320305005,0.032865736774307264,4.970634161882172,5.473406643930534,0.09941268323764343,0.10946813287861068,1.9231017526649963,1.9423546820085014,0.038462035053299926,0.03884709364017003,-0.0007441690966319984,0.9992561077285177,1000.0
22c26e44-e129-4c4d-b552-3cc8774ce1a4,Mox Poison,0.057985596513577375,0.2400173227146125,0.2415892147189889,0.8090984799846286,1.0596997322296589,0.662027385545625,1.6962493501112414,2740.3529419303973,False,0.01326443301344836,0.014492777531769085,0.12777663664917627,0.2424213769887769,0.5270848562793693,0.5981346625723689,1.1362991667598672,0.7065443799149056,1.8274517964953234,2737.620916811986,False,0.028999717383530414,0.03183135427913508,0.07568798915401945,0.23625465410589702,0.3203661296767243,0.748690798169915,1.0786259786451957,0.6788391086466913,1.7138582426809281,2926.848748268557,False,0.01872893923113607,0.01891348072121668,77,0.9374126485600508,False,False,0.9197216625869148,False,False,0.9378749560790787,False,False,2737.620916811986,2.732025118411457,-189.22783145657104,0.07659943453020834,1.0915416258782404,0.07017545892359113,low,1.326443301344836,1.4492777531769085,0.02652886602689672,0.02898555506353817,2.8999717383530412,3.1831354279135082,0.05799943476706083,0.06366270855827016,1.8728939231136068,1.891348072121668,0.03745787846227214,0.03782696144243336,-0.002023422152178602,0.9979786235863941,1000.0
89f5cc05-5d9d-4709-b3c5-a6249c294acc,Hexdrinker,0.07809811630952448,0.1599088232570497,0.4883915391209126,0.6252725337030955,1.0812287396395466,0.7903153963769833,1.4792266388606188,2740.1727592517527,False,0.017860929201246493,0.019517027377395524,0.012542577352077937,0.17142589814145653,0.07316617551992118,0.9416738822459546,1.012621565367702,0.723646559698898,1.4169934492252605,2737.893384350483,False,0.0028498939715085685,0.0031141349157099985,0.07534961090207164,0.16646706254412172,0.45263975798275646,0.6508081650032536,1.0782610568163233,0.7780800783077293,1.4942509634423897,2926.746336260523,False,0.018645080275109152,0.018829920922967647,184,0.9249314460815603,False,False,0.9942424259274446,False,False,0.8973307422642927,False,False,2737.893384350483,2.2793749012698754,-188.85295191004025,0.0686071742718446,1.0573704539411908,0.06488470905927206,medium,1.7860929201246494,1.9517027377395524,0.035721858402492986,0.03903405475479105,0.28498939715085686,0.31141349157099985,0.005699787943017137,0.006228269831419997,1.8645080275109152,1.8829920922967647,0.037290160550218304,0.037659841845935293,0.00461509734205259,1.004625763305632,1000.0
05cf51d8-9f91-42ff-99e9-4397f2251c20,Dark Confidant,0.08692117945373826,0.19115767852664614,0.45470932752315263,0.6493183695297875,1.0908106980346735,0.7499506531184505,1.5865950299518685,2740.2043970800523,False,0.019880334017473973,0.02171895446459904,0.1259169673422302,0.20313970703175094,0.6198540363285513,0.5353538890850524,1.1341879897299334,0.7616738308471036,1.6888887919609417,2737.5140926517365,False,0.028584372718251712,0.031375341985757865,0.07522130954114443,0.19493287877492588,0.3858831307159668,0.6995832246040596,1.0781227233296762,0.735763066308251,1.579786564161168,2926.8023713848293,False,0.01861643911629112,0.018796435275589496,128,0.9363619097657295,False,False,0.9084793269322101,False,False,0.9217437064004868,False,False,2737.5140926517365,2.6903044283158124,-189.28827873309274,0.05606526640025722,1.101040470364761,0.050920259435771234,medium,1.9880334017473973,2.171895446459904,0.039760668034947946,0.04343790892919808,2.858437271825171,3.1375341985757865,0.057168745436503424,0.06275068397151573,1.8616439116291121,1.8796435275589496,0.03723287823258224,0.03759287055117899,0.003083985134975816,1.0030887455095157,1000.0
1453f92e-df2d-4789-aa1b-a5b5c51567d4,Preordain,-0.10041637828602352,0.16594834390900126,-0.6051062392107235,0.5451084089030058,0.9044607418080509,0.6533285529617938,1.2521253353514594,2740.0451356169906,False,-0.02295621558666933,-0.025087792955000632,0.0348110676138038,0.17168383274348079,0.20276264257110518,0.8393205582748597,1.035424065179138,0.7395678539149132,1.4496343899709796,2737.857624730203,False,0.007908934523096064,0.008646608503288078,0.07411373525630284,0.16453776225864636,0.4504360229465088,0.652396075370723,1.076929283359125,0.780063245375677,1.4867726280294782,2926.7484940187073,False,0.01833884236642338,0.018523575485518085,173,0.8479464138491201,False,False,0.9821303249067016,False,False,0.8973307422642927,False,False,2737.857624730203,2.1875108867875497,-188.8908692885043,0.17246854155107416,1.0056046967821046,0.1715072951657512,medium,-2.295621558666933,-2.508779295500063,-0.04591243117333866,-0.050175585910001264,0.7908934523096064,0.8646608503288078,0.01581786904619213,0.017293217006576156,1.8338842366423378,1.8523575485518085,0.03667768473284676,0.03704715097103617,0.00010563659924118519,1.0001056421789831,1000.0
7832abb5-5107-4603-904e-491b221bd3e3,Smuggler's Copter,0.05455019092487366,0.189376221421799,0.2880519556009814,0.7733069684351486,1.0560654799867322,0.7286023252182757,1.5307037315390009,2740.328278646438,False,0.012480850438322285,0.013634755077935934,0.0010392469039574063,0.19475909721830026,0.005336063469181839,0.9957424575470598,1.00103978710814,0.6833906755196307,1.4663364474669733,2737.898709431082,False,0.00023613749904868872,0.0002579091735130379,0.07292522769252391,0.18529878638104552,0.39355480473877263,0.6939097542942256,1.0756501050673108,0.7480687498894774,1.5466802332035121,2926.7963539468906,False,0.018049753068812575,0.018224725896014482,130,0.9374126485600508,False,False,0.9982817332901902,False,False,0.9217437064004868,False,False,2737.898709431082,2.4295692153559685,-188.89764451580868,0.07461031795917084,1.0442517907207278,0.0714485899111323,medium,1.2480850438322284,1.3634755077935934,0.02496170087664457,0.027269510155871868,0.02361374990486887,0.025790917351303788,0.00047227499809737744,0.0005158183470260758,1.8049753068812575,1.8224725896014482,0.03609950613762515,0.036449451792028964,0.0035871912736445597,1.0035936329444601,1000.0
ff84ea71-e477-44f7-a3f8-77fef708efeb,Thieving Skydiver,-0.2972400011992708,0.19153588405561056,-1.5518763111405802,0.12069182205364994,0.7428657023060316,0.5103541747741644,1.0813068236520864,2738.0066863053316,False,-0.06752535842688676,-0.07386044130004543,-0.23581633867997595,0.20614207395646075,-1.1439505490266033,0.2526441457298524,0.7899257394149579,0.5273689905449563,1.1831994011355806,2736.590194961032,False,-0.053349064275788616,-0.05773078675605747,0.07263747665889084,0.19776940173595295,0.36728369515862225,0.7134074149037455,1.0753406301657469,0.7297957702638455,1.5844946189085256,2926.8164702058316,False,0.01797506828469057,0.018152199704525696,128,0.5820967239091184,False,False,0.8056368089558701,False,False,0.9260122736498948,False,False,2736.590194961032,1.4164913442996294,-190.22627524479958,0.33247492785971533,0.8693773572955789,0.38242878661340324,low,-6.752535842688675,-7.386044130004543,-0.1350507168537735,-0.14772088260009086,-5.334906427578861,-5.773078675605747,-0.10669812855157723,-0.11546157351211495,1.797506828469057,1.8152199704525696,0.03595013656938114,0.03630439940905139,-0.0037717346089589277,0.996235369447676,1000.0
b83cfbaa-7890-4f6f-878b-4edb45677371,Skyclave Apparition,0.0013293888216287081,0.17639359088430562,0.0075364916319473185,0.9939868066079038,1.0013302728506444,0.7086439609512593,1.4149027869809352,2740.411259041599,False,0.0003041721515943764,0.0003323471663184696,-0.1196548477411136,0.18275672533770757,-0.6547219946079086,0.512646761557028,0.8872266121448736,0.6201102281522111,1.269405059877278,2737.470889033456,False,-0.02714048660223648,-0.02950559999950436,0.06855365547167017,0.17548910021378164,0.39064338120235265,0.6960608549594556,1.0709580861706636,0.7592645732670704,1.5106081104233107,2926.7986035063145,False,0.01697103064499064,0.017132153590147137,151,0.9939868066079038,False,False,0.9084793269322101,False,False,0.9217437064004868,False,False,2737.470889033456,2.9403700081429633,-189.3277144728586,0.18373147402578993,0.9865049903887272,0.1862448500675009,medium,0.030417215159437638,0.03323471663184696,0.0006083443031887528,0.0006646943326369392,-2.714048660223648,-2.9505599999504364,-0.05428097320447296,-0.05901119999900872,1.697103064499064,1.7132153590147137,0.03394206128998128,0.03426430718029427,0.0021203481569566003,1.0021225976847563,1000.0
62b3f560-262b-4bc3-9aef-535fd7082c28,Vaultborn Tyrant,-0.02132267847431154,0.2306023967478178,-0.09246512080977891,0.926328502030116,0.9789030426612962,0.6229410570794796,1.5382694013203928,2740.4027657707375,False,-0.004878574491691717,-0.00533049130453378,0.04298512269475443,0.23655251218064022,0.1817149278969796,0.8558064502516334,1.0439223639834225,0.6566147557638277,1.659685367193772,2737.865721132128,False,0.009765503976350542,0.010682721918221394,0.06725142639541419,0.22620129057890284,0.2973078810616058,0.7662314653181482,1.069564361083024,0.6865315458356124,1.666300593815476,2926.863016938498,False,0.016642479651850627,0.01680771965844574,88,0.9888159179696718,False,False,0.9892481634296245,False,False,0.9378749560790787,False,False,2737.865721132128,2.5370446386095864,-188.99729580636995,0.09066131842172787,1.030796589242581,0.08795267598658324,low,-0.4878574491691717,-0.533049130453378,-0.009757148983383434,-0.01066098260906756,0.9765503976350542,1.0682721918221394,0.019531007952701084,0.021365443836442788,1.6642479651850628,1.6807719658445741,0.033284959303701254,0.03361543931689148,0.00020381041960849193,1.0002038311903632,1000.0
24e58478-c6a8-4f86-854a-a489c99bd777,Usher of the Fallen,0.5686351953713632,0.22152956180949696,2.5668592070811647,0.01026242715302289,1.7658553584964676,1.1438928823048724,2.72599401164873,2733.7871140456273,False,0.12726558946415562,0.1389204727626981,0.4118158098156954,0.23019442455986114,1.7889912433939263,0.07361622580132558,1.5095563652554154,0.9613994819984389,2.3702534300791736,2734.6843435232986,False,0.09253023185669729,0.10256478408935754,0.06661686991673775,0.2216342922638337,0.3005711311020271,0.7637415480785084,1.0688858773792191,0.6922650732230015,1.6504039609300067,2926.86094479005,False,0.016489660679708664,0.016648315859372487,94,0.17490745408630318,True,False,0.6139906492365879,False,False,0.9378749560790787,False,False,2733.7871140456273,-0.897229477671317,-192.17660126675128,0.6969694811172484,1.448099200377034,0.4812995414511534,low,12.726558946415562,13.892047276269809,0.25453117892831123,0.2778409455253962,9.25302318566973,10.256478408935754,0.18506046371339457,0.20512956817871508,1.6489660679708664,1.6648315859372487,0.03297932135941733,0.03329663171874497,0.000538610127933419,1.0005387552044138,1000.0
ee8e9928-d9b2-4570-adb8-44b34115decd,Tireless Tracker,0.06940034137891878,0.18238336302719876,0.38051903543729,0.7035601691297753,1.0718652352704647,0.7497083234545565,1.5324560854379374,2740.2665170326445,False,0.015873293007525616,0.01734442808441472,0.030182133016480612,0.1861944352055914,0.162100080935041,0.8712270424625583,1.030642230838513,0.715510532236911,1.484567116946472,2737.8724601454023,False,0.006857451440367308,0.007498081783432142,0.05916148507161167,0.18061152827003074,0.3275620644943541,0.7432428088632514,1.0609465539377636,0.744652873842682,1.5115869821382248,2926.8440907061713,False,0.014641998174101471,0.014786829072937102,139,0.9374126485600508,False,False,0.9892481634296245,False,False,0.9378749560790787,False,False,2737.8724601454023,2.3940568872421863,-188.97163056076897,0.041223004431951704,1.0544846733489137,0.039093033283293256,medium,1.5873293007525615,1.734442808441472,0.03174658601505123,0.03468885616882944,0.6857451440367308,0.7498081783432142,0.013714902880734616,0.014996163566864285,1.4641998174101472,1.4786829072937102,0.029283996348202942,0.029573658145874204,0.0003348969626662506,1.0003349530469148,1000.0
5eccf31d-869d-4003-a92b-71b4f4b479ee,Strix Serenade,-0.23068767670170792,0.20363094529910014,-1.1328714128536108,0.2572682565431631,0.7939874080802827,0.5326960237136396,1.1834441710211392,2739.1289725664146,False,-0.052561458887976975,-0.05745584308220475,-0.16852156050513073,0.20972786193539436,-0.8035249057993209,0.42167140733855146,0.8449130464704804,0.5601289970535613,1.27448866216752,2737.2528400396413,False,-0.03820939926611842,-0.041455158074092835,0.05692144845745398,0.2002285412563803,0.2842823910132251,0.7761939796320517,1.0585726546146184,0.7149615654094572,1.5673235028460422,2926.870567884489,False,0.014088401643469955,0.014226679289266297,112,0.6896918746929452,False,False,0.8745777337392179,False,False,0.9378749560790787,False,False,2737.2528400396413,1.87613252677329,-189.61772784484765,0.2645852465343357,0.8991577030551271,0.2942589999900318,low,-5.256145888797698,-5.745584308220475,-0.10512291777595395,-0.1149116861644095,-3.8209399266118416,-4.145515807409284,-0.07641879853223683,-0.08291031614818567,1.4088401643469954,1.4226679289266297,0.02817680328693991,0.028453358578532595,-0.006324931721936564,0.9936950285540747,1000.0
6f11029a-b24d-4248-834f-b852b56857f6,Biogenic Ooze,0.19912289066516653,0.2272155749639848,0.876361097590818,0.380833759957513,1.220331924087328,0.7817505053076835,1.9049683944374978,2739.645181679728,False,0.0454139468099745,0.04963667462436533,0.12407158178086063,0.24295884229832357,0.5106691347685794,0.6095827568591621,1.13209690561145,0.7031902842953995,1.8226125023602027,2737.6380349677333,False,0.02815425302214955,0.03091426224523869,0.05608494788872662,0.23591575339014234,0.23773294950751733,0.8120882261805142,1.0576875282429634,0.6661036907418015,1.6794726150741999,2926.894883591967,False,0.013879838429545122,0.014017543937442145,87,0.7882371007995962,False,False,0.9197216625869148,False,False,0.9412929855398777,False,False,2737.6380349677333,2.0071467119946647,-189.2568486242335,0.16264439584436463,1.136705452647247,0.14308402890615668,low,4.54139468099745,4.963667462436533,0.090827893619949,0.09927334924873066,2.815425302214955,3.091426224523869,0.0563085060442991,0.06182852449047738,1.3879838429545122,1.4017543937442145,0.027759676859090244,0.02803508787488429,0.0038890822208811483,1.0038966545143833,1000.0
2b9b0195-beda-403e-bc27-7ae3be9f318c,Temple Garden,0.062403196104162575,0.20380186838408426,0.3061954073284438,0.7594558690084757,1.0643914166946635,0.7138742404862812,1.5870149442029697,2740.3175320090468,False,0.014274903696795255,0.015596497040287705,0.0004558391984026238,0.21167073505597694,0.0021535296236490876,0.9982817332901902,1.0004559431088782,0.6607241810284857,1.5148712925018903,2737.898733267185,False,0.00010357540873504067,0.00011312301948840364,0.055896322217329805,0.20573317505243685,0.2716932852617623,0.7858578647364373,1.0574880400377102,0.7065645600738695,1.5827017345815995,2926.877550169561,False,0.01383522561987553,0.013970408121437572,109,0.9374126485600508,False,False,0.9982817332901902,False,False,0.9378749560790787,False,False,2737.898733267185,2.4187987418617922,-188.9788169023759,0.06393547358578533,1.0407784666137507,0.06143043465705444,medium,1.4274903696795256,1.5596497040287705,0.02854980739359051,0.03119299408057541,0.010357540873504066,0.011312301948840364,0.00020715081747008134,0.00022624603897680728,1.383522561987553,1.3970408121437572,0.02767045123975106,0.027940816242875144,0.0019312375474686283,1.0019331035877634,1000.0
995486ce-58bb-4753-a812-0ca73ef1a235,Gitaxian Probe,-0.0055827386150881396,0.17294702240590565,-0.03228005048844082,0.974248718317356,0.9944328159110548,0.7085328165817256,1.3956962927019567,2740.4102738587644,False,-0.0012773428900190687,-0.0013956817836172641,0.08951942148611326,0.17667065600632154,0.5067022645962787,0.6123637413680345,1.093648573386674,0.7735576624612871,1.5461901033532388,2737.6418896440355,False,0.02032912894859702,0.022272224781650085,0.053982877351561084,0.16813913235627773,0.32106075840319126,0.7481643475335813,1.05546652961803,0.7591394255599188,1.4674637591405126,2926.84829729374,False,0.013361604152095866,0.013493400865072835,159,0.9939868066079038,False,False,0.9197216625869148,False,False,0.9378749560790787,False,False,2737.6418896440355,2.7683842147289397,-189.2064076497045,0.09921575747561928,1.047849306305253,0.09468513924531469,medium,-0.12773428900190686,-0.1395681783617264,-0.0025546857800381375,-0.0027913635672345283,2.032912894859702,2.2272224781650083,0.04065825789719404,0.04454444956330017,1.3361604152095867,1.3493400865072835,0.026723208304191733,0.02698680173014567,-0.003762435410902594,0.9962446336807621,1000.0
a8069994-b103-40dc-9e14-062004914ec8,Cathar Commando,0.23201377778269067,0.1830497213783309,1.2674904721824725,0.20497996829611975,1.2611371043815982,0.88094183559291,1.8054163530303367,2738.7997782900648,False,0.05290926413788158,0.05779283530870438,0.11887375130739924,0.19067928908703577,0.6234224591278982,0.5330069429370521,1.1262277245348609,0.7750268110660921,1.6365742054345598,2737.50975184452,False,0.026991567589197313,0.029615645607594943,0.053243673870403616,0.1805007950755749,0.29497750327421396,0.7680110652627248,1.054686613379004,0.7404198532074437,1.50234201260568,2926.864317784327,False,0.013181115488898339,0.013307783016205887,142,0.648670173697577,False,False,0.9084793269322101,False,False,0.9378749560790787,False,False,2737.50975184452,1.290026445544754,-189.3545659398069,0.20645049100259416,1.1473504807651542,0.1799367276727115,medium,5.290926413788158,5.779283530870439,0.10581852827576316,0.11558567061740876,2.6991567589197314,2.961564560759494,0.05398313517839463,0.059231291215189885,1.3181115488898338,1.3307783016205887,0.026362230977796677,0.026615566032411775,0.006407168166523855,1.006427737976425,1000.0
16c8d2fa-54a7-46e8-980c-905258497c90,Arid Mesa,0.025942688063801272,0.1626759340921099,0.159474652526735,0.8732949270882774,1.0262821285720425,0.7460951479394109,1.4116899303463841,2740.3858768315017,False,0.00593617306797496,0.006485394094535635,-0.04165896076768611,0.16464199667285317,-0.2530275483141963,0.8002469252297235,0.9591968485546767,0.6946429723592973,1.3245057258008681,2737.83475158152,False,-0.009462658186030346,-0.01032032724457782,0.052868298552325534,0.1579946839241791,0.3346207431744778,0.7379111953342936,1.0542907843529055,0.7735219112680061,1.4369716510672284,2926.8393507998703,False,0.013088383109449948,0.013214636296385252,183,0.9763649910213379,False,False,0.9813912231725159,False,False,0.9378749560790787,False,False,2737.83475158152,2.551125249981851,-189.00459921835045,0.09509393579822878,1.0132565871598749,0.09384980764326831,medium,0.593617306797496,0.6485394094535635,0.01187234613594992,0.01297078818907127,-0.9462658186030346,-1.032032724457782,-0.018925316372060692,-0.02064065448915564,1.3088383109449948,1.3214636296385252,0.026176766218899895,0.026429272592770503,0.004847757032183538,1.0048595264169922,1000.0
3a9d1082-a862-45d4-9e5e-392e879fead6,Zuran Orb,0.03687073982196782,0.24612619010626235,0.14980421143336786,0.8809190866123252,1.0375588971221552,0.64048050658886,1.6808137857791083,2740.3888802440274,False,0.008435133319457342,0.00921674816776058,0.015566871449560874,0.2537670710996147,0.06134314977158795,0.9510859269379024,1.0156886663608098,0.6176603377523925,1.6702116097138124,2737.894974978891,False,0.0035369802815533803,0.003865396886458927,0.0514201296223557,0.24212739688713156,0.21236807682001121,0.8318198887594516,1.0527650981881407,0.6549806614566392,1.6921329394645916,2926.9063030106745,False,0.012726665712049036,0.012852505263628855,75,0.9782444247932903,False,False,0.9942424259274446,False,False,0.9471688353536654,False,False,2737.894974978891,2.4939052651366183,-189.0113280317837,0.03707643182733089,1.0353375538903686,0.0358109600951043,low,0.8435133319457342,0.921674816776058,0.016870266638914683,0.01843349633552116,0.353698028155338,0.3865396886458927,0.007073960563106761,0.007730793772917854,1.2726665712049037,1.2852505263628855,0.025453331424098072,0.02570501052725771,-0.002936915303848309,0.9970673932129542,1000.0
52eef0d6-24b7-40b7-8403-e8e863d0cd55,"Bristly Bill, Spine Sower",0.2368463305735197,0.1703547759579098,1.3903122424465413,0.16443408188861408,1.2672463657897137,0.9075115094772611,1.769579046476518,2738.4796181240504,False,0.05393243852766986,0.05899588645631404,0.22144388008090368,0.1912661596041111,1.15777867103755,0.24695436960043737,1.2478772154872924,0.8577541210701384,1.8154358069297885,2736.5557973732402,False,0.050109851628855936,0.055244542795437945,0.049357105394011884,0.1839930201866565,0.2682553139458241,0.7885028002730631,1.050595457064438,0.7325166454598503,1.506792809754564,2926.8794245435006,False,0.012215852180718974,0.012336939347897313,162,0.6236970515566717,False,False,0.8056368089558701,False,False,0.9378749560790787,False,False,2736.5557973732402,1.9238207508101368,-190.32362717026035,0.2166509087252757,1.1885730127804814,0.18227816583051523,medium,5.393243852766986,5.899588645631404,0.10786487705533972,0.11799177291262808,5.010985162885594,5.524454279543795,0.10021970325771187,0.11048908559087589,1.2215852180718973,1.2336939347897313,0.024431704361437948,0.024673878695794627,0.005858951684815535,1.0058761489117407,1000.0
985bdb0c-ce6c-4506-8163-76f3b2fdf5fb,Lose Focus,-0.2072735905225377,0.1688386699707228,-1.227642876827208,0.21958105870680966,0.8127972459419043,0.5837996712605427,1.1316199640611124,2738.9042048685856,False,-0.04725741218842253,-0.05167424217774197,-0.1100281332058828,0.17604980447497073,-0.6249829900920206,0.5319822221324988,0.895808932964876,0.6343935663821795,1.2649460633026552,2737.5080605760622,False,-0.02497679797945394,-0.027170268251483942,0.04862261076621134,0.1697275768418281,0.28647442961801983,0.774514775373601,1.0498240836647201,0.7527339453509863,1.4641701937974458,2926.8693389879218,False,0.012034608064515596,0.012153858030838627,166,0.657508648124563,False,False,0.9084793269322101,False,False,0.9378749560790787,False,False,2737.5080605760622,1.3961442925233314,-189.36127841185953,0.23702683772281585,0.9194767541905001,0.25778448083931427,low,-4.725741218842253,-5.167424217774197,-0.09451482437684507,-0.10334848435548394,-2.497679797945394,-2.717026825148394,-0.04995359595890788,-0.054340536502967884,1.2034608064515597,1.2153858030838627,0.024069216129031193,0.024307716061677254,0.0026976031521309864,1.002701244957493,1000.0
0055ea30-20fb-4324-a632-8fed87628f05,"Boseiju, Who Endures",-0.016895258806378103,0.17680176002588965,-0.09556046729344818,0.9238696639866414,0.9832466656710243,0.6952896842024817,1.3904621735645424,2740.4021834108603,False,-0.003865701738628143,-0.0042237342455686555,-0.07692939826340452,0.1898601017339799,-0.4051899138408404,0.6853379183448224,0.9259552253457082,0.6382308688696947,1.3433901761340097,2737.734602609498,False,-0.017474157266114152,-0.019021420357762497,0.047823820193440454,0.1839860632986542,0.2599317542645105,0.7949164165538753,1.0489858289231855,0.7314043221442257,1.5044637226859046,2926.8838271217846,False,0.011836269938699687,0.011953653323681701,147,0.9888159179696718,False,False,0.942563671193764,False,False,0.9378749560790787,False,False,2737.734602609498,2.667580801362419,-189.14922451228676,0.1230306035774773,0.986062573313306,0.12476957031649374,medium,-0.3865701738628143,-0.42237342455686555,-0.007731403477256286,-0.008447468491137311,-1.7474157266114152,-1.9021420357762497,-0.034948314532228304,-0.038042840715524995,1.1836269938699688,1.19536533236817,0.023672539877399375,0.023907306647363402,-0.0040320525921263934,0.9959760652177826,1000.0
493a5ca7-5f90-4af4-b6db-43ae09a2f2c9,Dark Ritual,-0.11490220224458622,0.17553351076848586,-0.6545884130132433,0.5127327862528821,0.8914533217777879,0.6319481790628284,1.2575224539568521,2739.9825497249517,False,-0.026267455282572787,-0.028700369741969378,0.039363143806445657,0.18390080889093677,0.21404551749302067,0.8305115618021021,1.0401481384287672,0.7253634483874415,1.4915393824737435,2737.8529312479704,False,0.00894225483069391,0.00977799797039669,0.04769866583934513,0.1768510163800119,0.2697110076927787,0.7873825913749719,1.0488545519944223,0.7416118200598505,1.483385029044762,2926.8786744652443,False,0.011804985601135111,0.011923399765815301,152,0.8339885983864307,False,False,0.9821303249067016,False,False,0.9378749560790787,False,False,2737.8529312479704,2.12961847698125,-189.02574321727388,0.15740123021663444,0.9934853374003257,0.158433370167807,medium,-2.6267455282572785,-2.870036974196938,-0.05253491056514557,-0.057400739483938756,0.894225483069391,0.977799797039669,0.01788450966138782,0.01955599594079338,1.1804985601135112,1.1923399765815301,0.023609971202270222,0.023846799531630603,-0.0026674262453543628,0.9973361281749458,1000.0
b256ddc8-8b12-434c-a610-1a872e948f2f,White Plume Adventurer,0.008331909452046553,0.17937790461648756,0.046448917272505164,0.9629524482150061,1.008366716411927,0.7094616871729832,1.4332041506273074,2740.4091581783578,False,0.0019064120251390767,0.0020829676481964876,-0.0616116791191116,0.18417293833724782,-0.3345316617921984,0.7379784030722445,0.9402479338147233,0.6553468521363746,1.3490049950814234,2737.786894673902,False,-0.013992923550467794,-0.015244251609935144,0.04694400331462575,0.1765638197715951,0.26587555352706477,0.790335053119784,1.0480633193645095,0.7414696243083124,1.4814318555828119,2926.88067045783,False,0.011621140138570574,0.011733849054799905,147,0.9939868066079038,False,False,0.9685604714091955,False,False,0.9378749560790787,False,False,2737.786894673902,2.622263504455532,-189.09377578392787,0.1078153855497862,0.9988926565303866,0.10793490656371287,medium,0.19064120251390768,0.20829676481964876,0.0038128240502781534,0.004165935296392975,-1.3992923550467793,-1.5244251609935144,-0.027985847100935587,-0.03048850321987029,1.1621140138570574,1.1733849054799905,0.023242280277141147,0.02346769810959981,-0.0037675438333153043,0.9962395444553458,1000.0
cb94a02f-4660-45b6-8a39-941b710cf8f3,Collective Brutality,0.061581068443420754,0.17599964116541933,0.3498931477112596,0.7264188897279152,1.0635167106784156,0.7532348392871419,1.5016137529733413,2740.2888517433134,False,0.014087169879304022,0.015391381478942479,0.09901199420728064,0.17786423784649505,0.5566717368599555,0.5777517306826963,1.1040795420383467,0.7791108760575173,1.5645932724184104,2737.5886957124303,False,0.02248323450282511,0.024640584626000606,0.04567902001143256,0.16989672289156096,0.26886345559818625,0.7880347599759416,1.0467383749577797,0.7502726862566662,1.4603506773994843,2926.8790900533036,False,0.011307303073426147,0.01141828069514278,154,0.9374126485600508,False,False,0.9197216625869148,False,False,0.9378749560790787,False,False,2737.5886957124303,2.700156030883136,-189.29039434087326,0.057341167080567024,1.0714448758915138,0.05351760820439347,medium,1.4087169879304022,1.5391381478942479,0.028174339758608044,0.030782762957884957,2.248323450282511,2.4640584626000606,0.04496646900565022,0.04928116925200121,1.1307303073426147,1.141828069514278,0.022614606146852293,0.02283656139028556,0.004149108640286431,1.0041577281084546,1000.0
005dae9a-dddc-4a11-95bb-cce319edcce4,Skullclamp,0.046944210542016904,0.17968475358165,0.261258730116382,0.793892990171201,1.0480635365519595,0.7369480288245124,1.490521900712443,2740.3430551251276,False,0.010739439947325149,0.011734313365650284,-0.0075190212745686585,0.18323980728510994,-0.041033776371907665,0.9672689688781627,0.9925091758500422,0.6930389728093547,1.421383937693083,2737.8970541279077,False,-0.0017084523535183757,-0.0018653252955270205,0.04372605567179863,0.17706096596583154,0.24695480132101333,0.8049432041129824,1.0446961271062802,0.7383676279040304,1.4781119279144712,2926.890395831496,False,0.010823615824447302,0.010929908754786555,144,0.9374126485600508,False,False,0.9942424259274446,False,False,0.9412929855398777,False,False,2737.8970541279077,2.446000997219926,-188.99334170358816,0.05555436070191733,1.0284229465027606,0.05401898206456268,medium,1.073943994732515,1.1734313365650284,0.021478879894650298,0.023468626731300568,-0.17084523535183757,-0.18653252955270205,-0.0034169047070367513,-0.003730650591054041,1.0823615824447301,1.0929908754786555,0.021647231648894604,0.02185981750957311,-0.0016127949961794049,0.9983885048587767,1000.0
69af2825-18c2-4463-b6ba-42eaa070ccc1,"Grist, the Hunger Tide",-0.15565785048752917,0.20710655448036525,-0.7515834101826377,0.4523016230309689,0.8558519696151755,0.5703034466473215,1.2843734299700738,2739.8457094772284,False,-0.035560518665551454,-0.038847465101947254,-0.1534720388087296,0.21940083988689993,-0.699505247508823,0.48423633476600914,0.8577247468692388,0.5579434393072666,1.318577636301849,2737.4095799710444,False,-0.03482291488436308,-0.037761498359708934,0.0422462813015036,0.21235155572681366,0.19894500493254055,0.8423057642487003,1.0431513557910284,0.6880025271151519,1.5816290030959919,2926.9118168914383,False,0.01045608553643843,0.010560037841355674,107,0.8095992521832868,False,False,0.9084793269322101,False,False,0.9471688353536654,False,False,2737.4095799710444,2.4361295061839883,-189.5022369203939,0.18729938617585284,0.9189093574251475,0.20382792346426823,low,-3.5560518665551455,-3.8847465101947254,-0.07112103733110291,-0.07769493020389451,-3.482291488436308,-3.7761498359708936,-0.06964582976872616,-0.07552299671941787,1.045608553643843,1.0560037841355674,0.02091217107287686,0.021120075682711348,-0.0001799213598655798,0.9998200948250116,1000.0
3c02b8ee-84cb-44cb-ba14-9e725a9d03ee,Ponder,-0.13456982035387335,0.1705498211144683,-0.7890352477330002,0.43009140561840975,0.8740918473438759,0.6257230175734726,1.221045951858909,2739.7892260738868,False,-0.03073699205816263,-0.03360267435913944,-0.04698622901763735,0.17651527185366206,-0.2661878970823031,0.7900945036113272,0.9541005364015628,0.6750583402457131,1.3484876480903987,2737.827892589006,False,-0.01067361256463268,-0.011640049434664124,0.04156177398671762,0.17128849163484658,0.24264195212436782,0.808282779096219,1.0424375553862306,0.7451545223065348,1.458323105274793,2926.892509597088,False,0.010288412308573395,0.010389328035329826,160,0.8001702702994067,False,False,0.9801172323279754,False,False,0.9412929855398777,False,False,2737.827892589006,1.9613334848809245,-189.06461700808222,0.1683457080423547,0.9568766463772231,0.17593250778950342,medium,-3.0736992058162627,-3.360267435913944,-0.06147398411632526,-0.06720534871827888,-1.067361256463268,-1.1640049434664124,-0.02134722512926536,-0.023280098869328247,1.0288412308573394,1.0389328035329826,0.02057682461714679,0.02077865607065965,4.8668628414056546e-05,1.0000486698127509,1000.0
94c6fdd8-21e7-48ae-aa05-a3666b928c1a,Timetwister,0.08230828149530416,0.1782525424139807,0.4617509539030763,0.6442599264329414,1.0857904873544832,0.7656220015220344,1.5398473137994804,2740.1981080698124,False,0.018822296038018438,0.020567737421169463,0.19234615516634004,0.18364790105534773,1.047363754559715,0.29493184189845,1.2120900155758667,0.8456888886674857,1.7372372104517044,2736.802290196635,False,0.04357660451558826,0.04793368046385138,0.04038276115386688,0.17531703231004594,0.23034134574244036,0.8178265349761735,1.041209232377568,0.7384228712749668,1.4681515263963043,2926.8983393720073,False,0.00999606552792617,0.010094672860095466,149,0.9363619097657295,False,False,0.809233209594387,False,False,0.9429058873842943,False,False,2736.802290196635,3.3958178731772932,-190.09604917537217,0.1708807831982988,1.113029911769306,0.1535275749477941,medium,1.8822296038018438,2.0567737421169463,0.037644592076036876,0.041135474842338926,4.357660451558826,4.7933680463851385,0.08715320903117652,0.09586736092770276,0.999606552792617,1.0094672860095466,0.01999213105585234,0.020189345720190932,0.004179270549856995,1.0041880158798107,1000.0
2b5315a4-6a78-456f-8d5a-fea9d62f3f0e,Strip Mine,0.0944092846666111,0.16721675750812875,0.5645922458580245,0.5723511406585702,1.099009461601123,0.7918878030255868,1.5252435914204425,2740.092509698223,False,0.02158675715231438,0.02358870853614603,0.050400143808732034,0.17242327722761724,0.29230475501401376,0.7700536235263331,1.051691840169936,0.7500994512639072,1.4745454416962147,2737.8132901980025,False,0.011449754770133446,0.012527221014727585,0.03702865019412989,0.16786685984533212,0.22058344469091198,0.8254167927790038,1.037722751370542,0.7467757086428826,1.4420240190579359,2926.902732441522,False,0.009166183493832292,0.009256384223952752,164,0.8798495966202334,False,False,0.9695332822545232,False,False,0.9471688353536654,False,False,2737.8132901980025,2.279219500220279,-189.08944224351944,0.061286710230580965,1.062808017713867,0.05766489263264176,medium,2.158675715231438,2.358870853614603,0.04317351430462876,0.04717741707229206,1.1449754770133447,1.2527221014727585,0.022899509540266892,0.02505444202945517,0.9166183493832293,0.9256384223952752,0.018332366987664585,0.018512768447905503,-0.0003968486794917276,0.99960323005453,1000.0
c7bbb911-9de2-455d-9677-e1004db65dbd,"Chandra, Torch of Defiance",0.1521382167425207,0.17317607261107032,0.8785175367973741,0.3796629250728054,1.164321153988258,0.8292058150717422,1.6348700467172435,2739.637910467477,False,0.03476992362723542,0.03797658169836482,-0.061490892021994425,0.18632754133067653,-0.33001504545624955,0.7413885937798157,0.9403615104923797,0.6526639721572605,1.3548775604890309,2737.789896751863,False,-0.013964079428935725,-0.0152177124850838,0.03685464222551237,0.17898329107125038,0.20591107697780084,0.8368603726829097,1.0375421950521626,0.730553649537321,1.4735314883382373,2926.908978944845,False,0.009124712580383621,0.009212805468493568,160,0.7882371007995962,False,False,0.9685604714091955,False,False,0.9471688353536654,False,False,2737.789896751863,1.848013715613888,-189.11908219298175,0.22395964349587838,1.0474082865109335,0.21382267677289427,low,3.476992362723542,3.797658169836482,0.06953984725447084,0.07595316339672964,-1.3964079428935725,-1.52177124850838,-0.02792815885787145,-0.0304354249701676,0.9124712580383622,0.9212805468493568,0.018249425160767243,0.018425610936987136,-0.005135243746164768,0.9948779190769278,1000.0
33672990-4860-4aa6-ac1b-f9da66f5da59,Wurmcoil Engine,-0.11271718015580359,0.21044775517831096,-0.5356064742068599,0.5922305533415524,0.8934032965701708,0.5914401522532355,1.3495354471312562,2740.1245152434385,False,-0.02576494221233632,-0.028153688295130763,-0.03716735201133706,0.21220107675917196,-0.17515157123127356,0.8609605365510886,0.9635148757034646,0.635666348573116,1.4604531414723463,2737.8680598799624,False,-0.008444350592140468,-0.00921022772636454,0.035525419121693,0.20604501067002504,0.17241581830188502,0.8631106371919326,1.0361639861717769,0.6918938010782849,1.5517349693929525,2926.9216682915585,False,0.008793910419700181,0.008880593066587616,102,0.9033244237738853,False,False,0.9892481634296245,False,False,0.9508955139552207,False,False,2737.8680598799624,2.256455363476107,-189.0536084115961,0.14276068960160604,0.964360719481804,0.1480366077937289,medium,-2.576494221233632,-2.8153688295130763,-0.05152988442467264,-0.056307376590261526,-0.8444350592140468,-0.9210227726364539,-0.016888701184280937,-0.01842045545272908,0.8793910419700182,0.8880593066587616,0.017587820839400362,0.017761186133175233,0.0015293205678068372,1.001530490574869,1000.0
e6d7fba8-a157-4d81-9d6b-bd210a96b248,Gleemox,-0.1733735961885369,0.24501051922214026,-0.7076169494230845,0.47918316434175845,0.8408234277308907,0.5201728005474281,1.359133034016959,2739.910314949716,False,-0.039587213742376275,-0.043246380406987195,-0.15364677773071828,0.2468604305605214,-0.6224034260243646,0.5336766282185035,0.8575748820655964,0.5286158874082749,1.3912458854680823,2737.511461137534,False,-0.034857884525671075,-0.03783095005336057,0.03478539389116347,0.23776659136311046,0.14630059543579943,0.8836840958263512,1.0353974823301153,0.6497048311320146,1.6500538322112464,2926.929995662807,False,0.008610528705328805,0.008695568184515168,76,0.8314108026455516,False,False,0.9084793269322101,False,False,0.9508955139552207,False,False,2737.511461137534,2.3988538121820966,-189.41853452527312,0.1945740545992246,0.9112652640422008,0.2135207631377617,low,-3.9587213742376273,-4.324638040698719,-0.07917442748475255,-0.08649276081397439,-3.4857884525671077,-3.783095005336057,-0.06971576905134215,-0.07566190010672114,0.8610528705328805,0.8695568184515168,0.01722105741065761,0.017391136369030336,-0.001808148362903228,0.9981934853525329,1000.0
1716b4dd-9045-462b-b053-72de450a8cde,Blood Crypt,-0.13522114933854285,0.179263737629438,-0.7543140131221795,0.4506606898818122,0.8735227113559405,0.6147263465924232,1.2412709028730582,2739.8424677265234,False,-0.03089185190006459,-0.03376385528671155,-0.16441494175311339,0.18214345571719281,-0.9026673020215131,0.3667024953183786,0.8483899164343843,0.593679234367878,1.2123810445785834,2737.08426735494,False,-0.03727693693208061,-0.04050830223373403,0.03472502645990701,0.17580034271373576,0.19752536271474427,0.8434164358218137,1.035334979930351,0.7335616430988405,1.4612521398190794,2926.912376527617,False,0.0085959311819042,0.00868056420527541,145,0.8095992521832868,False,False,0.850576202158606,False,False,0.9471688353536654,False,False,2737.08426735494,2.7582003715833707,-189.82810917267716,0.18694506349596673,0.919082535906892,0.20340399930622255,low,-3.089185190006459,-3.3763855286711553,-0.06178370380012918,-0.0675277105734231,-3.727693693208061,-4.050830223373403,-0.07455387386416122,-0.08101660446746806,0.85959311819042,0.868056420527541,0.0171918623638084,0.01736112841055082,-0.007688444668045327,0.9923410358212423,1000.0
0ecbe097-ba51-42e5-957c-382eb66c08f0,Robber of the Rich,0.5642183540392184,0.21629119093689347,2.608605332446657,0.009091202748268131,1.7580730548144956,1.1506046879633924,2.686257841983614,2733.559627962737,False,0.12632490211069403,0.1379134088599117,0.3921627674510506,0.22906351967342825,1.712026288647577,0.08689182392517567,1.4801786166965254,0.9447813715527106,2.318979610833071,2734.951755583531,False,0.08822363918898302,0.09771517944010172,0.034094747342538936,0.2196235255848347,0.15524178136995187,0.8766307107685267,1.0346826355141472,0.6727595037180264,1.5913088560146282,2926.9272811665787,False,0.00844093936631102,0.008522831808502329,100,0.17490745408630318,True,False,0.6193017268848884,False,False,0.9508955139552207,False,False,2733.559627962737,-1.3921276207938718,-191.97552558304778,0.7233904193003484,1.4243114356750561,0.5078878124414522,low,12.632490211069403,13.791340885991172,0.25264980422138805,0.2758268177198234,8.8223639188983,9.771517944010172,0.17644727837796603,0.19543035888020344,0.844093936631102,0.8522831808502329,0.01688187873262204,0.017045663617004658,0.004158709309373501,1.0041673687407915,1000.0
2a717b98-cdac-416d-bf6c-f6b6638e65d1,"Tamiyo, Inquisitive Student // Tamiyo, Seasoned Scholar",-0.13907302257122894,0.16829346957608735,-0.8263720685154244,0.40859306293041986,0.8701644844901583,0.6256724904762977,1.2101958158518515,2739.728172176446,False,-0.031773336723334863,-0.034724642196042155,-0.017308157836125947,0.17629235715205135,-0.0981787192351041,0.9217903804047352,0.9828407678799347,0.6956969168024553,1.3885011585887344,2737.8890979131183,False,-0.003932710953867264,-0.004292570794819317,0.033908566192841584,0.16898076760634148,0.20066523944213085,0.8409603417221317,1.0344900150432021,0.742825783917938,1.4406737278014425,2926.9111327748587,False,0.008393447496577241,0.008476515590257305,168,0.7926616185116565,False,False,0.9942424259274446,False,False,0.9471688353536654,False,False,2737.8890979131183,1.8390742633278023,-189.0220348617404,0.16432553055304389,0.9624984224710983,0.17072810377305134,medium,-3.177333672333486,-3.4724642196042153,-0.06354667344666973,-0.06944928439208431,-0.3932710953867264,-0.4292570794819317,-0.007865421907734527,-0.008585141589638634,0.8393447496577241,0.8476515590257305,0.016786894993154482,0.01695303118051461,-0.0071875036204365195,0.9928382647100941,1000.0
4e117771-5a8b-4812-b487-32ba34b7f724,Giver of Runes,0.28050960518570717,0.165379047471799,1.696161693237111,0.08985526278522586,1.3238042579870721,0.9573049101678096,1.8306160292831963,2737.523577727159,False,0.06385253090696578,0.06977546063864504,0.10613586005979539,0.17860470694871802,0.5942500725373924,0.5523448667051815,1.1119729389545991,0.7835429774279407,1.578067639666955,2737.545530128915,False,0.02410565534983268,0.026431274476768185,0.033783448723488006,0.17095947320733706,0.19761086115722848,0.8433495364065359,1.0343605903672612,0.7398579144180595,1.4460909453762454,2926.9123333229018,False,0.008364342066519818,0.008445093921633062,176,0.5336858032092203,False,False,0.9090895122587529,False,False,0.9471688353536654,False,False,2737.523577727159,-0.021952401755697792,-189.36680319398693,0.2894436676198109,1.1567125957696442,0.25022954593766067,low,6.385253090696579,6.977546063864503,0.12770506181393157,0.13955092127729007,2.410565534983268,2.6431274476768185,0.04821131069966536,0.05286254895353637,0.8364342066519818,0.8445093921633062,0.016728684133039635,0.016890187843266125,0.0012875962585763086,1.0012884255665386,1000.0
15faa763-b897-4e86-b094-73f3236291a9,Verdant Catacombs,-0.2012455331184642,0.17258674329293963,-1.166054409966359,0.24359244759272958,0.8177116316164356,0.5830306331749752,1.1468562275014147,2739.0504477145696,False,-0.045903637374170664,-0.050177749823096585,-0.11816951683101964,0.17509478172096057,-0.674888855450531,0.4997463815445474,0.8885454164440824,0.6304286532353843,1.2523430732914447,2737.443020972064,False,-0.026823939893431972,-0.02917744303383074,0.033348059495584566,0.16692965650720423,0.1997731271563801,0.8416580190817449,1.033910338932872,0.7454001674753304,1.4340895475954734,2926.9114907863554,False,0.008254744158153408,0.008336443916532266,162,0.6855551015165297,False,False,0.9084793269322101,False,False,0.9471688353536654,False,False,2737.443020972064,1.607426742505595,-189.46846981429144,0.21619870731643653,0.9133891289977966,0.23669945311661147,low,-4.590363737417066,-5.017774982309659,-0.09180727474834133,-0.10035549964619317,-2.6823939893431974,-2.917744303383074,-0.053647879786863945,-0.05835488606766148,0.8254744158153409,0.8336443916532266,0.016509488316306817,0.01667288783306453,-0.00525990607077747,0.9947539030130558,1000.0
8ca3c48b-f104-4292-9a4e-2ce87a65893c,Mutavault,0.2771868365474234,0.2251508635995222,1.2311160264544134,0.21827947228865274,1.3194128625512949,0.8486496361557807,2.051318032435056,2738.8940636809693,False,0.06308241950273971,0.06891051824506933,0.13272696920012841,0.232802558205624,0.5701267641693897,0.5685917235752188,1.1419381714713022,0.7235641686334965,1.8022213426156286,2737.5736873122687,False,0.030122932573111143,0.03307462966927799,0.03199441376000597,0.22357891313598308,0.14310121339818224,0.8862102466530046,1.032511737430646,0.6661634247826972,1.600328760588751,2926.9309124735732,False,0.007920406725066605,0.00799793898725909,89,0.657508648124563,False,False,0.9160379966359093,False,False,0.9508955139552207,False,False,2737.5736873122687,1.3203763687006358,-189.35722516130454,0.2869011251206488,1.1646209238177476,0.24634721844096472,low,6.308241950273971,6.891051824506933,0.12616483900547942,0.13782103649013866,3.0122932573111143,3.307462966927799,0.06024586514622229,0.06614925933855598,0.7920406725066605,0.799793898725909,0.01584081345013321,0.01599587797451818,0.0015505939126657653,1.0015517967050072,1000.0
8c39f9b4-02b9-4d44-b8d6-4fd02ebbb0c5,"Narset, Parter of Veils",-0.18861782049667067,0.20998516084395566,-0.8982435698722373,0.36905570969764034,0.8281029301921611,0.5487080654918726,1.249761951973714,2739.6043805765325,False,-0.04304377782451196,-0.04703484090918786,-0.07521813815058456,0.21760845485630675,-0.345658160204544,0.7295996314508217,0.9275411321516137,0.6054818390991443,1.4209056263572302,2737.7792301564077,False,-0.01708479727498207,-0.0186157701166631,0.029977659867790805,0.20864580037384228,0.14367727418466206,0.8857553175526531,1.0304315137201312,0.6845674439509768,1.5510365178037853,2926.93075323248,False,0.0074207715855703895,0.007494025317377251,105,0.7882371007995962,False,False,0.9662265389483856,False,False,0.9508955139552207,False,False,2737.7792301564077,1.825150420124828,-189.1515230760724,0.20232858352797012,0.9286918586879688,0.21786406506654918,low,-4.304377782451196,-4.703484090918786,-0.08608755564902391,-0.09406968181837572,-1.708479727498207,-1.86157701166631,-0.03416959454996414,-0.0372315402333262,0.7420771585570389,0.7494025317377251,0.014841543171140779,0.014988050634754502,-0.0017321848948995044,0.998269314471504,1000.0
30377bf0-d9b1-4c14-8dde-f74b1e02d604,Gilded Goose,-0.05562625189721419,0.1657686720305453,-0.3355655276466487,0.7371985230115774,0.9458925953968406,0.6834971113581116,1.309022067772566,2740.298687479291,False,-0.012725229369957907,-0.013903790514166403,-0.07529592348625093,0.17412386348614894,-0.43242736508795937,0.6654308327179475,0.927468985859303,0.6592986266424647,1.304717900159326,2737.7117436035796,False,-0.01710280218240326,-0.018619115880711634,0.02876792910647369,0.16788128260797913,0.1713587641193444,0.8639416766089566,1.0291857227083372,0.7406112762373824,1.430201356382235,2926.9220315372786,False,0.007121147252352439,0.007191512647772347,171,0.9374126485600508,False,False,0.9316031658051264,False,False,0.9508955139552207,False,False,2737.7117436035796,2.586943875711313,-189.21028793369896,0.10171673684903415,0.9675157679881603,0.10513186473492066,medium,-1.2725229369957907,-1.3903790514166403,-0.025450458739915815,-0.027807581028332806,-1.7102802182403258,-1.8619115880711634,-0.03420560436480652,-0.03723823176142327,0.7121147252352439,0.7191512647772347,0.014242294504704878,0.014383025295544694,-0.0004072778678204496,0.999592805058552,1000.0
f1a21287-e244-4960-84fb-c4f6e5c346d9,Third Path Iconoclast,-0.13491639850405976,0.23069813589292418,-0.5848178962602438,0.5586701695984221,0.8737889586986555,0.5559456480285851,1.3733485405473005,2740.069286770526,False,-0.030829517352277725,-0.033684004263333345,-0.003754775139084317,0.2369222059295303,-0.01584813514779248,0.9873555469542183,0.9962522652146834,0.6261769383108055,1.5850449213649371,2737.8984867421414,False,-0.0008531579830060889,-0.0009316529963667719,0.02772544583237202,0.23068743816548457,0.12018619675546902,0.904335651906805,1.0281133728569782,0.6541478171399413,1.6158688904120044,2926.9369515486933,False,0.006863355207525114,0.006930994998575579,83,0.8656075355042745,False,False,0.9975344701186948,False,False,0.9641394755260377,False,False,2737.8984867421414,2.170800028384747,-189.03846480655193,0.15432441415832276,0.9660515322567723,0.1597476004181773,low,-3.0829517352277724,-3.3684004263333343,-0.06165903470455545,-0.06736800852666669,-0.08531579830060888,-0.09316529963667719,-0.0017063159660121777,-0.0018633059927335438,0.6863355207525114,0.6930994998575579,0.013726710415050228,0.013861989997151158,0.0046285124147346455,1.0046392405236637,1000.0
f3537373-ef54-4578-9d05-6216420ee349,Esper Sentinel,0.14343991161488284,0.17266656310014694,0.8307335771297388,0.4061241535203842,1.1542374524587529,0.8228457235603776,1.619093419959562,2739.7202852381206,False,0.03277907454016424,0.035811445656389496,0.05398103064617478,0.17772852602300734,0.3037274423757209,0.761335549079007,1.0554645804841043,0.7450031142880343,1.4953031192642607,2737.8064440632515,False,0.01226447262523758,0.013423723911209884,0.02723638191320017,0.17260486237728506,0.15779614512635246,0.8746174363453363,1.0276106826353404,0.7326632116682138,1.4412948517803728,2926.9264888055227,False,0.006742964976700519,0.006808701919673366,155,0.7926616185116565,False,False,0.9695332822545232,False,False,0.9508955139552207,False,False,2737.8064440632515,1.9138411748690487,-189.12004474227115,0.12662676982341248,1.0791042385260659,0.11734433551699353,medium,3.277907454016424,3.5811445656389496,0.06555814908032848,0.07162289131277899,1.2264472625237581,1.3423723911209884,0.02452894525047516,0.026847447822419768,0.6742964976700518,0.6808701919673366,0.013485929953401038,0.013617403839346731,-0.001339623095529426,0.9986612737989448,1000.0
37dbe1a3-3c44-452b-9fb9-37f5d793d0b5,Memory Jar,0.041015036045677446,0.23456403555132951,0.174856456358597,0.861192425855319,1.0418677709991007,0.6578814877802898,1.6499756755720583,2740.3807481031145,False,0.009382959862232764,0.010252484488738167,0.16456933035550395,0.24027989228169533,0.6849067926273619,0.4934027393822479,1.1788852992552954,0.7361073915122821,1.887999719640173,2737.4304026928808,False,0.03731299984121505,0.04100226338770541,0.02670937458792563,0.2346945497685398,0.11380483532432653,0.9093925054653335,1.0270692669556067,0.6483711767722291,1.6269558501600394,2926.938445833247,False,0.006611784563564705,0.006677053655222087,82,0.9696938900785708,False,False,0.9084793269322101,False,False,0.9660755071610047,False,False,2737.4304026928808,2.9503454102336946,-189.50804314036623,0.15181603229968865,1.0826074457366677,0.14023183832472572,low,0.9382959862232764,1.0252484488738167,0.018765919724465528,0.020504968977476334,3.7312999841215047,4.100226338770541,0.0746259996824301,0.08200452677541081,0.6611784563564705,0.6677053655222087,0.01322356912712941,0.013354107310444174,-0.00034749913786727237,0.999652561232965,1000.0
3c3ac3dd-35db-447f-8674-37b4680a1ef7,Leyline Binding,-0.20528062298976782,0.2171232018828413,-0.9454568706136544,0.34442567975127114,0.8144187397193142,0.5321434949396837,1.246426743751093,2739.518675297499,False,-0.046813438474617865,-0.051164433632593764,-0.1973557197937661,0.22738572830824988,-0.8679336265388902,0.3854306691437134,0.8208985714990971,0.5256962275266204,1.2818704594092492,2737.1456952576987,False,-0.044712250202498895,-0.04840646107816732,0.026165947484185378,0.21949815618636367,0.1192080513968843,0.9051105280448518,1.0265112813045192,0.6676104470559701,1.5783536870822894,2926.9371833068985,False,0.0064775975465695,0.006541097068930357,96,0.7585104857443724,False,False,0.8579558660970812,False,False,0.9641394755260377,False,False,2737.1456952576987,2.3729800398004954,-189.79148804919987,0.21209254158520496,0.8872761975076434,0.23903779024048247,low,-4.681343847461786,-5.116443363259377,-0.09362687694923573,-0.10232886726518753,-4.471225020249889,-4.840646107816732,-0.08942450040499779,-0.09681292215633464,0.64775975465695,0.6541097068930357,0.012955195093139,0.013082194137860714,-0.004680719927385414,0.9953302175703583,1000.0
224d904a-5972-4152-878a-9a922e7a55b6,"Titania, Protector of Argoth",0.08934917496272138,0.23029352406576128,0.3879795375279739,0.6980311765246054,1.093462399367432,0.6962641726851223,1.7172505289470137,2740.2608620716665,False,0.020430292377591214,0.0223241886771256,0.050842922227113806,0.23558110945125818,0.21581918153600183,0.8291286959467112,1.052157609728296,0.6630558511511052,1.6695963602270913,2737.8521662822086,False,0.011549903645051962,0.012640333378497182,0.018965635269122014,0.22268117749336847,0.08516945833774756,0.9321266710486577,1.019146625316124,0.6586984261815696,1.5768366867282277,2926.944141223671,False,0.004695083231053273,0.00474128380286587,87,0.9373483511095025,False,False,0.9821303249067016,False,False,0.9769883824895021,False,False,2737.8521662822086,2.408695789457852,-189.09197494146247,0.07431577405130785,1.0549222114706174,0.07044668625159359,low,2.0430292377591215,2.23241886771256,0.04086058475518243,0.0446483773542512,1.1549903645051962,1.2640333378497182,0.023099807290103924,0.025280666756994363,0.4695083231053273,0.474128380286587,0.009390166462106546,0.00948256760573174,0.000696041440734413,1.00069628373379,1000.0
69c68c95-b788-43b1-9f22-1b22c5a00b25,Deep-Cavern Bat,-0.04571902261441582,0.16391443749091497,-0.27892004703337875,0.780306183518226,0.9553103450873708,0.6928156585912774,1.3172592797434808,2740.3335254814724,False,-0.010458411657236799,-0.01142822681039063,-0.011598894710249634,0.16761201350492794,-0.06920085540234033,0.9448297422292061,0.988468113146423,0.7116860248380293,1.3728936309092459,2737.8939491466626,False,-0.002635441736163756,-0.0028771134463118075,0.014876386567464997,0.1613121553733547,0.09222111336268375,0.9265223634871546,1.0149875907606773,0.7398591579712384,1.3924269211224831,2926.94288968327,False,0.0036829062693079485,0.003719043705869063,177,0.9374126485600508,False,False,0.9942424259274446,False,False,0.975732536444045,False,False,2737.8939491466626,2.4395763348097717,-189.04894053660746,0.05967724567330657,0.9862553496648238,0.06050891961558203,medium,-1.04584116572368,-1.142822681039063,-0.020916823314473598,-0.02285645362078126,-0.2635441736163756,-0.28771134463118075,-0.005270883472327512,-0.005754226892623615,0.36829062693079484,0.3719043705869063,0.007365812538615897,0.007438087411738126,-0.0004614906998331768,0.9995386157706209,1000.0
32aa6e33-221f-414c-9b51-850d97a7e051,Galvanic Discharge,-0.045599894358376566,0.19602410391220343,-0.23262391434677926,0.8160534557204122,0.9554241563216896,0.6506345652900994,1.4029923511303233,2740.3572383523656,False,-0.010430261053288311,-0.011398319681301672,-0.17651318934891558,0.20281575200365423,-0.870313018614724,0.38412936631382666,0.8381877239319312,0.5632497951987918,1.2473305210918582,2737.1431675010454,False,-0.03999400326319244,-0.043360300140984576,0.013343562955954328,0.19557235245982418,0.06822826840361014,0.945603924465248,1.0134329855883115,0.6907493557469694,1.4868583050183248,2926.946738781113,False,0.003303522420679555,0.0033358414168602746,119,0.9374126485600508,False,False,0.8579558660970812,False,False,0.9797783022359423,False,False,2737.1431675010454,3.21407085132023,-189.80357128006744,0.17524526165638032,0.9356816219473109,0.18729155040115616,medium,-1.043026105328831,-1.1398319681301672,-0.020860522106576622,-0.022796639362603344,-3.999400326319244,-4.336030014098458,-0.07998800652638488,-0.08672060028196915,0.3303522420679555,0.33358414168602746,0.00660704484135911,0.006671682833720549,-0.003992770686933456,0.9960151898235905,1000.0
00cb17a0-5a13-4d02-b7fb-f99531bc8ca5,Dark Depths,-0.0594492346691314,0.2393307176876787,-0.24839784564015446,0.8038266002898188,0.942283367703996,0.5894664688188016,1.5062738798880153,2740.349634465618,False,-0.013598143076469872,-0.014858408727080386,0.01586053380480363,0.25080882718077185,0.06323754224715569,0.9495773502001383,1.01598697968632,0.6214344977012106,1.6610431939496741,2737.8947386356494,False,0.003603774004988503,0.003938066476694535,0.01305198104295532,0.24053601348005266,0.05426206601714427,0.9567263719373628,1.0131375299365328,0.632295389626411,1.623367292259352,2926.9484502618043,False,0.003231236817844305,0.003262962499124611,80,0.9374126485600508,False,False,0.9942424259274446,False,False,0.9797783022359423,False,False,2737.8947386356494,2.4548958299683363,-189.05371162615484,0.07370361198232389,0.9904692924422829,0.0744128187968218,low,-1.3598143076469873,-1.4858408727080386,-0.027196286152939744,-0.02971681745416077,0.36037740049885025,0.3938066476694535,0.007207548009977006,0.00787613295338907,0.3231236817844305,0.3262962499124611,0.00646247363568861,0.006525924998249222,-0.0010423897706348362,0.9989581533288586,1000.0
652236c2-84ef-45e4-b5fc-ed6170bc3d6c,Meticulous Archive,0.009477787855918168,0.21577126037303873,0.043925163339790387,0.9649640572105247,1.0095228443199442,0.6613752614300836,1.5409351281149588,2740.409386320586,False,0.0021685632252183688,0.0023694315995801962,0.030909392067364927,0.21970336747516025,0.14068692902879404,0.8881172715106335,1.0313920473514882,0.6705149979630001,1.5864962880347007,2737.878942125846,False,0.007022840001254045,0.00767969882670444,0.012658097864995258,0.21435923377862343,0.05905086355210495,0.952911595504971,1.0127385506872963,0.6653207655966035,1.5415712616883357,2926.947907518057,False,0.0031337258222790777,0.003164483523043826,96,0.9939868066079038,False,False,0.9918574656187131,False,False,0.9797783022359423,False,False,2737.878942125846,2.53044419473963,-189.06896539221088,0.021869203031543938,1.017884480786243,0.021484955753182856,low,0.21685632252183687,0.23694315995801962,0.0043371264504367376,0.0047388631991603924,0.7022840001254045,0.767969882670444,0.01404568000250809,0.01535939765340888,0.31337258222790776,0.3164483523043826,0.006267451644558155,0.006328967046087652,0.0015857735584522193,1.0015870315622233,1000.0
4acaef84-55d1-43dc-b10a-696182e6709b,Repeal,0.1531507094324894,0.1856619087540191,0.8248903098125349,0.4094338682631662,1.165500617643852,0.8099792639335412,1.6770697105644135,2739.731056014065,False,0.03497563703066118,0.038226527793911225,0.24185244350936794,0.1896499242780957,1.2752572637715602,0.20221819879817726,1.2736062500817416,0.8782171362895478,1.8470066379033612,2736.273606246582,False,0.054698498627031196,0.060324875433583725,0.007990388337830188,0.18227961080792,0.04383588653944508,0.9650352212449526,1.0080223966869741,0.7051973058680427,1.4408863218383974,2926.9494731724935,False,0.001978148855097387,0.0019975883028616748,134,0.7926616185116565,False,False,0.7438594731644832,False,False,0.9800470071775613,False,False,2736.273606246582,3.4574497674830127,-190.67586692591158,0.2655838533947674,1.1490430881375227,0.2311348078558575,low,3.4975637030661177,3.8226527793911225,0.06995127406132236,0.07645305558782245,5.46984986270312,6.032487543358372,0.10939699725406239,0.12064975086716745,0.1978148855097387,0.19975883028616748,0.003956297710194774,0.0039951766057233495,0.0012426842619467045,1.0012434567139723,1000.0
c8090bcf-e17a-4110-a518-77ccd045b18f,Charming Scoundrel,0.017035782919722277,0.18925724404033495,0.09001390148158118,0.9282761678898961,1.0171817194058483,0.7019392512376585,1.4740002763332143,2740.403212437349,False,0.0038978862417731867,0.004258860643712448,-0.08105908154855675,0.19385797738821303,-0.4181364246168252,0.675847374877987,0.9221392084227348,0.6306396121571688,1.348378223184916,2737.7239949906866,False,-0.018406419614965076,-0.020045699579949783,0.007511704241031441,0.18462731780873182,0.04068576812025907,0.9675464075962149,1.00753998786639,0.7016238542863844,1.4468391018180133,2926.949739330216,False,0.0018596703036253138,0.0018779183447749093,130,0.9888159179696718,False,False,0.942563671193764,False,False,0.9800470071775613,False,False,2737.7239949906866,2.6792174466622782,-189.22574433952923,0.09504251098311356,0.9822869718983244,0.096756359090703,medium,0.3897886241773187,0.42588606437124477,0.007795772483546373,0.008517721287424895,-1.8406419614965075,-2.0045699579949785,-0.03681283922993015,-0.040091399159899566,0.18596703036253137,0.18779183447749093,0.0037193406072506276,0.0037558366895498185,-0.0011131662732157739,0.9988874530665295,1000.0
6efb6a69-562c-4d95-858d-b067444cfd7e,Palantír of Orthanc,-0.04735877729279001,0.20579313408681027,-0.23012807255665066,0.8179922514834997,0.9537451540950471,0.637173480825211,1.4276015030972613,2740.3583484240025,False,-0.01083444416680734,-0.011837807196226402,-0.006504206451517114,0.21058683029384792,-0.030886102623042935,0.975360373136795,0.9935169001139862,0.6575369006605069,1.501171766665217,2737.897783953239,False,-0.0014778846976157536,-0.0016137096689563535,0.006650397915687098,0.20311118355229393,0.032742647644386634,0.973879814207146,1.006672560915588,0.6760775288639005,1.4989251996043655,2926.9503227032,False,0.0016464056882155235,0.001662594791644878,108,0.9374126485600508,False,False,0.9942424259274446,False,False,0.9813904554478181,False,False,2737.897783953239,2.4605644707635292,-189.05253874996106,0.05292740682054087,0.9846448717082071,0.05375278777283425,medium,-1.083444416680734,-1.1837807196226402,-0.02166888833361468,-0.023675614392452804,-0.14778846976157536,-0.16137096689563535,-0.0029557693952315073,-0.003227419337912707,0.16464056882155234,0.1662594791644878,0.003292811376431047,0.003325189583289756,0.00345855709349185,1.0034645448030315,1000.0
17260fff-b239-4af4-9306-3236ae3fa5a5,Thundering Falls,-0.0554871162177068,0.19574543149202103,-0.2834657023398708,0.7768198694500917,0.9460242119619099,0.6445852695491316,1.388430440311104,2740.330966881125,False,-0.012692470098576266,-0.013868799399328058,0.015566154620480737,0.20139524554596125,0.07729156951189456,0.9383915974006883,1.0156879382858983,0.6844302582080981,1.507271158175182,2737.8927634895504,False,0.003536856344667462,0.0038651120663766303,0.006621481479192896,0.19254882663281156,0.034388583898358346,0.9725672868182651,1.0066434519532756,0.690199758151972,1.4681706671031398,2926.9502121740106,False,0.0016392622516222949,0.001655365216518323,123,0.9374126485600508,False,False,0.9942424259274446,False,False,0.9813904554478181,False,False,2737.8927634895504,2.4382033915744614,-189.05744868446027,0.06966372632398843,0.9894518674003613,0.07040638217907415,medium,-1.2692470098576265,-1.3868799399328058,-0.025384940197152532,-0.027737598798656116,0.35368563446674617,0.38651120663766303,0.007073712689334924,0.007730224132753261,0.1639262251622295,0.1655365216518323,0.0032785245032445898,0.003310730433036646,-0.0008871844128416912,0.9991132090188921,1000.0
b6cb2549-e485-44d6-9d65-7605c568909e,Unearth,0.17849798325448346,0.20787541105022966,0.858677716391153,0.3905183478634474,1.1954204724121695,0.7953779866587872,1.796667911146478,2739.674169457867,False,0.040743322835620606,0.04452342178026508,0.13903893248406007,0.20932621255840184,0.6642213165026732,0.5065486721693764,1.1491688391302086,0.7624331517877047,1.7320718776871624,2737.457592180359,False,0.03154643131401354,0.03464979986603972,-0.0005892571586409087,0.20106852654035318,-0.002930628521429228,0.9976617000964175,0.9994109164192629,0.6738932461084639,1.4821667758593762,2926.9513861632204,False,-0.00014588091037501317,-0.00014731428555064818,107,0.7890886204251103,False,False,0.9084793269322101,False,False,0.9976617000964175,False,False,2737.457592180359,2.216577277507895,-189.49379398286146,0.1960095559929066,1.1146667426538803,0.17584588154683137,medium,4.074332283562061,4.452342178026508,0.08148664567124121,0.08904684356053016,3.154643131401354,3.4649799866039723,0.06309286262802707,0.06929959973207944,-0.014588091037501317,-0.014731428555064818,-0.00029176182075002635,-0.00029462857110129637,0.00242816808706128,1.0024311184747199,1000.0
01e7b0bc-1c6c-48f4-8b72-1a809f536c6c,Birds of Paradise,-0.053314526437273115,0.16265980603303642,-0.32776706020690116,0.7430877948257107,0.948081768801011,0.6892661857211126,1.3040811502924146,2740.3038881630755,False,-0.012195430065558538,-0.013326218521403588,-0.15623844661921618,0.1687751205854107,-0.925719656293475,0.3545916900261139,0.8553552094947768,0.6144438784402065,1.1907231239200164,2737.0421280761357,False,-0.03542863193023435,-0.03844795719289046,-0.002498815018022847,0.1626620595207388,-0.015362002825891044,0.98774337719982,0.9975043044213826,0.7251937259033334,1.3720676307558397,2926.95115876179,False,-0.0006186243848917095,-0.000624703464100318,179,0.9374126485600508,False,False,0.8417274981732837,False,False,0.9902695750954716,False,False,2737.0421280761357,3.26176008693983,-189.90903068565422,0.14214909492660577,0.9336470942390568,0.1522514189823088,medium,-1.219543006555854,-1.3326218521403588,-0.024390860131117076,-0.026652437042807176,-3.542863193023435,-3.8447957192890456,-0.0708572638604687,-0.07689591438578092,-0.061862438489170946,-0.062470346410031796,-0.001237248769783419,-0.001249406928200636,-0.006105129642993762,0.9939134687931158,1000.0
fc310a26-b6a0-4e42-98ab-bdfd7b06cb63,"Beza, the Bounding Spring",0.09350769285101812,0.20195871654335962,0.4630039963189331,0.6433615025949142,1.0980190502057776,0.7390930950772223,1.6312503020865443,2740.196788667267,False,0.02138411447208492,0.023362503776283183,0.0684762806951561,0.2088678312029389,0.32784503147650146,0.7430288371004745,1.0708752242338435,0.7111266977764987,1.6126152336335235,2737.791188274131,False,0.015555258686570587,0.017036378475762115,-0.004229001786956079,0.2019899318164165,-0.02093669594779462,0.9832961538998422,0.9957799278488508,0.6702334006056703,1.4794512834045614,2926.9509564258924,False,-0.0010469536596348196,-0.001057248798333521,112,0.9363619097657295,False,False,0.9685604714091955,False,False,0.9883386982788156,False,False,2737.791188274131,2.4056003931359555,-189.15976815176145,0.10223912235692678,1.054891400762824,0.09691909734309576,medium,2.138411447208492,2.3362503776283186,0.04276822894416984,0.04672500755256637,1.5555258686570588,1.7036378475762115,0.031110517373141175,0.03407275695152423,-0.10469536596348196,-0.1057248798333521,-0.0020939073192696393,-0.002114497596667042,0.0036515682642333687,1.003658243362013,1000.0
aced2c55-7543-4076-bcdd-36c4d649b8ae,Mox Emerald,0.06433340334493623,0.16330160036144012,0.39395451852612134,0.6936146183629147,1.0664478967920867,0.774345027029124,1.4687394854664568,2740.2560884682707,False,0.014715703451246015,0.01607910080156505,-0.015900277884562407,0.16489661303851166,-0.096425739689686,0.9231824500541235,0.9842254642069909,0.7124128860979216,1.3597448660695872,2737.889440486537,False,-0.003612721849363648,-0.003943343709172598,-0.0066958029165984315,0.15968104296179572,-0.04193235961140627,0.9665526198369007,0.9933265640223692,0.7263882357373348,1.3583612925544133,2926.949636460683,False,-0.0016576405162917539,-0.0016739453731351994,177,0.9373483511095025,False,False,0.9942424259274446,False,False,0.9800470071775613,False,False,2737.889440486537,2.366647981733877,-189.06019597414615,0.08222243258509587,1.0146666416738155,0.0810339368696107,medium,1.4715703451246014,1.607910080156505,0.02943140690249203,0.0321582016031301,-0.3612721849363648,-0.39433437091725976,-0.007225443698727296,-0.007886687418345195,-0.16576405162917537,-0.16739453731351994,-0.0033152810325835077,-0.003347890746270399,0.0020735625711117006,1.0020757138886867,1000.0
504a69eb-3c2d-4bb1-b117-252b15acf0c2,Mana Confluence,0.16518989742948856,0.1717927770314882,0.961564859034851,0.33626823069083434,1.179617103699404,0.842380096521919,1.6518629975773216,2739.486461095201,False,0.03771579818059252,0.04122362725133172,0.2404611447982585,0.17792079161542185,1.3515067160785708,0.17653316998477475,1.2718355154435879,0.8973910069055707,1.8025203795182085,2736.0700030312655,False,0.054391474552268324,0.059970246943245764,-0.008528403697695863,0.1696232162283773,-0.05027851662836879,0.9599004433604167,0.9915078599734858,0.7110660846008751,1.3825548112606347,2926.9488668616114,False,-0.0021113247819733567,-0.0021320906706040477,160,0.750570152277904,False,False,0.7361808790854437,False,False,0.9798983692637587,False,False,2736.0700030312655,3.4164580639353517,-190.87886383034584,0.2803276554701021,1.1476534930388258,0.24426157997204687,low,3.7715798180592524,4.122362725133172,0.07543159636118504,0.08244725450266344,5.439147455226832,5.997024694324576,0.10878294910453665,0.11994049388649153,-0.21113247819733566,-0.21320906706040477,-0.004222649563946713,-0.004264181341208095,0.0062641470001097935,1.0062838078002043,1000.0
5ad67b3c-cd5a-497b-8639-9b844e8d517a,Mind Twist,-0.5136316670809008,0.20548259603392513,-2.499635866952451,0.012432101730307081,0.598318733966884,0.3999652721343225,0.8950409756962868,2734.143312851471,False,-0.11534067371280067,-0.12606594000313764,-0.4140443873266674,0.2113060141187033,-1.959453870981986,0.05005965706015317,0.6609716118519151,0.43683305807925876,1.0001154070048672,2734.044449187988,False,-0.09297878467093074,-0.10014668433293139,-0.01062800629989479,0.19842093107318026,-0.05356292928579718,0.9572833922356273,0.9894282714093247,0.6706331376772457,1.4597672695607091,2926.948525351527,False,-0.0026312129452602186,-0.0026569826164745125,115,0.19322922766503173,True,False,0.5606681590737155,False,False,0.9797783022359423,False,False,2734.044449187988,0.09886366348291631,-192.90407616353923,0.3911095374424407,0.7495728724093745,0.5217765367965967,low,-11.534067371280067,-12.606594000313764,-0.23068134742560134,-0.2521318800062753,-9.297878467093074,-10.014668433293139,-0.18595756934186147,-0.20029336866586278,-0.26312129452602184,-0.26569826164745125,-0.005262425890520437,-0.005313965232949025,-0.013104876851716603,0.9869806181721827,1000.0
0027e5ca-8046-40a0-bd73-79be55f28bff,Remand,-0.21073902906646597,0.17215619700270351,-1.2241152670394813,0.22090874750673373,0.8099854219530276,0.5780093839743757,1.1350618207359577,2738.9112063358375,False,-0.04806085413107888,-0.05253154861429232,-0.12297252720307528,0.1774981197068991,-0.6928103092367321,0.48842860168229507,0.8842879560905544,0.6244594760035121,1.2522272770866114,2737.418397307981,False,-0.027914814461265054,-0.030377435529106045,-0.010854552360011586,0.16971779549122945,-0.06395647744889851,0.9490048817832009,0.9892041457210231,0.7092824657896595,1.379598240627937,2926.947304095931,False,-0.002687259838390133,-0.0027136201574439744,160,0.657508648124563,False,False,0.9084793269322101,False,False,0.9797783022359423,False,False,2737.418397307981,1.4928090278563104,-189.52890678794984,0.17921872376799552,0.8944925079215351,0.2003579931423155,low,-4.806085413107888,-5.253154861429232,-0.09612170826215775,-0.10506309722858465,-2.791481446126505,-3.0377435529106043,-0.05582962892253011,-0.06075487105821209,-0.2687259838390133,-0.27136201574439744,-0.005374519676780266,-0.005427240314887949,-0.0072946842812245906,0.9927318573513342,1000.0
45026d57-0324-4312-8b86-2e7d4f581ee9,Marsh Flats,-0.06891657365794086,0.16941630987743878,-0.40678830572922603,0.6841634764708386,0.9334045473571131,0.6696684491995528,1.301008058642042,2740.245865090399,False,-0.015761063913435243,-0.01722380809498847,-0.11083314202799935,0.17314465454371505,-0.6401187626616364,0.5220953918007826,0.8950880890526907,0.6375027648536159,1.256751705771764,2737.4890519624587,False,-0.025156896888565844,-0.027351439675672884,-0.013192859959090681,0.16597773682363479,-0.0794857202632495,0.9366462892540478,0.9868937843704878,0.7128322040992091,1.3663234293123367,2926.9450769425803,False,-0.0032660274256903323,-0.0032981699583926605,170,0.9373483511095025,False,False,0.9084793269322101,False,False,0.9791075877002313,False,False,2737.4890519624587,2.7568131279404042,-189.45602498012158,0.09180569531779714,0.9384621402600972,0.09782567818063811,medium,-1.5761063913435243,-1.7223808094988469,-0.031522127826870486,-0.03444761618997694,-2.5156896888565843,-2.7351439675672884,-0.05031379377713169,-0.05470287935134577,-0.3266027425690332,-0.32981699583926605,-0.0065320548513806646,-0.006596339916785321,0.00018004375390622018,1.0001800599627557,1000.0
7f7e780e-fbc5-4dc0-b5c7-efcb8645c7c6,Ertai Resurrected,0.15399991360996249,0.24565863740306032,0.626885808852264,0.530734090219115,1.1664907860052525,0.7207297664988686,1.8879486002709556,2740.018760917901,False,0.03517120383093096,0.038431902016734354,0.28522716588708596,0.2515785698886238,1.1337498500502594,0.2568994926517443,1.3300641390055494,0.8123152046361047,2.1778130013718866,2736.617501719873,False,0.06441953188913328,0.07115502938764384,-0.013314420171501766,0.2402208395713437,-0.05542574988606469,0.9557992819217138,0.9867738246437452,0.6162224467806028,1.5801478607103139,2926.9483223710135,False,-0.00329620751644841,-0.0033285603442224088,76,0.8411513593462481,False,False,0.8056368089558701,False,False,0.9797783022359423,False,False,2736.617501719873,3.4012591980281286,-190.33082065114058,0.34329031436180424,1.1611095832181824,0.29565711912421366,low,3.517120383093096,3.843190201673435,0.07034240766186192,0.07686380403346871,6.441953188913328,7.115502938764385,0.12883906377826657,0.14231005877528768,-0.329620751644841,-0.3328560344222409,-0.00659241503289682,-0.0066571206884448175,0.0024113400767607203,1.0024142496954669,1000.0
8870ef0b-cb1f-463b-8509-fece4743d3d4,Ramunap Excavator,0.15820186567536626,0.1895053797019894,0.8348146418014616,0.40382208061720737,1.1714026368265014,0.8079713503797044,1.6983079126744103,2739.7149823945992,False,0.03611940182712007,0.03948249641777213,0.12029810078733127,0.19878023498936898,0.605181399417125,0.5450584734592222,1.1278330093805082,0.7639055219803391,1.665136931790672,2737.5327601072713,False,0.027299066928735717,0.029959436323986177,-0.01369396122135827,0.19106640695420152,-0.07167121337368688,0.9428635656293485,0.9863993745344578,0.6782874462608549,1.4344710807278906,2926.9462576234478,False,-0.003390184724308856,-0.0034234473974029678,129,0.7926616185116565,False,False,0.9090895122587529,False,False,0.9797783022359423,False,False,2737.5327601072713,2.1822222873279316,-189.41349751617645,0.18500326229204356,1.095211673580489,0.1689200971417945,medium,3.611940182712007,3.948249641777213,0.07223880365424014,0.07896499283554426,2.7299066928735716,2.9959436323986175,0.054598133857471434,0.059918872647972354,-0.3390184724308856,-0.3423447397402968,-0.006780369448617712,-0.0068468947948059355,-0.0002238434137868225,0.9997761816372809,1000.0
4c6cf93a-d073-48ac-88db-c46bf3e10beb,Generous Plunderer,-0.02162928741955973,0.23995056511009843,-0.09014059795873118,0.9281754880103847,0.9786029482400536,0.6114437010649538,1.5662337000710915,2740.4031922187064,False,-0.004948567764244062,-0.005407133865783953,-0.22090382612434142,0.2487650691287925,-0.8880017877830486,0.374539789645279,0.8017937881983427,0.4923904096457092,1.3056169783160825,2737.112327220122,False,-0.05000743218899536,-0.05411654895464896,-0.015703416887556946,0.23970122967850543,-0.06551245860782126,0.9477659871115667,0.9844192388858652,0.6153784546303913,1.5747727769745787,2926.947103481744,False,-0.0038874849852016695,-0.003925776293488281,79,0.9888159179696718,False,False,0.8554099555234258,False,False,0.9797783022359423,False,False,2737.112327220122,3.2908649985843113,-189.83477626162176,0.18262545068752256,0.9216053251080871,0.19816015132736348,low,-0.49485677642440623,-0.5407133865783953,-0.009897135528488124,-0.010814267731567906,-5.000743218899536,-5.4116548954648955,-0.10001486437799072,-0.10823309790929792,-0.38874849852016696,-0.3925776293488281,-0.007774969970403339,-0.007851552586976562,-0.0014477390807178647,0.998553308387957,1000.0
9417f14c-a853-42c6-a992-29139484260a,Ignoble Hierarch,-0.009518958276250461,0.17904951904965563,-0.053163830468656983,0.957601373945122,0.9905262035954927,0.6973582473030749,1.406941358768918,2740.4084894587572,False,-0.0021779613271363206,-0.002379725089740936,-0.06859644758186628,0.18194334981133303,-0.37702091147050815,0.7061580645917138,0.9337034023253306,0.6536355059701524,1.3337740002663012,2737.7566069057884,False,-0.01558064963395066,-0.01697071427429203,-0.01585046961981603,0.17395546360866554,-0.09111797520469742,0.9273988499085313,0.9842744879903669,0.6999102417073237,1.3841721551973134,2926.9430923292757,False,-0.003923965047870062,-0.003962545036498122,146,0.9939868066079038,False,False,0.942563671193764,False,False,0.975732536444045,False,False,2737.7566069057884,2.6518825529688,-189.18648542348728,0.05682280127016215,0.9695013646370634,0.058610336553197105,medium,-0.21779613271363207,-0.2379725089740936,-0.004355922654272641,-0.004759450179481872,-1.558064963395066,-1.6970714274292031,-0.03116129926790132,-0.03394142854858406,-0.39239650478700616,-0.3962545036498122,-0.007847930095740124,-0.007925090072996244,-0.0005388180510988845,0.9994613270852787,1000.0
564caf57-4ba5-4993-a35e-945699c94eb7,Toxic Deluge,-0.16598190273553465,0.1952025558270517,-0.850305991293442,0.3951549864601168,0.8470615635478235,0.5777702895907323,1.2418660242089274,2739.6872099968823,False,-0.037910509946496904,-0.04141601052159549,-0.020067232231252397,0.20209948210486095,-0.09929383302843077,0.9209049747513314,0.9801327745781624,0.6595600763721648,1.456516684706402,2737.888877190254,False,-0.00455974195981013,-0.004976706176947954,-0.017820079883109186,0.19340370272692053,-0.09213929015759607,0.9265873721760605,0.9823377587838911,0.6724070872811463,1.435123886386222,2926.942903824227,False,-0.004411728388612204,-0.004454942441896648,123,0.7903099729202336,False,False,0.9942424259274446,False,False,0.975732536444045,False,False,2737.888877190254,1.798332806628423,-189.05402663397308,0.1352761952360676,0.936510698969959,0.1444470366274021,medium,-3.7910509946496904,-4.141601052159549,-0.07582101989299381,-0.08283202104319098,-0.45597419598101296,-0.49767061769479537,-0.00911948391962026,-0.009953412353895907,-0.44117283886122044,-0.44549424418966477,-0.008823456777224408,-0.008909884883793295,-0.0020860304568374828,0.997916143792583,1000.0
f231caf8-56c0-4719-a90d-5e5efbee3148,Den of the Bugbear,0.1588604799512373,0.19918063711210454,0.7975698956210593,0.42512012668543075,1.1721743934429736,0.7933160643969702,1.7319614089597788,2739.7739415939623,False,0.03629445291067922,0.039644899126426825,-0.10070613144848681,0.2186321458954513,-0.46061905048786345,0.6450719413697474,0.9041987094119792,0.5890612344018362,1.3879292310458993,2737.686778420817,False,-0.022859302891479062,-0.024862521274684635,-0.01899783217994227,0.21153708175903654,-0.08980851972602534,0.9284393777898694,0.9811814892654133,0.6481646584075428,1.485297142306966,2926.9433308161356,False,-0.004702798307329371,-0.004749318178874196,115,0.8001702702994067,False,False,0.9206718127548188,False,False,0.975732536444045,False,False,2737.686778420817,2.0871631731452,-189.25655239531852,0.26797568403099437,1.019184864040122,0.26293138123021126,low,3.629445291067922,3.9644899126426827,0.07258890582135843,0.07928979825285365,-2.285930289147906,-2.4862521274684637,-0.045718605782958124,-0.04972504254936927,-0.4702798307329371,-0.47493181788741956,-0.009405596614658743,-0.009498636357748391,-0.005911570244920558,0.9941058687056773,1000.0
25b0b816-0583-44aa-9dc5-f3ff48993a51,Gaea's Cradle,0.07642586777053945,0.18327930984318702,0.4169912459618551,0.676684810807189,1.0794221673992643,0.7536693164504028,1.5459727363726388,2740.2375026197196,False,0.017476605305326638,0.019098897841227425,-0.04942138748475178,0.20721642202963292,-0.23850130699430902,0.8114923017627405,0.9517799770135296,0.6340892417054704,1.4286397955710017,2737.8418290510826,False,-0.011228330181343851,-0.012235956096810663,-0.028286974837038556,0.20053757584242451,-0.14105573341160502,0.8878259135398233,0.9721093558446227,0.6561665575975132,1.44017793771852,2926.9314956583803,False,-0.007002683661831012,-0.007071270644901928,139,0.9373483511095025,False,False,0.9821303249067016,False,False,0.9508955139552207,False,False,2737.8418290510826,2.395673568636994,-189.08966660729766,0.12764219038573477,1.0011038334191389,0.12750145002420937,medium,1.7476605305326638,1.9098897841227425,0.034953210610653276,0.03819779568245485,-1.122833018134385,-1.2235956096810663,-0.022456660362687703,-0.024471912193621326,-0.7002683661831012,-0.7071270644901928,-0.014005367323662024,-0.014142541289803856,0.0005137908202714546,1.000513922833383,1000.0
3028075c-5fc5-4942-a984-1ffcf7a8933d,Knight of Autumn,-0.07767793663213902,0.2032971948351631,-0.38209054824943184,0.7023942023260484,0.9252623716779348,0.6211762390565775,1.3782086348687612,2740.26526362811,False,-0.017766504241652985,-0.019411195909228962,-0.09375010809684703,0.20592863104050818,-0.45525533590521206,0.6489255546316527,0.9105102629567402,0.6081277980537949,1.3632478923060452,2737.691511375473,False,-0.021290180468703984,-0.023158588953136605,-0.030398339729214994,0.19743145792011388,-0.15396907893733422,0.8776341162554249,0.9700590435197338,0.6587810817926921,1.428417685209945,2926.9276857289933,False,-0.00752530998923842,-0.007599029912371491,113,0.9374126485600508,False,False,0.9206718127548188,False,False,0.9508955139552207,False,False,2737.691511375473,2.5737522526369503,-189.23617435352025,0.05954878056299362,0.9352772260514696,0.06366965740670838,medium,-1.7766504241652985,-1.9411195909228962,-0.03553300848330597,-0.038822391818457924,-2.1290180468703985,-2.3158588953136605,-0.04258036093740797,-0.04631717790627321,-0.752530998923842,-0.7599029912371491,-0.01505061997847684,-0.015198059824742982,0.0008039716130651232,1.0008042948848703,1000.0
0324641d-af55-4c53-b4dc-c8262e967da5,Volcanic Island,-0.21915992215802174,0.19717477040949927,-1.1115008360494751,0.26635283038305735,0.8031932594828414,0.5457346162837041,1.1821119511746363,2739.1763146315116,False,-0.04996124455006025,-0.054606757926340066,-0.16750979179833628,0.2040417401807644,-0.8209584551177431,0.4116699327985912,0.8457683356553162,0.5669797996817361,1.2616394411206502,2737.2246951185857,False,-0.03798448050902617,-0.04123488129673075,-0.030575241309755342,0.198057726722202,-0.1543754026453132,0.8773137470002572,0.9698874537194186,0.6578565466169937,1.429919148361087,2926.9275624796833,False,-0.00756889374326141,-0.00764329747507253,117,0.6896918746929452,False,False,0.8669979999518201,False,False,0.9508955139552207,False,False,2737.2246951185857,1.951619512925845,-189.70286736109756,0.16669419423657728,0.8729496829525254,0.19095510026738025,medium,-4.996124455006025,-5.460675792634007,-0.0999224891001205,-0.10921351585268013,-3.798448050902617,-4.123488129673075,-0.07596896101805234,-0.0824697625934615,-0.756889374326141,-0.764329747507253,-0.01513778748652282,-0.01528659495014506,-0.002127412113289119,0.9978748492239777,1000.0
93f99e67-901f-4c8d-8a09-e443b7eb928f,Archangel Elspeth,0.2256523758542543,0.182751586733118,1.2347492018429729,0.21692385820967242,1.253139967842279,0.8758672556778017,1.7929198389640724,2738.8859369982883,False,0.05142807158895514,0.05621951218726895,0.11350525961587875,0.18938713360427345,0.5993293074124522,0.548953307957351,1.1201977806869208,0.772832051644592,1.623694391537706,2737.539418360836,False,0.02576524105860316,0.028274397235369564,-0.031243311560836172,0.18105644067148213,-0.17256117178137617,0.8629963743904522,0.9692397171555479,0.6796930802491884,1.3821321072848871,2926.9216192538884,False,-0.0077339884762049095,-0.007810183528980386,143,0.657508648124563,False,False,0.9090895122587529,False,False,0.9508955139552207,False,False,2737.539418360836,1.346518637452391,-189.3822008930524,0.2839002506867311,1.1141924885615826,0.25480359417361087,low,5.142807158895514,5.621951218726895,0.10285614317791028,0.1124390243745379,2.5765241058603157,2.8274397235369566,0.05153048211720632,0.05654879447073913,-0.7733988476204909,-0.7810183528980386,-0.015467976952409819,-0.015620367057960771,0.0018973294884775732,1.001899130556965,1000.0
1fc6d14a-1328-4032-ad9e-cd85cd365bd3,Endurance,-0.014301987304096412,0.21521363522051856,-0.06645483818644617,0.9470157120915225,0.9857998002836075,0.6465396759099359,1.503080603478036,2740.4068984498495,False,-0.0032724521684207152,-0.003575444096017122,0.05233063224929367,0.22367909138055964,0.23395406305661443,0.8150206413758969,1.0537240800871077,0.6797158832608458,1.6335272785281127,2737.84403407227,False,0.011885947860919545,0.013011560708162284,-0.031278431719030796,0.21732714206062256,-0.14392326435832759,0.8855610646412896,0.9692056779010884,0.6330286291359051,1.4839133695389897,2926.9306738309006,False,-0.007743616189726697,-0.007819004069324342,97,0.9918416633418068,False,False,0.9821303249067016,False,False,0.9508955139552207,False,False,2737.84403407227,2.5628643775794444,-189.08663975863055,0.08451840218601936,1.0029098527572677,0.08427317964187472,low,-0.32724521684207153,-0.3575444096017122,-0.0065449043368414304,-0.007150888192034244,1.1885947860919546,1.3011560708162284,0.02377189572183909,0.02602312141632457,-0.7743616189726698,-0.7819004069324342,-0.015487232379453394,-0.015638008138648685,0.0009951145524172695,1.0009956098431803,1000.0
05bdd22c-3e11-4c29-bdfa-d3dfc0e90a9f,Bitter Triumph,-0.04096463652141133,0.18026928003235243,-0.22724136089110425,0.8202360674900444,0.9598630734448611,0.6741568868261177,1.3666509054006761,2740.359658134954,False,-0.009372667668638701,-0.010240001822614975,0.0731961533196113,0.18492986263309633,0.3958049407349292,0.6922489316882268,1.075941565726851,0.7488127120193717,1.545981036749279,2737.7421564182496,False,0.016620863849058108,0.018200561299940243,-0.03182724584794795,0.1764311044030063,-0.1803947549704599,0.8568426717083163,0.9686739100654276,0.6854825676152295,1.3688592363564536,2926.9188441206697,False,-0.007879330717355311,-0.007956381062569462,146,0.9374126485600508,False,False,0.942563671193764,False,False,0.9508955139552207,False,False,2737.7421564182496,2.6175017167042824,-189.17668770242017,0.11607849228198985,1.0014928497457134,0.11590546284126048,medium,-0.9372667668638701,-1.0240001822614975,-0.018745335337277402,-0.02048000364522995,1.6620863849058107,1.8200561299940243,0.033241727698116216,0.03640112259988049,-0.7879330717355311,-0.7956381062569462,-0.015758661434710622,-0.015912762125138924,-0.0008962342170171232,0.9991041672809144,1000.0
6920c895-bc98-4871-a53f-219fa27a74e5,Occult Epiphany,-0.07237881294919385,0.18641779659990257,-0.3882612833609239,0.6978226856484218,0.9301784654150608,0.645482167928249,1.3404428821000298,2740.260474608064,False,-0.016556679907990302,-0.018088223396803327,0.06261180437382009,0.1915912834787807,0.32679881483624246,0.7438200558852689,1.064613480707728,0.7313178406179812,1.549807485001148,2737.7919942363933,False,0.014219884278506135,0.015564465398043459,-0.03445887202436301,0.18413307497612,-0.18714113164531654,0.8515499794053799,0.9661280737612749,0.6734377608038151,1.3860277953460185,2926.916361238964,False,-0.008530762309099457,-0.008614178970667685,134,0.9373483511095025,False,False,0.9685604714091955,False,False,0.9508955139552207,False,False,2737.7919942363933,2.468480371670921,-189.12436700257058,0.13443501529266733,0.9869733399613545,0.13620936842927409,medium,-1.6556679907990302,-1.8088223396803327,-0.033113359815980604,-0.036176446793606654,1.4219884278506134,1.5564465398043459,0.02843976855701227,0.031128930796086918,-0.8530762309099457,-0.8614178970667685,-0.017061524618198914,-0.01722835794133537,-0.0030174062634403826,0.9969871415315074,1000.0
b3dd3c7d-4685-4579-b483-14ddaaaddf5b,Scythecat Cub,-0.0760409165274397,0.20971139531177257,-0.36259792375322103,0.7169052614742768,0.9267782852344447,0.6144207952176762,1.3979311844056344,2740.279773874915,False,-0.017392438548607458,-0.01900237080537076,-0.20764385000641022,0.2157858075372481,-0.9622683362554674,0.33591483005066003,0.812496355760288,0.5322808407513907,1.2402293631156283,2736.972876191243,False,-0.047044032294277414,-0.050914566973515096,-0.036514670677887905,0.20715453980202433,-0.17626777917966285,0.8600835741569565,0.9641439491472522,0.6424042062303807,1.4470228333839599,2926.920323082712,False,-0.009039028307926177,-0.00912774090746521,106,0.9374126485600508,False,False,0.8334089454421438,False,False,0.9508955139552207,False,False,2736.972876191243,3.306897683672105,-189.9474468914691,0.1516475933869642,0.9011395300473284,0.16828425380362527,medium,-1.7392438548607458,-1.900237080537076,-0.034784877097214915,-0.03800474161074152,-4.704403229427742,-5.09145669735151,-0.09408806458855483,-0.10182913394703019,-0.9039028307926177,-0.9127740907465209,-0.018078056615852354,-0.01825548181493042,-0.002084196501660793,0.997917973927739,1000.0
d5c782cc-c951-4c6f-a93f-774ae6c1c214,Shallow Grave,-0.01932868526751988,0.24975631775373172,-0.07739017551731614,0.9383131561450884,0.9808569160362041,0.6011859038519929,1.6003041381570873,2740.405324768637,False,-0.004422544404306852,-0.004832035922618827,0.18148769856494246,0.2649134640581167,0.6850829542024625,0.4932915759731703,1.1989997872009777,0.7133788230841012,2.015199278684656,2737.4306110697103,False,0.04112492589823345,0.04521512290123364,-0.038002343903217266,0.2498889679862198,-0.1520769172383509,0.8791262698087365,0.9627106843878845,0.589910339159895,1.5711063195713495,2926.928254045283,False,-0.009407789193260544,-0.009499862659178238,75,0.9906419070658801,False,False,0.9084793269322101,False,False,0.9508955139552207,False,False,2737.4306110697103,2.9747136989267347,-189.49764297557294,0.23628910281309312,1.0475224625416888,0.22556948539295824,low,-0.44225444043068524,-0.4832035922618827,-0.008845088808613705,-0.009664071845237654,4.112492589823345,4.521512290123364,0.0822498517964669,0.09043024580246728,-0.9407789193260544,-0.9499862659178238,-0.01881557838652109,-0.018999725318356475,-0.00044886450693782705,0.9995512362176638,1000.0
4216656e-90e8-45fc-a0f6-0d0d79d0a021,Shelldock Isle,-0.19894687449586262,0.19393066648872373,-1.0258659865299362,0.30495475723727317,0.8195934334907109,0.5604299730701039,1.1986036231096895,2739.357162396351,False,-0.045400698132143244,-0.04960040244412417,-0.10633667410027578,0.19794551141974964,-0.5372017447507842,0.5911282662126195,0.8991218860606917,0.6099917317084321,1.3252969244831492,2737.60990820369,False,-0.024146890370965853,-0.026279286243784117,-0.040365992540790645,0.186566178421314,-0.2163628632068238,0.8287049115268148,0.9604378617256054,0.6662863790796506,1.3844510636856058,2926.9045610236776,False,-0.00999290534064364,-0.010090614591959257,128,0.7424985393603173,False,False,0.9197216625869148,False,False,0.9471688353536654,False,False,2737.60990820369,1.7472541926613303,-189.29465281998773,0.14084442823489451,0.8930510604256693,0.15771150662736078,medium,-4.540069813214324,-4.960040244412417,-0.09080139626428649,-0.09920080488824834,-2.4146890370965854,-2.627928624378412,-0.048293780741931705,-0.052558572487568234,-0.999290534064364,-1.0090614591959257,-0.01998581068128728,-0.020181229183918514,9.633984841674045e-05,1.000096344489249,1000.0
9814d8e8-c462-41ca-9909-1c659f488543,Lotus Petal,-0.08260645281261796,0.18504143130889875,-0.4464213891359225,0.6552928852693345,0.9207134201065791,0.640639964199293,1.323228723365506,2740.21200381254,False,-0.01889109840745015,-0.02064201236697849,-0.13148205325110252,0.18955388958277308,-0.6936394369986686,0.48790835529082266,0.8767950106164861,0.6047091521249244,1.271304540274507,2737.41745554139,False,-0.029838597518268162,-0.03245459016816388,-0.04349373001501797,0.18223346480154912,-0.2386703784751188,0.8113611875714256,0.957438557197522,0.6698701971079664,1.3684570455083636,2926.8944297351845,False,-0.010765925692196972,-0.01087223632261397,137,0.9373483511095025,False,False,0.9084793269322101,False,False,0.9412929855398777,False,False,2737.41745554139,2.794548271149779,-189.47697419379438,0.0806435465810359,0.9183156626401958,0.08781680402704048,medium,-1.8891098407450149,-2.064201236697849,-0.0377821968149003,-0.04128402473395698,-2.983859751826816,-3.2454590168163877,-0.059677195036536325,-0.06490918033632775,-1.0765925692196971,-1.087223632261397,-0.021531851384393945,-0.02174447264522794,0.00122703283422409,1.001227785947012,1000.0
6fd672bb-18cf-44e3-8dda-5310b1e0fffe,Godless Shrine,0.1036951186576619,0.18533931601718914,0.5594879752768959,0.5758287355091303,1.1092622100043303,0.771383254994633,1.59513788065344,2740.0983118278227,False,0.023705595441026194,0.02590478488132303,0.09524457120594806,0.19307672748914356,0.4932990756812135,0.6218012813943089,1.0999278329092022,0.753379785834526,1.6058849206687718,2737.6553937705307,False,0.02162577186621815,0.023714533028409368,-0.04398949369384053,0.1870023221896894,-0.2352350130134691,0.8140263318827003,0.9569640115771201,0.6633091915875562,1.38062329162356,2926.89606092982,False,-0.01088837461341705,-0.010995574901888738,134,0.8817377512483558,False,False,0.9197216625869148,False,False,0.9412929855398777,False,False,2737.6553937705307,2.4429180572919904,-189.2406671592894,0.15229819842721026,1.0553846848302175,0.14430586364981302,medium,2.3705595441026195,2.5904784881323026,0.04741119088205239,0.05180956976264606,2.162577186621815,2.371453302840937,0.0432515437324363,0.047429066056818736,-1.0888374613417051,-1.0995574901888738,-0.0217767492268341,-0.021991149803777477,0.001702664208061394,1.0017041145638035,1000.0
4df8aabc-7fcb-4b7b-980b-18f499e6c170,Hullbreacher,-0.10941470397169203,0.177878931590116,-0.6151077195798255,0.538483584365145,0.8963586169314762,0.6325111627697827,1.270268127172558,2740.032600162034,False,-0.025017690573035947,-0.02733178661121427,0.016448734075358618,0.18518714580137977,0.0888222236169702,0.9292231956031285,1.0165847592924797,0.7071460398440016,1.4614301920629151,2737.890849401206,False,0.0037372081974044787,0.004083745188904531,-0.046244477121126504,0.17897837191974203,-0.25838025357535144,0.79611345468986,0.954808504819899,0.6723057303219224,1.3560189059222776,2926.884611023507,False,-0.011447788693436175,-0.011559897145207387,146,0.8443422602845474,False,False,0.9942424259274446,False,False,0.9378749560790787,False,False,2737.890849401206,2.1417507608280175,-188.993761622301,0.12022614236100349,0.955917293681285,0.12577044390316094,medium,-2.5017690573035947,-2.733178661121427,-0.050035381146071894,-0.05466357322242854,0.37372081974044785,0.40837451889045306,0.0074744163948089574,0.008167490377809061,-1.1447788693436176,-1.1559897145207387,-0.02289557738687235,-0.023119794290414775,0.0006338935943146724,1.0006340945473178,1000.0
ec3de5f4-bb55-4ab9-995f-f3e0dc22c1bb,Voice of Victory,0.15398784326510612,0.24563474210346972,0.6268976527768259,0.5307263259908355,1.166476706144168,0.7207548227028095,1.8878373936846968,2740.018122405245,False,0.03517568080088222,0.03842890163404644,0.0050569166571162935,0.25082018237776305,0.020161522127832662,0.9839145225354771,1.0050697244403513,0.6147432114039719,1.6432310796560945,2737.8983314006264,False,0.0011490281399005407,0.0012551910468622252,-0.04723374007468224,0.2426909101025176,-0.19462508939757878,0.8456864601372013,0.9538644151917814,0.5927942386786853,1.5348619524325926,2926.9135238585923,False,-0.011690959414807715,-0.011806151243381136,75,0.8411513593462481,False,False,0.9975344701186948,False,False,0.9471688353536654,False,False,2737.8983314006264,2.1197910046184916,-189.0151924579659,0.21261229095238665,1.041803615258767,0.2040809686570124,low,3.517568080088222,3.842890163404644,0.07035136160176444,0.07685780326809288,0.11490281399005406,0.12551910468622252,0.0022980562798010813,0.0025103820937244503,-1.1690959414807716,-1.1806151243381136,-0.02338191882961543,-0.02361230248676227,0.002255827597710941,1.0022583738910926,1000.0
07313dd3-d0dc-40ca-98a3-fa4d39e5bcae,Oust,0.23955449648901703,0.18222684826964994,1.314594960971594,0.18864606454706745,1.2706829304974272,0.8890425995436464,1.8161504417069958,2738.681945213505,False,0.05456944521911409,0.05965750633487876,0.1536415700724977,0.18648572697372723,0.8238784413465771,0.41000863121688025,1.166072856456224,0.8090695018515683,1.6806045753204428,2737.2195852378536,False,0.03484733403581934,0.03830399721329164,-0.04758851633133571,0.17743202700391844,-0.2682070262900438,0.7885399668772456,0.9535260667677473,0.6734407304813438,1.3500994502600228,2926.879465539564,False,-0.011778529395369117,-0.011894847394509467,145,0.6461218267021294,False,False,0.8669979999518201,False,False,0.9378749560790787,False,False,2737.2195852378536,1.4623599756514523,-189.65988030171047,0.3171568637296799,1.1300939512404662,0.2806464572096395,low,5.456944521911409,5.965750633487876,0.10913889043822818,0.11931501266975753,3.484733403581934,3.8303997213291643,0.06969466807163868,0.07660799442658328,-1.1778529395369117,-1.1894847394509467,-0.023557058790738234,-0.023789694789018934,0.004114657512771429,1.004123134338419,1000.0
63c59228-c742-4abd-b4d7-9f7880190e95,Windswept Heath,0.060689968033555836,0.16238283597855083,0.3737462008704687,0.7085931488408173,1.062569432624246,0.7729194884437889,1.460765081005618,2740.2716596498713,False,0.013880542386166395,0.015168937765892676,0.013281865814679663,0.1698501128044283,0.07819756840534392,0.9376708962280271,1.0133704615990229,0.72642186236343,1.413668483352511,2737.892623126822,False,0.003017775428202467,0.0032977857401622623,-0.04772966239080083,0.1638950414893946,-0.2912209055079274,0.7708823748745877,0.9533914898185523,0.6914503411348625,1.3145634310724177,2926.8665869561482,False,-0.011814688685224338,-0.01193039286078773,178,0.9374126485600508,False,False,0.9942424259274446,False,False,0.9378749560790787,False,False,2737.892623126822,2.379036523049308,-188.9739638293263,0.10917794280569382,1.0097771280139403,0.10812083159422342,medium,1.3880542386166395,1.5168937765892676,0.02776108477233279,0.030337875531785352,0.3017775428202467,0.32977857401622623,0.006035550856404934,0.006595571480324525,-1.1814688685224337,-1.193039286078773,-0.023629377370448675,-0.02386078572157546,0.0001757559369710768,1.0001757713829507,1000.0
71384418-173a-4f77-adab-56e52fa23692,Delighted Halfling,-0.050885485923448256,0.18570388154499312,-0.274014121299449,0.7840737696188421,0.9503874970478148,0.6604293707441636,1.367650250816457,2740.33618020505,False,-0.01164252950864012,-0.012719123597866977,-0.09795770692586411,0.20700388539592038,-0.4732167550309887,0.6360585452296721,0.9066872495340974,0.6042995125190952,1.3603879391541454,2737.6746880630044,False,-0.022249751099226434,-0.024192602000274843,-0.05137922274483615,0.20151555814970995,-0.2549640495086017,0.7987508660984703,0.9499183715677274,0.6399599282370387,1.4100022092440418,2926.8863724414477,False,-0.01271912591036384,-0.01284223461446743,132,0.9374126485600508,False,False,0.9197216625869148,False,False,0.9378749560790787,False,False,2737.6746880630044,2.6614921420455175,-189.21168437844335,0.04370024751371737,0.9356643727165466,0.046705045941677716,medium,-1.164252950864012,-1.2719123597866977,-0.02328505901728024,-0.025438247195733954,-2.2249751099226436,-2.4192602000274843,-0.04449950219845287,-0.048385204000549686,-1.271912591036384,-1.284223461446743,-0.02543825182072768,-0.02568446922893486,0.001679776069967142,1.0016811876840777,1000.0
568dd5a6-86f4-4039-87d7-812120c8ab94,Triplicate Titan,0.0029540613793173362,0.20663390435092377,0.01429611170827267,0.9885937417226951,1.002958428918234,0.6689483737270074,1.503741767894099,2740.4111114714347,False,0.0006758961697749292,0.0007385148862442681,0.09871616431484873,0.2179352006237753,0.4529610821579203,0.6505767656456245,1.1037529706133657,0.7200484130338665,1.6919287621296788,2737.6938647533602,False,0.022406987652561404,0.024557126640113558,-0.05363321506822599,0.21073787517379952,-0.25450202069273814,0.7991077431898272,0.947779674059717,0.6270810687790901,1.43248832612613,2926.886585107797,False,-0.013276361766798488,-0.01340625042190452,106,0.9939868066079038,False,False,0.9206718127548188,False,False,0.9378749560790787,False,False,2737.6938647533602,2.7172467180744206,-189.19272035443691,0.15597329655364878,1.0181636911971055,0.1531907864149656,medium,0.06758961697749293,0.07385148862442681,0.0013517923395498584,0.0014770297724885362,2.2406987652561403,2.455712664011356,0.04481397530512281,0.049114253280227116,-1.3276361766798488,-1.340625042190452,-0.026552723533596976,-0.02681250084380904,0.004813657139568142,1.0048252613992679,1000.0
0e606072-a3aa-4300-ba90-ec92a721fa76,"Jace, the Mind Sculptor",-0.19989727560037332,0.20168272036360124,-0.9911472596164458,0.3216136791145837,0.8188148610229428,0.5514547969283252,1.2157982492247015,2739.4277652090896,False,-0.04561212694447286,-0.04983396960696679,-0.09500906280296384,0.21388612322917042,-0.44420395941800034,0.6568951298908847,0.909364693037851,0.5979633202231892,1.3829345663462582,2737.7012242201586,False,-0.021577130028498554,-0.02347537111146014,-0.054963971503846645,0.20554670337962747,-0.2674038094511923,0.7891582666845461,0.9465192490042972,0.6326515324186733,1.4161013493645898,2926.879860388158,False,-0.013604925286862826,-0.013737920872854859,114,0.7465337651916274,False,False,0.9262693917885857,False,False,0.9378749560790787,False,False,2737.7012242201586,1.7265409889309922,-189.17863616799923,0.12770438798135442,0.8915662676883636,0.14323600231361824,medium,-4.561212694447286,-4.983396960696679,-0.09122425388894571,-0.09966793921393358,-2.1577130028498552,-2.347537111146014,-0.04315426005699711,-0.04695074222292028,-1.3604925286862826,-1.3737920872854859,-0.02720985057372565,-0.027475841745709717,0.0008048282124502356,1.0008051521735812,1000.0
02c532e8-21f1-4d6f-a931-1ea48a6aeea2,Coalition Relic,-0.18241047504000327,0.21134500368390988,-0.8630933869286949,0.38808612360796446,0.8332592380892179,0.5506550649629606,1.26089997539154,2739.66567991883,False,-0.04164129422698863,-0.04549417080433832,-0.1011731424245531,0.21514615563216277,-0.4702530804107403,0.6381742148562266,0.9037765372773221,0.5928228810613102,1.3778348566281327,2737.677428362767,False,-0.02297489278682671,-0.024997969064793957,-0.05991321282278216,0.20900947799679356,-0.2866530905536317,0.774377959087722,0.9418462702165169,0.6252699580033497,1.4187062489831181,2926.8691868150704,False,-0.014828923766463468,-0.014974805699426497,101,0.7882371007995962,False,False,0.9197216625869148,False,False,0.9378749560790787,False,False,2737.677428362767,1.9882515560630054,-189.19175845230347,0.10858703212729903,0.8929606818610191,0.12160337440725032,medium,-4.164129422698863,-4.549417080433832,-0.08328258845397726,-0.09098834160867664,-2.2974892786826713,-2.4997969064793955,-0.04594978557365342,-0.049995938129587914,-1.4828923766463469,-1.4974805699426497,-0.029657847532926936,-0.029949611398852993,0.0010140865966872343,1.0010146009563536,1000.0
cea3b218-0e6e-443a-84f7-380f1021e8e1,Barrowgoyf,-0.14462406013704507,0.16559999996864075,-0.8733336966451217,0.3824812188758969,0.8653475506078651,0.6255024325739739,1.1971598260003138,2739.6478043058073,False,-0.03304624773761396,-0.036107418617864484,-0.0816308521835314,0.16943408826474834,-0.48178529491644884,0.6299584766463524,0.9216121070069155,0.6611849564514283,1.2846161539129368,2737.6665269340147,False,-0.01854221275678496,-0.02020060127055373,-0.06097988983584604,0.161942964822879,-0.3765516452199158,0.7065068284242606,0.940842160076046,0.6849646136984266,1.2923061315489872,2926.8095350709536,False,-0.015094112814716572,-0.015242045506518753,175,0.7882371007995962,False,False,0.9197216625869148,False,False,0.9231689224743672,False,False,2737.6665269340147,1.9812773717926575,-189.143008136939,0.07549460946818098,0.9092672725636088,0.08302796300512363,medium,-3.304624773761396,-3.6107418617864484,-0.06609249547522791,-0.07221483723572897,-1.854221275678496,-2.0200601270553733,-0.03708442551356992,-0.04040120254110746,-1.5094112814716572,-1.5242045506518753,-0.030188225629433144,-0.030484091013037506,-0.0035240073208375484,0.9964821947054934,1000.0
d40b65c1-b24d-492d-81b9-d8474ebdc08c,Sylvan Caryatid,-0.16688534045747325,0.17381567867291287,-0.9601282331470157,0.33699068061456916,0.8462966417601362,0.6019601266567536,1.18980971353088,2739.4872286852897,False,-0.038128436633622476,-0.04164471030108269,-0.1868906609079838,0.179470693807431,-1.041343614063889,0.29771610174147844,0.8295344319686148,0.5835336143521777,1.179242046896359,2736.8125248737606,False,-0.04238790495167177,-0.04589740406368864,-0.06221338351731589,0.1722885198286527,-0.36109999423751155,0.7180246975596036,0.9396823526709392,0.6703878306293944,1.31715237594958,2926.8209201101545,False,-0.015401104008585863,-0.01554892032426941,159,0.750570152277904,False,False,0.809233209594387,False,False,0.928929641727276,False,False,2736.8125248737606,2.6747038115290707,-190.00839523639388,0.11014792070232449,0.8718378087998967,0.126339921933353,medium,-3.812843663362248,-4.164471030108269,-0.07625687326724495,-0.08328942060216538,-4.238790495167177,-4.589740406368864,-0.08477580990334355,-0.09179480812737728,-1.5401104008585864,-1.554892032426941,-0.030802208017171727,-0.03109784064853882,-0.004921259833894294,0.9950908297251977,1000.0
07c17b01-ee5d-491a-8403-b3f819b778c4,Wishclaw Talisman,-0.06319237870808449,0.24375090382930364,-0.25924982314050204,0.7954424914559854,0.9387628583305323,0.5821983101419729,1.5137036450105912,2740.344088057367,False,-0.014454875643842435,-0.015793390370609173,0.011695705275996055,0.25627391585914916,0.04563751732901345,0.9635991658078967,1.011764367460071,0.6122582123736703,1.6719532944984297,2737.896655293101,False,0.002657435219187417,0.0029035774599185382,-0.06338682769990014,0.24634317100507536,-0.25731108129071784,0.7969386387553391,0.9385803345855301,0.5791351303605498,1.521118299147639,2926.8851762995873,False,-0.01568695156775793,-0.015842824968390457,76,0.9374126485600508,False,False,0.9942424259274446,False,False,0.9378749560790787,False,False,2737.896655293101,2.4474327642660683,-188.98852100648628,0.07318403287454078,0.963035853458711,0.07599305115349837,low,-1.4454875643842435,-1.5793390370609173,-0.02890975128768487,-0.031586780741218345,0.2657435219187417,0.2903577459918538,0.005314870438374834,0.0058071549198370764,-1.5686951567757927,-1.5842824968390457,-0.03137390313551586,-0.03168564993678091,0.0020997495151999102,1.0021019555329713,1000.0
80c72839-0fa6-4b5f-83b7-6553ebf09bef,"Otharri, Suns' Glory",0.1818717556631413,0.18274222098950488,0.9952366490805998,0.3196211809859981,1.1994603600174596,0.8383639226963632,1.716086673465171,2739.4185619853743,False,0.041531971105449525,0.04536634741133022,-0.012230518724131393,0.19427403051816128,-0.06295498524177708,0.9498023497482868,0.9878439700818273,0.6750236048723925,1.445631978175785,2737.894775266629,False,-0.0027788606455451973,-0.003033543030095953,-0.06362783683657165,0.1858672464336975,-0.3423294747053185,0.7321029564507331,0.938354155406114,0.6518585816791632,1.3507661718585722,2926.8342923137316,False,-0.01574192390314177,-0.015902309623845423,143,0.7465337651916274,False,False,0.9942424259274446,False,False,0.9348024720804149,False,False,2737.894775266629,1.5237867187452139,-188.93951704710253,0.2611062046113456,1.0418861618351336,0.2506091492293595,low,4.153197110544952,4.536634741133022,0.08306394221089905,0.09073269482266044,-0.27788606455451975,-0.3033543030095953,-0.005557721291090395,-0.006067086060191906,-1.574192390314177,-1.5902309623845423,-0.03148384780628354,-0.031804619247690846,7.895635000411034e-05,1.0000789594671387,1000.0
1ee98955-4c47-4d45-9377-608dfa755337,Bone Shards,-0.018269346986226898,0.18288555954225297,-0.09989496727873716,0.9204277118962507,0.9818965258678577,0.6861046967796627,1.4052094265446904,2740.4013346330466,False,-0.004180265834004332,-0.004567233415750271,0.10754111569100244,0.1905613482242634,0.5643385539256468,0.5725237478974433,1.1135366436338916,0.766470454939102,1.6177581911020313,2737.5806505602486,False,0.02440409220591797,0.026753817091904386,-0.06499524876786059,0.18159024276919816,-0.3579225831559121,0.7204012498920599,0.937071915613029,0.6564477844892744,1.3376597435146327,2926.823201555354,False,-0.016088183513189688,-0.016245575354848274,142,0.9888159179696718,False,False,0.9160379966359093,False,False,0.9289384538081825,False,False,2737.5806505602486,2.8206840727980307,-189.24255099510538,0.17646472802086255,1.0108350283715928,0.17457322220534724,medium,-0.41802658340043314,-0.45672334157502714,-0.008360531668008663,-0.009134466831500543,2.440409220591797,2.6753817091904386,0.04880818441183594,0.05350763418380877,-1.6088183513189687,-1.6245575354848274,-0.032176367026379375,-0.03249115070969655,-0.0012232264615400271,0.9987775213749925,1000.0
fa7b7897-36e0-415a-8bb7-602886164852,Show and Tell,-0.28235039425216346,0.23624097415586787,-1.1951796053205967,0.23201686504593655,0.7540094376674654,0.47455265217623405,1.1980340421329538,2738.975803967425,False,-0.06428360482657831,-0.07017438304847129,-0.12026039472331511,0.2515910494835995,-0.4779994954914107,0.6326505641209547,0.886689517381829,0.5415180651907358,1.4518782488962687,2737.6698087281147,False,-0.027308473197757616,-0.029714431984844525,-0.06559645487987173,0.2420353143494952,-0.2710201817291483,0.7863755101855511,0.9365087115677897,0.582756602630678,1.5049997938816853,2926.8778446341294,False,-0.016237351908225322,-0.01639524762235761,82,0.6731487339361298,False,False,0.9197216625869148,False,False,0.9378749560790787,False,False,2737.6698087281147,1.3059952393100502,-189.20803590601463,0.18249927390032428,0.8590692222056946,0.21243838003153004,low,-6.4283604826578316,-7.017438304847129,-0.12856720965315663,-0.14034876609694258,-2.7308473197757617,-2.9714431984844527,-0.05461694639551523,-0.05942886396968905,-1.6237351908225321,-1.6395247622357612,-0.032474703816450644,-0.03279049524471522,-0.0029295474375253625,0.9970747394992856,1000.0
b34bf7fd-9fe3-43e2-8cfe-7ce7cff08afe,Stonecoil Serpent,0.1459509267819516,0.19359713320881716,0.7538899174944209,0.45091532528332945,1.1571394021032813,0.7917580277966817,1.6911373789616673,2739.8437863011372,False,0.03332995503419885,0.036433871824212705,0.20103770520458714,0.19791296259942262,1.0157884686486605,0.30973012840097747,1.2226708720095851,0.8295501596075021,1.8020900170376624,2736.868867782943,False,0.04551953047102909,0.05013812148416169,-0.0664077944245944,0.19289814830559887,-0.3442635142323287,0.7306481205618865,0.9357491931714366,0.6411523562135532,1.3657074547650003,2926.832815562304,False,-0.016435639823070187,-0.016596947123021122,120,0.8095992521832868,False,False,0.809233209594387,False,False,0.9348024720804149,False,False,2736.868867782943,2.9749185181940447,-189.96394777936075,0.28692167883814856,1.1051864890947678,0.259613813296939,low,3.332995503419885,3.6433871824212707,0.0666599100683977,0.07286774364842541,4.551953047102909,5.013812148416169,0.09103906094205819,0.10027624296832338,-1.6435639823070187,-1.6596947123021122,-0.032871279646140374,-0.033193894246042244,0.0025568686685117662,1.002560140244942,1000.0
33ab05b5-d6f5-439c-9aed-1a58ceb282ad,Flametongue Yearling,0.3415073777954905,0.23772207104464094,1.4365825448801517,0.15083664629148838,1.4070669743201414,0.8830019398879402,2.242166614575835,2738.3463743265656,False,0.07749918130663254,0.08464700076829118,0.1690062652635619,0.24421713871454004,0.6920327793255721,0.48891674397707285,1.1841275577719692,0.7336968646463206,1.911086363645455,2737.4192832882964,False,0.038325796474957236,0.04213945937300928,-0.0664509661908352,0.2336729157605409,-0.28437598758313787,0.7761222588294344,0.9357087960980218,0.5918808796919562,1.4792688548258035,2926.870558196126,False,-0.016443565274975067,-0.016607166289569764,82,0.6021016446631168,False,False,0.9084793269322101,False,False,0.9378749560790787,False,False,2737.4192832882964,0.9270910382692819,-189.45127490782943,0.47135817822211956,1.175634442730044,0.40093940862053795,low,7.749918130663254,8.464700076829118,0.15499836261326508,0.16929400153658236,3.8325796474957237,4.213945937300928,0.07665159294991447,0.08427891874601856,-1.6443565274975067,-1.6607166289569764,-0.032887130549950135,-0.03321433257913953,-0.0033072601328631808,0.9966982028277932,1000.0
24da9431-7e52-44f5-bc18-2f2d8a4ca81e,Abrade,0.005512708748908711,0.18677758362243901,0.029514830645054065,0.976453990950306,1.0055279316881385,0.6972778189637348,1.4500481643137026,2740.4104447105883,False,0.0012613301835691973,0.0013781743198919005,-0.11366239793945249,0.19199362658286445,-0.5920113076795067,0.5538430164080681,0.8925592348601945,0.6126448308148882,1.3003651506772098,2737.5483090227763,False,-0.02580213488060009,-0.02803914423509113,-0.06770523198574696,0.18357517735136314,-0.36881474370665623,0.7122658143466902,0.9345359042738904,0.6521291984237158,1.3392397679601538,2926.815385455744,False,-0.016754287038523094,-0.016920005164789254,136,0.9939868066079038,False,False,0.9090895122587529,False,False,0.9260122736498948,False,False,2737.5483090227763,2.8621356878120423,-189.26707643296777,0.11296869682794397,0.9442076902740745,0.11964390672898738,medium,0.12613301835691973,0.13781743198919005,0.0025226603671383947,0.002756348639783801,-2.580213488060009,-2.803914423509113,-0.05160426976120018,-0.05607828847018226,-1.6754287038523095,-1.6920005164789254,-0.03350857407704619,-0.03384001032957851,0.0009597441786627515,1.0009602048804804,1000.0
1163fe84-c5d5-42c8-b7cd-d206a9b0bd3f,Tireless Provisioner,-0.22297218294050017,0.22024834070814012,-1.0123671407630241,0.311362543396284,0.8001371064464865,0.5196192585292724,1.2320932656049541,2739.3843981837003,False,-0.050848817199559526,-0.05554276903071198,-0.2847655679347287,0.22748035249012913,-1.2518248930842732,0.21063367735014704,0.7521905712404987,0.4816068995339264,1.1747976534610485,2736.332534025342,False,-0.06436082442189185,-0.06939800517913663,-0.06843615713425094,0.21864206145588866,-0.3130054513690086,0.7542765205172168,0.9338530780571038,0.60836843764072,1.4334760277484127,2926.8533799013303,False,-0.016937452950262884,-0.01710253337576506,94,0.7442324208008739,False,False,0.7438594731644832,False,False,0.9378749560790787,False,False,2736.332534025342,3.051864158358512,-190.52084587598847,0.18166250681660512,0.828726918581363,0.21920671664386124,low,-5.084881719955953,-5.554276903071198,-0.10169763439911905,-0.11108553806142396,-6.436082442189186,-6.939800517913664,-0.1287216488437837,-0.13879601035827327,-1.6937452950262883,-1.710253337576506,-0.03387490590052577,-0.03420506675153012,-0.005973199849090916,0.9940446042423572,1000.0
5ad36fb2-c44e-4085-ba0d-54277841ad3a,Lurrus of the Dream-Den,0.16219838296610245,0.20754732313879176,0.7815007224045795,0.43450805200005826,1.176093535103386,0.7830220907816495,1.766484010599507,2739.800898641113,False,0.037034176771913695,0.0404737655665634,0.17829300273541832,0.2148551760815437,0.8298287524976872,0.40663561198480747,1.1951754596155164,0.7844102304276462,1.8210425155832026,2737.2104504450645,False,0.04041170766047931,0.04446321537170966,-0.07028845835578999,0.20219566600346897,-0.34762593949261056,0.7281211229764815,0.9321249019053962,0.6271359324237131,1.385436215389931,2926.8305521290818,False,-0.017393759330866166,-0.01756574330228533,111,0.8001702702994067,False,False,0.8669979999518201,False,False,0.9348024720804149,False,False,2737.2104504450645,2.590448196048328,-189.6201016840173,0.2630505577101202,1.1011312988747661,0.2388911821677657,low,3.7034176771913696,4.04737655665634,0.07406835354382739,0.0809475311331268,4.041170766047931,4.446321537170967,0.08082341532095862,0.08892643074341933,-1.7393759330866165,-1.756574330228533,-0.03478751866173233,-0.03513148660457066,0.00011481424720005123,1.000114820838608,1000.0
e41cf82d-3213-47ce-a015-6e51a8b07e4f,Questing Beast,0.27220308654587444,0.17238431286927078,1.579047896036237,0.11432507147533527,1.312853597141461,0.9364396823709588,1.8405719022536013,2737.9212452120296,False,0.061867702014299725,0.06772239744071468,0.18187963162307727,0.1958460419898845,0.9286867877190563,0.35305142988563243,1.1994698069564016,0.8171124052364064,1.760746512450482,2737.036216886124,False,0.04120302475736277,0.04536309774972497,-0.07211727245182788,0.18569999578279905,-0.3883536569175729,0.6977543345211543,0.9304217765700179,0.6465600087064862,1.3389084859232245,2926.800522113129,False,-0.017848634210496126,-0.01802186030399311,164,0.5726643704578374,False,False,0.8417274981732837,False,False,0.9217437064004868,False,False,2737.036216886124,0.8850283259057505,-189.76430522700502,0.3824318205714431,1.1475817268892936,0.3332501830680823,low,6.186770201429972,6.7722397440714674,0.12373540402859945,0.13544479488142935,4.120302475736277,4.536309774972497,0.08240604951472554,0.09072619549944994,-1.7848634210496126,-1.802186030399311,-0.03569726842099225,-0.03604372060798622,0.005147110654219685,1.0051603797843887,1000.0
0d08f5e4-d2d3-4659-86d4-a983d80e3b2c,Tundra,-0.08513668896112121,0.195502654026994,-0.4354758731273591,0.6632170479117678,0.9183867424918175,0.6260519708167352,1.3472271442327768,2740.2216064475606,False,-0.01947064177386743,-0.021273418559706825,-0.057974593870550616,0.2020299492798323,-0.286960394125773,0.7741426462899637,0.9436739222340701,0.6351123958212481,1.402146261612677,2737.816385057955,False,-0.013170674930296812,-0.014348755595352924,-0.07441659874189797,0.19599899315702227,-0.3796784745842036,0.7041841005392857,0.9282848909583881,0.6321841028170968,1.3630726159384885,2926.8072024668672,False,-0.018415564194388893,-0.018595556719649187,119,0.9373483511095025,False,False,0.9695332822545232,False,False,0.9231689224743672,False,False,2737.816385057955,2.4052213896056855,-188.99081740891233,0.025287179742252586,0.9301151852280919,0.02718714858531357,medium,-1.947064177386743,-2.1273418559706823,-0.03894128354773486,-0.04254683711941365,-1.3170674930296813,-1.4348755595352924,-0.026341349860593624,-0.02869751119070585,-1.8415564194388894,-1.8595556719649187,-0.036831128388777785,-0.03719111343929837,-0.004138215076364996,0.995870335536819,1000.0
fadb218d-29e2-42d1-a7a1-1066741d63ad,Mox Diamond,-0.022826305694132864,0.18465118707306935,-0.12361851584035655,0.9016173314178432,0.9774322434447634,0.6806257847185814,1.4036696992319826,2740.3960342779596,False,-0.005222542468258803,-0.005706373900445871,-0.022012094048821373,0.18754651849556303,-0.11736871590789959,0.9065678737873786,0.9782284042375897,0.6773255363583285,1.412807814691593,2737.884961591987,False,-0.00500142719765719,-0.005457724115140117,-0.0757996275287464,0.17971577334524413,-0.4217750402082462,0.673189225756306,0.927001933619762,0.6517836851895275,1.3184321799722536,2926.7735049443963,False,-0.01875523963913975,-0.0189427216382711,138,0.9872457930608786,False,False,0.9942424259274446,False,False,0.9006490665408599,False,False,2737.884961591987,2.511072685972522,-188.88854335240922,0.0512264706178277,0.960887527100705,0.05331161990664382,medium,-0.5222542468258804,-0.5706373900445871,-0.010445084936517607,-0.011412747800891743,-0.500142719765719,-0.5457724115140117,-0.01000285439531438,-0.010915448230280234,-1.8755239639139751,-1.8942721638271098,-0.0375104792782795,-0.0378854432765422,-0.00023078290090614042,0.999769243727419,1000.0
4e4fb50c-a81f-44d3-93c5-fa9a0b37f617,"Omnath, Locus of Creation",-0.09360661876447131,0.2341826698307124,-0.39971625070351413,0.6893655214237625,0.9106409208402751,0.5754490124912255,1.4410779560099933,2740.251681831296,False,-0.02140168652614543,-0.023386521130502436,-0.12226627415271779,0.25123746364138533,-0.48665621910289564,0.6265019759763446,0.8849127077473509,0.5408075990307959,1.4479650466009022,2737.6621109750313,False,-0.027749071548305967,-0.030145636801126974,-0.07621658894617002,0.24238034920816706,-0.3144503636336946,0.75317900986458,0.9266154901511725,0.5762105923459646,1.490108439507084,2926.8525409797776,False,-0.018857653587954486,-0.019045102172040307,82,0.9373483511095025,False,False,0.9197216625869148,False,False,0.9378749560790787,False,False,2737.6621109750313,2.5895708562647997,-189.1904300047463,0.04170278240382164,0.9073897062462661,0.04595906490535333,low,-2.140168652614543,-2.3386521130502436,-0.04280337305229086,-0.04677304226100487,-2.7749071548305966,-3.0145636801126976,-0.055498143096611934,-0.06029127360225395,-1.8857653587954486,-1.9045102172040307,-0.03771530717590897,-0.038090204344080614,0.0016587298487957382,1.001660106302101,1000.0
55707746-da6e-46e5-a5ca-7ac843fdc38e,"Phelia, Exuberant Shepherd",-0.19619188690813022,0.17185960188980126,-1.141582342509621,0.2536276670818607,0.8218545164245469,0.5868202602659184,1.1510250955911903,2739.107048896476,False,-0.04475905968734714,-0.04892439032492896,-0.297048820625339,0.17812208343815789,-1.6676698076489276,0.09538129213506434,0.743007737374093,0.5240500394095164,1.0534499690522188,2735.1135524186247,False,-0.06705857039008373,-0.0722535614040844,-0.07837011259164144,0.168441383811485,-0.4652663782396322,0.6417407089241778,0.9246221489069939,0.664636353417606,1.2863065853278985,2926.7348461495158,False,-0.019393048236954986,-0.019582559047882142,166,0.6896918746929452,False,False,0.6301343522866748,False,False,0.8914635999079011,False,False,2735.1135524186247,3.993496477851295,-191.621293730891,0.18161441153290092,0.8298281342352113,0.21885786229733092,low,-4.475905968734714,-4.892439032492896,-0.08951811937469428,-0.09784878064985791,-6.7058570390083725,-7.22535614040844,-0.13411714078016745,-0.1445071228081688,-1.9393048236954986,-1.9582559047882142,-0.03878609647390997,-0.039165118095764284,-0.001407451144770256,0.9985935388500813,1000.0
229a0d4a-3777-451d-a2fb-f1a2fdf8019f,Spara's Headquarters,-0.23508280863545347,0.20856605852844917,-1.1271383766567526,0.25968397988617564,0.7905053862459526,0.5252545465342057,1.1897065333506218,2739.1378603816593,False,-0.05359184571027881,-0.05854011875532322,-0.2168035954324619,0.21026321043546511,-1.0311057031016093,0.302491253661612,0.8050880767535256,0.5331675839139002,1.2156905837609238,2736.8337630731594,False,-0.04911620759003238,-0.05315736013198763,-0.08602079640903972,0.20379454980666986,-0.4220956668892447,0.6729551905914244,0.9175751487536101,0.6154152018379943,1.3680912513952628,2926.773084504023,False,-0.021285661266641418,-0.02149343493285466,105,0.6896918746929452,False,False,0.809233209594387,False,False,0.9006490665408599,False,False,2736.8337630731594,2.304097308499877,-189.9393214308634,0.12706976250765756,0.8377228705843628,0.1516847241129022,medium,-5.359184571027881,-5.854011875532322,-0.10718369142055761,-0.11708023751064645,-4.911620759003238,-5.315736013198763,-0.09823241518006476,-0.10631472026397526,-2.128566126664142,-2.149343493285466,-0.042571322533282836,-0.04298686986570932,-0.0018809819721518045,0.9981207859657778,1000.0
19adde22-e5eb-4815-beb6-c520b3274cc9,Lotus Cobra,0.052866992458942885,0.17215065965283388,0.30709724008933015,0.7587693583668337,1.0542894073515878,0.752354015540889,1.4773977828172475,2740.3170506599286,False,0.012091493040170303,0.01321431930297251,-0.01696300255756379,0.17929043144121826,-0.09461186757824966,0.9246231231598966,0.9831800591096655,0.6918595902728152,1.3971664803399158,2737.8897860031148,False,-0.003854446996100256,-0.0042064954857971015,-0.09520869145656413,0.17232623932270333,-0.5524909719539196,0.5806120181287817,0.9091831759071612,0.6485811678998954,1.274495912407088,2926.645984177131,False,-0.023557027819329654,-0.023784975296757993,159,0.9374126485600508,False,False,0.9942424259274446,False,False,0.8492533996510538,False,False,2737.8897860031148,2.4272646568138043,-188.7561981740164,0.14510623144442658,0.9822175474561382,0.14773329169310775,medium,1.2091493040170302,1.321431930297251,0.024182986080340606,0.02642863860594502,-0.38544469961002564,-0.42064954857971015,-0.007708893992200512,-0.008412990971594203,-2.3557027819329655,-2.3784975296757995,-0.04711405563865931,-0.047569950593515986,0.0022998137633276935,1.0023024603635076,1000.0
3ca1e1de-b916-445f-b3b2-0f4d0cc7ceeb,Stern Scolding,-0.1674404950531702,0.20608254057234576,-0.8124923857603057,0.4165091539145833,0.8458269466788948,0.5647555622834938,1.2667838468654455,2739.749272602649,False,-0.03825342606739441,-0.041776928167088834,-0.007530766288909934,0.2183743115653074,-0.03448558685739815,0.972489935534467,0.9924975188839937,0.6469123811215924,1.5226966645514475,2737.8975485600113,False,-0.0017111779676344217,-0.0018683846359535128,-0.09844862418697087,0.20930704885194854,-0.4703550345149036,0.6381013840923527,0.9062422503507028,0.6012824789744681,1.3658721899255264,2926.7297878719146,False,-0.024361189491363257,-0.024598341295015758,109,0.7926616185116565,False,False,0.9942424259274446,False,False,0.8914635999079011,False,False,2737.8975485600113,1.8517240426376702,-188.83223931190332,0.14667057220509894,0.9148555719711972,0.1603210131726854,medium,-3.825342606739441,-4.177692816708883,-0.07650685213478882,-0.08355385633417767,-0.1711177967634422,-0.18683846359535128,-0.0034223559352688435,-0.0037367692719070256,-2.4361189491363255,-2.4598341295015755,-0.048722378982726515,-0.049196682590031515,-0.003927430548238785,0.9960802717204424,1000.0
1be9d9a4-d7ee-4854-abc2-85cabf993ec9,Archon of Cruelty,-0.2369791935062064,0.19452446249580144,-1.2182488025706344,0.22312943919361483,0.7890077043307294,0.5388882057877579,1.1552176329099948,2738.9202303188767,False,-0.05405027445862706,-0.05901460120690183,-0.06745733360657766,0.21490283598978255,-0.31389689808367577,0.7535993463770526,0.9347676029275093,0.6134436358563468,1.424402211399682,2737.800110241445,False,-0.015327903420088747,-0.016710705408511273,-0.1021269711209112,0.20698890858388305,-0.4933934471156644,0.6217346116123308,0.9029149002733476,0.6018029385008098,1.3546881628171583,2926.707547195935,False,-0.025273658481763595,-0.02552047199331603,122,0.657508648124563,False,False,0.9685604714091955,False,False,0.8766905314821356,False,False,2737.800110241445,1.120120077431693,-188.9074369544901,0.14575989859677985,0.8755634025105289,0.16647554954768343,medium,-5.405027445862706,-5.901460120690183,-0.10810054891725412,-0.11802920241380366,-1.5327903420088747,-1.6710705408511273,-0.030655806840177494,-0.033421410817022545,-2.5273658481763595,-2.5520471993316027,-0.05054731696352719,-0.05104094398663206,-0.006658297442745363,0.9933638199044891,1000.0
b841bfa8-7c17-4df2-8466-780ab9a4a53a,Fabled Passage,-0.16882776386984127,0.1848442531324673,-0.9133514351071119,0.36105773883881953,0.8446543708584557,0.5879446312785788,1.2134493084132822,2739.5758881090655,False,-0.038557877375392194,-0.042125211012493724,-0.22536784500397525,0.18966672342346846,-1.188230813165876,0.2347424871403595,0.7982225425746833,0.5503974513506468,1.1576347708566535,2736.4843793462305,False,-0.05103848831048545,-0.055287882194107796,-0.1025180124147391,0.18144183984016587,-0.5650185894557085,0.5720611201467793,0.9025618922873764,0.6324563842273577,1.2880223675891105,2926.63185204042,False,-0.025362023868646173,-0.025611118716121373,138,0.7819593017945705,False,False,0.800165695295834,False,False,0.848910527469206,False,False,2736.4843793462305,3.0915087628350193,-190.14747269418967,0.1043393497126931,0.8484796019068385,0.12297213684124532,medium,-3.8557877375392193,-4.212521101249372,-0.07711575475078439,-0.08425042202498745,-5.103848831048545,-5.52878821941078,-0.1020769766209709,-0.11057576438821559,-2.5362023868646175,-2.5611118716121375,-0.050724047737292347,-0.051222237432242745,-0.00763801418284668,0.9923910813230602,1000.0
b3da28c7-6e92-439d-a163-91682d4f11dc,Shattered Landscape,-0.3221845320951125,0.24219140980172754,-1.3302888502894141,0.1834231193514324,0.7245644725925037,0.45073319707088466,1.1647548446729776,2738.6408178316688,False,-0.07318699996023946,-0.07992967138407642,-0.3244999292126385,0.24285384579199845,-1.3361943194861694,0.18148576729882915,0.722888758821253,0.44910728981600273,1.163570864868895,2736.111340120625,False,-0.07321137944721577,-0.07881476781723162,-0.10464874352232387,0.23852923511012414,-0.43872502032721333,0.6608607953648771,0.9006408229548593,0.5643018112190531,1.4374469049115437,2926.7587570883707,False,-0.025886070127100747,-0.02613977374488946,75,0.6461218267021294,False,False,0.7410668831368857,False,False,0.9006490665408599,False,False,2736.111340120625,2.52947771104391,-190.6474169677458,0.17775206413360622,0.782698018122872,0.22710171741574767,low,-7.318699996023946,-7.992967138407642,-0.14637399992047892,-0.15985934276815283,-7.321137944721577,-7.881476781723162,-0.14642275889443154,-0.15762953563446325,-2.588607012710075,-2.613977374488946,-0.051772140254201494,-0.05227954748977892,-0.008244233266903689,0.9917896572265154,1000.0
3f3c77ad-fce8-4506-90e1-7ef71552a71c,Wheel of Fortune,-0.24772275573630712,0.1932428262069231,-1.281924719270289,0.1998690556025453,0.7805763235896379,0.5344705249631347,1.1400056102078628,2738.7625875307413,False,-0.056456226178634945,-0.061668529991339815,-0.20821974134623017,0.19828407173869952,-1.0501082589257293,0.29366834199352065,0.8120285808520579,0.5505395277954073,1.1977167538924673,2736.79237707306,False,-0.04719059755170463,-0.05122886805800081,-0.10552191002702482,0.1901215062983418,-0.5550235324847369,0.5788785644348262,0.8998547567887548,0.6199229627006412,1.3061922723233101,2926.6430291016327,False,-0.026105509181186332,-0.026363901738225504,127,0.648670173697577,False,False,0.809233209594387,False,False,0.8492533996510538,False,False,2736.79237707306,1.9702104576813326,-189.85065202857277,0.1192784331991169,0.8308198870768169,0.14356713778095748,medium,-5.645622617863495,-6.166852999133981,-0.11291245235726989,-0.12333705998267963,-4.719059755170463,-5.122886805800081,-0.09438119510340925,-0.10245773611600162,-2.610550918118633,-2.6363901738225506,-0.052211018362372665,-0.05272780347645101,-0.0005910687221203544,0.9994091059245857,1000.0
ebc01ab4-d89a-4d25-bf54-6aed33772f4b,Force of Will,-0.13954511345955534,0.1786686596684666,-0.7810273705444033,0.4347863968718715,0.8697537847171233,0.6127883410675832,1.2344746062104506,2739.800471958735,False,-0.03189356989142288,-0.03484080634314568,-0.018204695358962714,0.18815464905629697,-0.09675389606512333,0.9229218376933338,0.9819600091281859,0.6790993747889689,1.419888598523107,2737.889375558902,False,-0.004136602042816415,-0.004514851130590525,-0.10913860910825396,0.17887959216713883,-0.6101233113628672,0.5417801255710819,0.8966061311085336,0.6314461526715556,1.2731133936602825,2926.5786928192224,False,-0.027000880607964246,-0.027265761173321468,151,0.8001702702994067,False,False,0.9942424259274446,False,False,0.8263727985364362,False,False,2737.889375558902,1.9110963998332409,-188.68931726032042,0.11220622441106265,0.916106641651281,0.12248161874343699,medium,-3.1893569891422877,-3.484080634314568,-0.06378713978284575,-0.06968161268629136,-0.4136602042816415,-0.4514851130590525,-0.00827320408563283,-0.00902970226118105,-2.700088060796425,-2.7265761173321468,-0.05400176121592849,-0.054531522346642936,-0.0003352419107480671,0.9996648142765423,1000.0
4a706ecf-3277-40e3-871c-4ba4ead16e20,Wrenn and Six,0.04809702552353689,0.2046490668643601,0.23502196350308915,0.8141916861959019,1.0492724565951639,0.7025665525534348,1.5670724491051171,2740.3560871240024,False,0.011002705579686705,0.012022283465363048,-0.03785740296211228,0.2136030281279842,-0.1772325200344506,0.8593257526923296,0.9628502306932337,0.6334847588879193,1.4634615178011554,2737.867318348717,False,-0.00860120324243066,-0.009378973763919551,-0.11050648787084079,0.20355164456190436,-0.5428916484987348,0.5872044064348658,0.8953805210574676,0.6008153009607157,1.3343639487995693,2926.6566053075176,False,-0.0273269196536923,-0.027601247934195272,110,0.9374126485600508,False,False,0.9892481634296245,False,False,0.8514697847975473,False,False,2737.867318348717,2.48876877528528,-188.7892869588004,0.1538919355376963,0.9691677361152884,0.1587877204358255,medium,1.1002705579686705,1.2022283465363048,0.02200541115937341,0.024044566930726097,-0.8601203242430661,-0.9378973763919551,-0.01720240648486132,-0.018757947527839103,-2.73269196536923,-2.760124793419527,-0.0546538393073846,-0.055202495868390544,0.0016384093751712829,1.0016397523011322,1000.0
78cef262-c753-4658-b3ec-fec8db47f944,Palace Jailer,0.19187794991441018,0.17301938311574436,1.1089968445099012,0.2674315432482849,1.2115226414988884,0.8630867763425759,1.7006251875209488,2739.1820406771117,False,0.04376033223559782,0.04785355357975862,0.10703199801214214,0.17867466573389265,0.5990328711265043,0.5491509647120665,1.1129698667328713,0.7841379269866032,1.5796990320512179,2737.53987047123,False,0.024293181016519408,0.02665739836326292,-0.1114713437232482,0.171676356433332,-0.6493109828232897,0.5161373882623241,0.8945170245634058,0.6389321560336457,1.2523406431771962,2926.529617307161,False,-0.027567688909981465,-0.027839572555698078,161,0.6896918746929452,False,False,0.9090895122587529,False,False,0.7989859310138195,False,False,2737.53987047123,1.6421702058814844,-188.98974683593087,0.3170056169354827,1.0730031775983886,0.29543772428056486,low,4.376033223559782,4.785355357975862,0.08752066447119564,0.09570710715951725,2.429318101651941,2.665739836326292,0.048586362033038816,0.05331479672652584,-2.7567688909981465,-2.783957255569808,-0.05513537781996293,-0.055679145111396156,-0.00029332511269633906,0.9997067179029085,1000.0
14065271-d942-42a8-aa38-d8a622c0375d,Scrubland,-0.2424696782331538,0.19760708448208025,-1.227029278169133,0.21981158681393642,0.7846875403306466,0.5327092164508898,1.1558548584017683,2738.901591892743,False,-0.05526404080816462,-0.06036934876686878,-0.2503080928711367,0.1997763497270606,-1.252941567973956,0.21022697259744694,0.7785608770606683,0.526307446295718,1.1517166317059742,2736.3240960553912,False,-0.056651446391315786,-0.06122069870452407,-0.11325169550671793,0.19069845693631485,-0.5938784053430446,0.5525934433675984,0.8929258863964964,0.61445433136526,1.2976011363210769,2926.5982886933944,False,-0.028012556864484207,-0.028283902144774498,120,0.657508648124563,False,False,0.7438594731644832,False,False,0.8331408838465331,False,False,2736.3240960553912,2.577495837351762,-190.27419263800311,0.11436500933582805,0.8187247679292705,0.13968675898871552,medium,-5.526404080816462,-6.036934876686878,-0.11052808161632924,-0.12073869753373756,-5.6651446391315785,-6.122069870452407,-0.11330289278263157,-0.12244139740904814,-2.8012556864484206,-2.8283902144774498,-0.056025113728968415,-0.056567804289548995,-0.006678838548413695,0.9933434153228644,1000.0
ed0216a0-c5c9-4a99-b869-53e4d0256326,Mox Pearl,0.2315875472621421,0.16842311635956136,1.3750342130455115,0.1691208380687731,1.2605996837977782,0.9061759732832435,1.75364566005145,2738.5207847684364,False,0.05274401415247785,0.057696512803470656,0.152632610164071,0.17216891921005617,0.8865282471678311,0.37533293966844195,1.1648969290253293,0.8312551666707426,1.632452837180548,2737.112739674354,False,0.034608785096563496,0.03804221077680758,-0.11637680562203614,0.1630053476463756,-0.7139447098048858,0.47526136920745443,0.8901397504350498,0.6467035462025321,1.2252117372129392,2926.4415975809557,False,-0.02877574895105543,-0.02906259551258389,172,0.6254280049335759,False,False,0.8554099555234258,False,False,0.7686809685859148,False,False,2737.112739674354,1.408045094082354,-189.32885790660157,0.3704599333627284,1.1052121210860524,0.3351935128965928,low,5.274401415247785,5.769651280347066,0.1054880283049557,0.11539302560694131,3.4608785096563497,3.8042210776807583,0.06921757019312699,0.07608442155361517,-2.877574895105543,-2.9062595512583886,-0.05755149790211086,-0.05812519102516778,0.005785297339892836,1.0058020644912724,1000.0
2b20d3e1-62ef-44db-8109-a33d4fa3e7f1,Exploration,-0.079242307992865,0.22775445524013105,-0.34792868446554215,0.7278937424613416,0.9238160493101301,0.5911762750788838,1.4436237192520929,2740.2901013324818,False,-0.018126389260276654,-0.019801463115638906,-0.14912167140933505,0.23624441601718457,-0.6312177613480093,0.5278981501851394,0.8614642929475556,0.5421781037572534,1.3687766490029587,2737.4996832864795,False,-0.03384347970325668,-0.036727186306813875,-0.12117090167997929,0.2299502237736966,-0.5269440476788948,0.5982324443322375,0.8858825478392925,0.5644670088270716,1.3903166638506974,2926.673260317702,False,-0.029968360589102423,-0.0302595925236101,88,0.9374126485600508,False,False,0.9084793269322101,False,False,0.8621585227141071,False,False,2737.4996832864795,2.790418046002287,-189.17357703122252,0.062351756362574506,0.890387630032326,0.07002765341687282,low,-1.8126389260276654,-1.9801463115638906,-0.03625277852055331,-0.03960292623127781,-3.384347970325668,-3.6727186306813877,-0.06768695940651336,-0.07345437261362775,-2.996836058910242,-3.02595925236101,-0.059936721178204845,-0.0605191850472202,0.0018991105671313446,1.0019009150197087,1000.0
f33d3948-fe7b-4c3b-ab67-1022623fbb2b,"Toby, Beastie Befriender",0.11551192619660608,0.23031770845359867,0.5015329779554396,0.6159960746797519,1.122447901002802,0.7146868656383603,1.7628549663358637,2740.1602495121742,False,0.026396242519892667,0.02884968829508816,0.12023740285566567,0.23679351198163817,0.5077732149392223,0.6116123961275897,1.1277645543271357,0.7090155072911458,1.7938294394376586,2737.6413365065287,False,0.027282911079830587,0.029956061147244806,-0.12141215308481956,0.2245036426097962,-0.5408025975589305,0.5886436522452432,0.8856688532082042,0.5703875182342384,1.3752217439320016,2926.6584356476483,False,-0.03002779321455562,-0.030316376491844488,88,0.9224700379303707,False,False,0.9197216625869148,False,False,0.8514697847975473,False,False,2737.6413365065287,2.5189130056455724,-189.01709914111962,0.24209570111893153,1.045293769512714,0.2316054186678924,low,2.6396242519892668,2.884968829508816,0.052792485039785335,0.05769937659017632,2.7282911079830585,2.9956061147244806,0.05456582215966117,0.05991212229448961,-3.002779321455562,-3.031637649184449,-0.06005558642911124,-0.060632752983688976,0.0003893487356646415,1.0003894245417215,1000.0
106f9629-b3aa-4703-82fb-c1e771bbce72,The Wandering Emperor,0.10785271264632589,0.21807789341178344,0.49456050294228615,0.6209103883460869,1.113883672325423,0.7264541139154476,1.7079355897454254,2740.1669512435146,False,0.02465189544323463,0.026940494388320357,0.04757603798059988,0.222786640780705,0.21354977934888958,0.8308981661342394,1.048725941092377,0.6776761378511924,1.6229376218077745,2737.8531490150854,False,0.010807553301827552,0.01182828137773495,-0.12462791307454897,0.21360611123420978,-0.5834473197159603,0.5595922107997582,0.8828253292416415,0.5808307392921355,1.3418376632415356,2926.6106698574595,False,-0.030817196876660364,-0.031116285542180377,96,0.9224700379303707,False,False,0.9821303249067016,False,False,0.8385943809964,False,False,2737.8531490150854,2.3138022284292674,-188.7575208423741,0.2310583430837816,1.0151449808864805,0.22761117617112062,low,2.465189544323463,2.6940494388320357,0.04930379088646926,0.053880988776640715,1.0807553301827553,1.182828137773495,0.021615106603655104,0.0236565627554699,-3.081719687666036,-3.1116285542180377,-0.06163439375332073,-0.062232571084360755,0.007064549790522577,1.0070895625890885,1000.0
0da69523-cece-425a-b08a-fb27fac29374,Figure of Destiny,0.10888713372216367,0.20993292182671647,0.5186758359512648,0.6039868151565337,1.1150364932204275,0.7389083438014749,1.6826259868941906,2740.1422916478164,False,0.024891799674992655,0.02719871585639433,-0.11731420664449761,0.22349660156448775,-0.5249037606088509,0.5996500950309199,0.8893057234927857,0.5738613021700077,1.3781460203823455,2737.623254793834,False,-0.02662949986828716,-0.028933766189328747,-0.12513847781366552,0.2149720232854431,-0.5821151789947325,0.5604891015843286,0.8823747048039949,0.5789821427319073,1.3447480711653905,2926.6125297212784,False,-0.03093588921130171,-0.031245421720117905,104,0.9141422067234024,False,False,0.9197216625869148,False,False,0.8385943809964,False,False,2737.623254793834,2.5190368539824703,-188.9892749274445,0.2326617884164326,0.9622389738390694,0.2417921064745236,low,2.4891799674992656,2.719871585639433,0.04978359934998531,0.05439743171278866,-2.662949986828716,-2.8933766189328747,-0.05325899973657432,-0.057867532378657494,-3.093588921130171,-3.1245421720117905,-0.06187177842260342,-0.06249084344023581,-0.0068875772361943225,0.9931360877612287,1000.0
e58e681e-a069-4414-aafe-634c7987fd0d,Swords to Plowshares,-0.24507938923551242,0.1659631103641961,-1.4767100272928146,0.13975338312071747,0.7826424023934364,0.5653178805813318,1.08351274754354,2738.226961622812,False,-0.055829673847489394,-0.06103423245724865,-0.33019535777334796,0.16980312237690706,-1.944577656472199,0.05182583063772457,0.7187832998100023,0.5152982201650529,1.0026221940379882,2734.1046193679113,False,-0.07444070442963563,-0.08022004459757981,-0.13647303253436094,0.161442650923907,-0.8453344376678067,0.39792413861398446,0.872429847164316,0.6357813091282023,1.1971629667233152,2926.236153403719,False,-0.03373683086672339,-0.034068113559500124,174,0.582801342375758,False,False,0.5616949213943763,False,False,0.7198965442907836,False,False,2734.1046193679113,4.122342254900559,-192.13153403580782,0.1536465473543137,0.7912851831225849,0.1941734164008869,medium,-5.582967384748939,-6.103423245724865,-0.11165934769497879,-0.1220684649144973,-7.444070442963563,-8.02200445975798,-0.14888140885927126,-0.16044008919515962,-3.373683086672339,-3.4068113559500124,-0.06747366173344678,-0.06813622711900025,-0.009626174722591736,0.9904200085889626,1000.0
18092f68-b96e-4084-9eba-b240d2195d81,"Adeline, Resplendent Cathar",0.34243562145878603,0.2080801957143126,1.6456905967588529,0.09982747596957735,1.4083736817004837,0.9366912481022595,2.1175776237102553,2737.7060679599444,False,0.07765243854597488,0.08490158464321396,0.2127890514982554,0.21465009190349837,0.991329887684932,0.3215245234961629,1.2371236543347603,0.8122678500399485,1.884199819110557,2736.916688140724,False,0.04818119199489672,0.053088841889924854,-0.13988651497117058,0.20380389100267446,-0.686378038628001,0.49247474954754833,0.8694569001415928,0.5831317444884787,1.2963713746487069,2926.480175529458,False,-0.03457100193962934,-0.0349143835147962,109,0.5511601490151312,False,False,0.809233209594387,False,False,0.7815793596058257,False,False,2736.916688140724,0.7893798192203576,-189.56348738873385,0.5389167815588909,1.1716514120589456,0.4599634123359705,low,7.765243854597488,8.490158464321397,0.15530487709194976,0.1698031692864279,4.818119199489672,5.308884188992486,0.09636238398979344,0.10617768377984971,-3.4571001939629338,-3.49143835147962,-0.06914200387925867,-0.0698287670295924,0.007000112638499821,1.0070246706965904,1000.0
d5806e68-1054-458e-866d-1f2470f682b2,The One Ring,-0.25380684940900566,0.17318758669882411,-1.4655025469601335,0.1427838579854202,0.7758416418468279,0.5525261483727167,1.0894149625250649,2738.256179684753,False,-0.05783790622399038,-0.06318372446517356,-0.22638568284995494,0.17554648692867933,-1.2896053165787957,0.1971877288447479,0.797410494797923,0.5652671672388855,1.124890200716626,2736.230826095747,False,-0.05128711785850171,-0.055536044914933635,-0.14109694281199153,0.16660627437120576,-0.8468885301259521,0.3970572562176544,0.8684051219824671,0.6264757324076536,1.2037616413123338,2926.2326228357088,False,-0.03489036086889559,-0.035226086402718904,160,0.5891712876872076,False,False,0.7432460548763574,False,False,0.7198965442907836,False,False,2736.230826095747,2.025353589006045,-190.00179673996172,0.0925634801356392,0.8138857528757394,0.1137303114209586,medium,-5.783790622399039,-6.3183724465173565,-0.11567581244798077,-0.12636744893034713,-5.128711785850171,-5.553604491493363,-0.10257423571700341,-0.11107208982986727,-3.489036086889559,-3.5226086402718906,-0.06978072173779118,-0.07045217280543781,0.0030565888677899626,1.003061264998666,1000.0
3462a3d0-5552-49fa-9eb7-100960c55891,"Oko, Thief of Crowns",-0.2587627711343765,0.1877605566532463,-1.3781529824299368,0.16815606026627639,0.7720061434637882,0.5343130038681164,1.1154388555606616,2738.502980019927,False,-0.05897300381831461,-0.06439565880401787,-0.22039118487147952,0.1930193402537003,-1.1418088186489617,0.25353349593454044,0.8022049261445935,0.549520559031255,1.1710803771657445,2736.589348540024,False,-0.049948278211303127,-0.05402596142671723,-0.14866919864338832,0.18525986980008757,-0.8024900309161183,0.4222695527856708,0.8618541702767349,0.5994285205189268,1.239167949800523,2926.3055850632,False,-0.036759093892961746,-0.03710651116849406,132,0.6254280049335759,False,False,0.8056368089558701,False,False,0.7420128011838156,False,False,2736.589348540024,1.9136314799029606,-189.71623652317612,0.08984802681294679,0.8120217466283722,0.11064731601833122,medium,-5.89730038183146,-6.439565880401787,-0.11794600763662921,-0.12879131760803575,-4.994827821130313,-5.402596142671722,-0.09989655642260625,-0.10805192285343446,-3.6759093892961747,-3.710651116849406,-0.07351818778592349,-0.07421302233698812,-0.006610912248115865,0.9934108917576788,1000.0
af7091c9-5f98-4078-a42b-c9e057346d9b,Hallowed Fountain,-0.395861740987546,0.19612274376343028,-2.018438725623008,0.04354558965618985,0.6730997516112862,0.45828577857732744,0.9886042657174207,2736.3157596488154,False,-0.08962702169643315,-0.09789992783772589,-0.33615508724004844,0.20015129013461364,-1.6795049735325922,0.09305367038061624,0.7145122854845333,0.48265574829129543,1.0577472824382779,2735.0649834168407,False,-0.07583724700235751,-0.0817176401825902,-0.14922890341742562,0.194355636060296,-0.767813614476966,0.4425979249316314,0.8613719213542087,0.5885072987318387,1.2607517162425643,2926.360210466957,False,-0.03689306999167883,-0.0372465282068517,120,0.39306940539550245,True,False,0.6289144618827857,False,False,0.7420128011838156,False,False,2735.0649834168407,1.250776231974669,-191.2952270501164,0.1882721697429225,0.7496613194833427,0.2511429692980256,low,-8.962702169643315,-9.789992783772588,-0.1792540433928663,-0.19579985567545177,-7.583724700235751,-8.17176401825902,-0.15167449400471503,-0.1634352803651804,-3.689306999167883,-3.7246528206851703,-0.07378613998335766,-0.0744930564137034,-0.00952991369908017,0.9905153520215503,1000.0
2b74bb81-fb9a-40e5-a941-e517430b52f5,Indatha Triome,-0.18111514032348797,0.20569027007239754,-0.880523615724459,0.3785757176387581,0.8343392870696247,0.5575137737553768,1.2486185610425666,2739.635407886193,False,-0.041345291665195336,-0.04517358647870723,-0.24022867355847502,0.20658603133371078,-1.1628505180508515,0.2448901564907886,0.7864480006398133,0.5245905135219717,1.1790157118128193,2736.5462581521883,False,-0.05436776325186255,-0.05883810747772594,-0.15174358245916147,0.20099629440659839,-0.7549571145436001,0.4502747144704746,0.8592085686453146,0.5794381687401222,1.274060640566173,2926.3810736431014,False,-0.03749474095489476,-0.037876076891883215,109,0.7882371007995962,False,False,0.8056368089558701,False,False,0.7447581775207851,False,False,2736.5462581521883,3.0891497340048772,-189.83481549091312,0.07276056800550124,0.8266652854515842,0.0880169631966028,medium,-4.134529166519534,-4.517358647870723,-0.08269058333039067,-0.09034717295741446,-5.436776325186255,-5.8838107477725945,-0.1087355265037251,-0.11767621495545189,-3.749474095489476,-3.7876076891883215,-0.07498948190978952,-0.07575215378376643,-0.0043179460670394534,0.9956913628587798,1000.0
1a6f256b-943e-4cfb-9fc9-d1ded68b5f97,Chart a Course,-0.19901689388227284,0.2333198310242444,-0.8529789045732374,0.39367100280646605,0.8195360480704614,0.5187548994858703,1.2947141988492075,2739.680267512374,False,-0.04543789667531684,-0.04960943976419824,-0.06918023275489298,0.2379996365352019,-0.29067369077540883,0.7713008949087732,0.9331584791975457,0.5852831566668814,1.487800797578548,2737.8141047881563,False,-0.015718128171631554,-0.017118835222069417,-0.1529335285672806,0.23036057417338884,-0.6638875993257852,0.5067622536370935,0.8581867648193059,0.5463801752073921,1.3479341980727535,2926.5089599471685,False,-0.037806362111907625,-0.03817319853116935,83,0.7903099729202336,False,False,0.9695332822545232,False,False,0.7894783769218493,False,False,2737.8141047881563,1.866162724217702,-188.69485515901215,0.11362243112708426,0.8702937640291043,0.13055641189597736,low,-4.5437896675316845,-4.9609439764198235,-0.09087579335063369,-0.09921887952839648,-1.5718128171631554,-1.7118835222069417,-0.03143625634326311,-0.034237670444138835,-3.7806362111907625,-3.817319853116935,-0.07561272422381525,-0.0763463970623387,0.001554091951357701,1.0015553001780717,1000.0
d7a8cc1d-aabb-4eb6-b0f1-6c93ec246f61,Court of Garenbrig,0.18409673465745816,0.21026923245351156,0.8755286377818501,0.38128633513081933,1.2021321053093774,0.7960996114524878,1.8152522345525632,2739.647416329188,False,0.04198880576365555,0.04591299992954245,0.150368740740489,0.22587275802858203,0.6657232242299059,0.5055880262105905,1.162262737344128,0.7465132855842158,1.8095520826015796,2737.4565950870137,False,0.03409136658142018,0.03748596177199637,-0.15433986229350094,0.2177560755014264,-0.7087740809899467,0.4784646845279674,0.8569807160808272,0.5592594560666281,1.313193616608088,2926.4481162880174,False,-0.03814847462781816,-0.038513438776293096,104,0.7882371007995962,False,False,0.9084793269322101,False,False,0.7686809685859148,False,False,2737.4565950870137,2.1908212421744793,-188.9915212010037,0.34515138922855026,1.0737918529114443,0.3214323039355514,low,4.198880576365555,4.591299992954245,0.0839776115273111,0.0918259998590849,3.409136658142018,3.748596177199637,0.06818273316284036,0.07497192354399274,-3.814847462781816,-3.8513438776293096,-0.07629694925563632,-0.07702687755258619,0.0026003875280800263,1.0026037714682776,1000.0
7054012b-4f9d-44a0-aaf9-7fd3bddc7b2d,Slickshot Show-Off,0.13188526110406018,0.2050269685788054,0.6432581138874321,0.5200566302460916,1.140977397269601,0.7634042302864099,1.7052950054936156,2739.9978387426104,False,0.030131502794956327,0.032930686238677065,-0.008339698218564808,0.21403548236701797,-0.03896409196426734,0.9689190173219744,0.9916949805940521,0.6519096869107389,1.508581563185293,2737.897219729998,False,-0.0018949515288166332,-0.002068853843136098,-0.1589567585507557,0.20516121906115797,-0.7747895010478132,0.43846405413871303,0.853033244565381,0.5705966290718364,1.275271670492344,2926.3506297261556,False,-0.03926978890625958,-0.03966175071064271,111,0.8389390907673576,False,False,0.9942424259274446,False,False,0.7420128011838156,False,False,2737.897219729998,2.100619012612242,-188.45340999615746,0.2879441527042199,0.9952352074763446,0.2893227154155556,low,3.013150279495633,3.2930686238677067,0.060263005589912655,0.06586137247735413,-0.18949515288166333,-0.2068853843136098,-0.0037899030576332665,-0.004137707686272196,-3.926978890625958,-3.9661750710642707,-0.07853957781251916,-0.07932350142128541,-0.0015101006095221317,0.9984910390186801,1000.0
68c72226-6f52-4322-8b14-18737293dfa0,Bloodstained Mire,-0.27928424250459005,0.18314106986934506,-1.5249678442079357,0.12726711825827383,0.7563248929771071,0.5282208852669059,1.0829320833230431,2738.0779315295467,False,-0.06357166258300333,-0.06945460218405619,-0.26726290595177726,0.18569757251191438,-1.4392374781023571,0.15008325017396273,0.7654717979169363,0.5319370370389455,1.1015346415205287,2735.8219610888664,False,-0.06045462586649617,-0.06544120649332741,-0.16235461064786666,0.17687412725887997,-0.9179104551014294,0.35866574758303416,0.8501396824983415,0.6010796043388235,1.2023989410743336,2926.107201347926,False,-0.04011959408682261,-0.04052511230359607,143,0.582801342375758,False,False,0.6921486360963929,False,False,0.6892008482968107,False,False,2735.8219610888664,2.2559704406803576,-190.28524025905972,0.09381478952123434,0.7906454577974616,0.1186559520402212,medium,-6.3571662583003326,-6.94546021840562,-0.12714332516600665,-0.13890920436811238,-6.045462586649617,-6.544120649332741,-0.12090925173299234,-0.13088241298665482,-4.011959408682261,-4.052511230359607,-0.08023918817364523,-0.08105022460719213,-0.006724908124037849,0.9932976534673941,1000.0
89af0f45-c11c-4f13-9950-b1489440ee5b,Chain Lightning,0.1157009137316069,0.1695822032585483,0.6822703768933055,0.49506800082645996,1.1226600497108785,0.8051874233262218,1.5653070958439383,2739.946021173071,False,0.02643883617209771,0.028900005865522882,-0.0006938449762182784,0.17598143705945948,-0.003942716844526315,0.9968541752524532,0.999306395678545,0.7077831895660124,1.410902783741387,2737.8987223598683,False,-0.00015765502771458405,-0.0001721796182849178,-0.16388230779603297,0.1699121720110312,-0.9645118760849767,0.3347893571724636,0.8488419180777478,0.608407637694286,1.184292499378459,2926.019940023833,False,-0.040478185721613685,-0.04089348875115417,166,0.8314108026455516,False,False,0.9982817332901902,False,False,0.6695787143449272,False,False,2737.8987223598683,2.047298813202815,-188.12121766396467,0.27381813163313073,0.9902694544890571,0.2765087122417715,low,2.643883617209771,2.890000586552288,0.05287767234419542,0.057800011731045764,-0.015765502771458405,-0.01721796182849178,-0.0003153100554291681,-0.0003443592365698356,-4.047818572161368,-4.089348875115418,-0.08095637144322737,-0.08178697750230834,-0.0029313648758251235,0.997072927379113,1000.0
748e6a61-9c1f-4225-9f04-e54002f63ac3,Savai Triome,-0.24050736639341327,0.21943567772352665,-1.096026721308444,0.2730670808082458,0.7862288537557351,0.5114009826015928,1.208749751190118,2739.2080526493373,False,-0.05481343924205105,-0.05987597089105423,-0.27896017469511336,0.22425626932741158,-1.2439347873384743,0.2135235648736281,0.7565700332473168,0.48748173175139975,1.1741941860084941,2736.3513829897565,False,-0.0630564665101612,-0.06801887621457303,-0.16429820075659712,0.21441194696019183,-0.766273535994247,0.4435135613296102,0.8484889641000123,0.5573590588770879,1.2916871283117977,2926.363583726198,False,-0.04058739162447215,-0.04098584057281629,96,0.6911173169958904,False,False,0.7473324770576985,False,False,0.7420128011838156,False,False,2736.3513829897565,2.8566696595808025,-190.01220073644163,0.09191893085269554,0.7970959503676881,0.11531727241907921,low,-5.481343924205105,-5.987597089105423,-0.1096268784841021,-0.11975194178210846,-6.3056466510161195,-6.801887621457303,-0.1261129330203224,-0.13603775242914606,-4.058739162447215,-4.098584057281629,-0.0811747832489443,-0.08197168114563258,0.0006512240357084118,1.0006514361281182,1000.0
c78da035-6b5b-4136-9ab6-f622b64fdc54,Unstoppable Slasher,-0.23192222274506968,0.17678233052940423,-1.3119083906776194,0.189551046098839,0.7930077988779093,0.5607861779527528,1.1213924197935017,2738.6829176456945,False,-0.05291107705729844,-0.05777370802019238,-0.18388940662329112,0.17872535710513496,-1.0288937708772818,0.30352959583150474,0.8320278155042692,0.5861432258537392,1.1810599444606547,2736.8369791672435,False,-0.04171987616270378,-0.04525698585639604,-0.16627023325627277,0.1722496891160939,-0.965286115228974,0.334401524338237,0.8468173650527399,0.6041821075500272,1.186893224400043,2926.016368556545,False,-0.04110366154156027,-0.04149788655927272,152,0.6461218267021294,False,False,0.809233209594387,False,False,0.6695787143449272,False,False,2736.8369791672435,1.8459384784509894,-189.17938938930138,0.05380956617483057,0.8239509931449728,0.06530675564749622,medium,-5.291107705729844,-5.777370802019238,-0.10582215411459688,-0.11554741604038476,-4.1719876162703775,-4.525698585639604,-0.08343975232540755,-0.09051397171279207,-4.110366154156027,-4.1497886559272725,-0.08220732308312054,-0.08299577311854545,-0.010472716297488582,0.9895819316586141,1000.0
441f8b2f-c8cb-4340-a92f-116c2276e906,Frantic Search,0.004252583975993436,0.2017211388100759,0.02108149894988111,0.9831806433151901,1.00426163904249,0.676298421726948,1.4912668834520835,2740.4108714487074,False,0.0009729911767257534,0.0010631446380505172,0.14625458889716228,0.21056913804713895,0.6945680181509841,0.48732606074341045,1.1574908348574238,0.7660859404964353,1.7488704099056234,2737.417641146728,False,0.03315716339700905,0.03641684014308555,-0.16866445847697809,0.20130448669297646,-0.8378574230897299,0.40211078364476616,0.844792318735832,0.5693720156701535,1.2534407068725812,2926.2474585408017,False,-0.04167554930053437,-0.042103728505574034,115,0.9939868066079038,False,False,0.9084793269322101,False,False,0.720241929843824,False,False,2737.417641146728,2.9932303019795654,-188.82981739407387,0.3126985161215917,1.0021815975452486,0.31201781881399326,low,0.09729911767257533,0.10631446380505172,0.0019459823534515067,0.0021262892761010344,3.315716339700905,3.641684014308555,0.0663143267940181,0.0728336802861711,-4.167554930053437,-4.210372850557404,-0.08335109860106873,-0.08420745701114807,0.006524525883968627,1.0065458569694792,1000.0
01c6f877-6b00-4d57-8a88-36cd3b16edbc,Llanowar Elves,0.020160818272294358,0.17467528895856316,0.11541883452717201,0.9081131509320974,1.0203654202368457,0.7245512740525315,1.4369522601096543,2740.3980017464055,False,0.0046119430475757735,0.005040069225299537,-0.032470697357899425,0.20426645115715006,-0.15896245895474273,0.8736984510966895,0.9680508158622966,0.6486688483169131,1.4446853498872174,2737.8734597122952,False,-0.007379469938086486,-0.008046489874643847,-0.1709584815878212,0.1979183487951885,-0.863782881317052,0.38770717352277084,0.8428565668115294,0.5718500654931383,1.2422962505122639,2926.203785845899,False,-0.04227180961807331,-0.042638890171714516,153,0.9877369967757043,False,False,0.9892481634296245,False,False,0.7185481569158184,False,False,2737.8734597122952,2.5245420341102545,-188.33032613360365,0.1775088534253163,0.943757600970224,0.18808733645464626,medium,0.46119430475757733,0.5040069225299537,0.009223886095151547,0.010080138450599074,-0.7379469938086486,-0.8046489874643847,-0.014758939876172971,-0.016092979749287695,-4.227180961807331,-4.263889017171452,-0.08454361923614662,-0.08527778034342903,0.00017646314277639048,1.0001764787133127,1000.0
01d1e394-1b0c-4b40-ba85-f55973703d41,Smirking Spelljacker,-0.17395982540695226,0.2123072866599938,-0.8193775547871125,0.4125710367536155,0.8403306569224619,0.5542817723081908,1.274001145704465,2739.737680215208,False,-0.03973946190029152,-0.043395761086921114,-0.05650950770881909,0.21646880715115308,-0.2610515041520987,0.7940527892807236,0.9450574991209127,0.6182957539583738,1.4445088308091527,2737.8305131538928,False,-0.012840082865670266,-0.013990313932133291,-0.1727239542576305,0.20908017683854419,-0.8261134884681647,0.40873971683035526,0.8413698393527667,0.5584885841598095,1.2675338881590037,2926.2662751617463,False,-0.04267842688039306,-0.04308855585389265,102,0.7926616185116565,False,False,0.9813912231725159,False,False,0.7282998590795422,False,False,2737.8305131538928,1.9071670613152492,-188.43576200785355,0.10472684219845085,0.8755859984653803,0.11960771686847804,medium,-3.9739461900291517,-4.339576108692111,-0.07947892380058304,-0.08679152217384223,-1.2840082865670266,-1.3990313932133291,-0.02568016573134053,-0.027980627864266583,-4.267842688039306,-4.308855585389265,-0.08535685376078612,-0.0861771117077853,-0.004083518782029252,0.9959248074435039,1000.0
0f7585c8-9e21-4eef-afc1-2852de23db2f,Polluted Delta,-0.3380488141509609,0.174826872622798,-1.9336204387773177,0.05315981241315352,0.7131604747255289,0.5062576829436057,1.004622507165776,2736.6482540481984,False,-0.07679504432574441,-0.08387947192363188,-0.3066390895641826,0.17773194482672922,-1.725289676333227,0.08447528149298923,0.7359161528035789,0.5194453343423636,1.0425978407196028,2734.905014677087,False,-0.06929421550271103,-0.07478807654019959,-0.17465516410208895,0.16868967796648277,-1.035363670187286,0.30049910541774616,0.8397465456011307,0.603332434653304,1.1687988583843496,2925.8758089496896,False,-0.04315928492143654,-0.04357272952436303,158,0.4004966302125926,False,False,0.6193017268848884,False,False,0.6514447100606816,False,False,2734.905014677087,1.7432393711114855,-190.9707942726027,0.1265860708756018,0.7629410577100795,0.16591854586452864,medium,-7.679504432574441,-8.387947192363187,-0.15359008865148882,-0.16775894384726375,-6.929421550271103,-7.478807654019959,-0.13858843100542206,-0.14957615308039918,-4.315928492143653,-4.357272952436303,-0.08631856984287307,-0.08714545904872606,-0.0029759476613802,0.9970284760814976,1000.0
21c950d7-b4f6-4902-8c9a-98f2933f9fa5,Adanto Vanguard,0.4925237594337738,0.18060907010298338,2.727015642973725,0.006391000918334292,1.6364409961965196,1.148584117939634,2.3315132885838854,2732.9651741398184,False,0.11057398815604726,0.12117572268944121,0.33337841397452833,0.1947098397966765,1.7121806187229927,0.08686338800369521,1.39567534160722,0.9528927966759545,2.044206510916512,2734.96645999547,False,0.0751092576308738,0.08315103512236349,-0.17805558993200785,0.18236969903930214,-0.9763441562385615,0.3288939450450523,0.8368958992095046,0.5853764115921818,1.1964861108917284,2925.9981457665044,False,-0.04394805501227724,-0.04439550298698075,152,0.17490745408630318,True,False,0.6193017268848884,False,False,0.6645692085446419,False,False,2732.9651741398184,-2.001285855651531,-191.03168577103452,0.799545096987015,1.2896707456710814,0.6199606369848848,low,11.057398815604726,12.117572268944121,0.2211479763120945,0.24235144537888242,7.510925763087379,8.31510351223635,0.1502185152617476,0.16630207024472698,-4.394805501227724,-4.439550298698075,-0.08789611002455448,-0.0887910059739615,0.0003770991630702607,1.000377170273898,1000.0
1bd3fa8a-6c50-4f7f-9ae3-0810eec5e3db,Reprieve,0.07798653672594322,0.18025471962932285,0.43264629567711355,0.6652717507921689,1.0811081033174221,0.7593346317151612,1.5392353808735906,2740.2242134028515,False,0.017832077274731947,0.019488656202931498,-0.00973867766821658,0.18567809015085968,-0.052449255915461554,0.958170727552807,0.9903085896881854,0.6882055408958971,1.4250264558078471,2737.895986929078,False,-0.0022128549446628473,-0.002415721650974312,-0.17916142137061236,0.17621629879239523,-1.0167131110935819,0.3092899267448421,0.8359709449293383,0.5918243660984887,1.1808358371134586,2925.9168335150503,False,-0.04423655812436073,-0.04467190681857691,149,0.9373483511095025,False,False,0.9942424259274446,False,False,0.6518368348600974,False,False,2737.895986929078,2.3282264737736114,-188.02084658597232,0.2451371583880838,0.9691292126449821,0.2529457942135979,low,1.7832077274731948,1.9488656202931498,0.035664154549463895,0.038977312405862996,-0.22128549446628473,-0.24157216509743118,-0.004425709889325695,-0.004831443301948624,-4.423655812436073,-4.467190681857691,-0.08847311624872146,-0.08934381363715382,-0.0017811715842482102,0.9982204137604613,1000.0
98e7bf8f-dba7-4005-8cee-634c9153931d,Phantasmal Image,-0.06108494672768182,0.19552835820398248,-0.31240965396925047,0.7547292144731708,0.9407433233148328,0.6412598456290842,1.3800926510426383,2740.313609909059,False,-0.013976116318031624,-0.015267265533611685,0.0183695370436982,0.1969055134357812,0.09329112589673241,0.9256722818465454,1.0185392948536156,0.6924181316935943,1.498259863044684,2737.8900374899304,False,0.004173454943642049,0.004561549248061236,-0.17936096317174618,0.189782897324036,-0.94508496656316,0.3446154996999249,0.8358041504230832,0.5761798416527039,1.2124141237928254,2926.055389323771,False,-0.044306978855754665,-0.044744734001764874,122,0.9374126485600508,False,False,0.9942424259274446,False,False,0.6754463794118528,False,False,2737.8900374899304,2.4235724191285044,-188.16535183384076,0.1827351444305324,0.9316955895305106,0.19613181223989073,medium,-1.3976116318031624,-1.5267265533611685,-0.027952232636063248,-0.03053453106722337,0.4173454943642049,0.45615492480612363,0.008346909887284098,0.009123098496122473,-4.430697885575467,-4.474473400176487,-0.08861395771150933,-0.08948946800352975,0.00023385271946698647,1.0002338800651458,1000.0
de0e01e4-e143-47fd-8565-7b48219bb546,Goldvein Hydra,0.050729527667969856,0.19216775831677363,0.263985634803244,0.7917909880005001,1.0520383075442281,0.7218634548849031,1.5332326259915652,2740.341722649468,False,0.01160118235395289,0.012680126195933561,-0.02300683138452947,0.21186873121941077,-0.10859002766530776,0.9135276707484163,0.9772558077402675,0.6451518622344254,1.480316448989895,2737.8869409627805,False,-0.005228145080438542,-0.005703728809447806,-0.17965439747499568,0.20627386760116118,-0.8709508362075447,0.38378099775217844,0.8355589327939423,0.5576904732343396,1.2518749443983919,2926.1900926199964,False,-0.04439579620027669,-0.04480425486317202,124,0.9374126485600508,False,False,0.9942424259274446,False,False,0.7185481569158184,False,False,2737.8869409627805,2.454781686687511,-188.30315165721595,0.21647937475028578,0.9549510160261461,0.2266916010531358,low,1.160118235395289,1.268012619593356,0.02320236470790578,0.025360252391867122,-0.5228145080438542,-0.5703728809447806,-0.010456290160877084,-0.011407457618895611,-4.439579620027669,-4.480425486317202,-0.08879159240055338,-0.08960850972634404,0.00021628207617213938,1.0002163054668267,1000.0
5de097e5-e960-4404-a370-defe93ce892f,Oracle of Mul Daya,0.08167036952114312,0.23022500937020038,0.3547415189364492,0.7227832435655686,1.0850980694754784,0.6910309618953221,1.7038857667824285,2740.2856311366577,False,0.018674091093847656,0.02040758572491652,-0.06840425565895736,0.24551133999930505,-0.2786195361043241,0.780536818539936,0.9338828698231993,0.5771768951607757,1.5110397208576347,2737.821072848096,False,-0.015540097845991729,-0.016919018352059445,-0.1817720425730609,0.2360622920004832,-0.7700172739688931,0.44128964601630183,0.8337913876929106,0.5249490152614861,1.3243344743576184,2926.3573038713585,False,-0.04488694557354592,-0.045315061917393595,85,0.9374126485600508,False,False,0.9744281301517672,False,False,0.7420128011838156,False,False,2737.821072848096,2.464558288561875,-188.53623102326264,0.25130668178256776,0.9509241089971961,0.26427627547227195,low,1.8674091093847656,2.040758572491652,0.03734818218769531,0.04081517144983304,-1.554009784599173,-1.6919018352059445,-0.031080195691983458,-0.03383803670411889,-4.4886945573545916,-4.53150619173936,-0.08977389114709183,-0.09063012383478719,-0.0011901425717399476,0.9988105653670534,1000.0
aac0c8df-f01d-4178-8d66-ee603f814d24,Mishra's Workshop,-0.33884864883553445,0.23657855337467137,-1.4322881089685975,0.15206138474910347,0.7125902922984144,0.4481879454490506,1.1329731864367245,2738.3465138948222,False,-0.07696880812898982,-0.08400023352038372,-0.20918906341766555,0.2424493215071888,-0.8628156272710499,0.3882388456583007,0.8112418449878208,0.5043979528057693,1.3047502024907427,2737.1513059333106,False,-0.04741875551566437,-0.05140135633755427,-0.18365266830467367,0.23544799343088546,-0.7800137330904201,0.43538279177959005,0.8322248116877072,0.5245939546074664,1.3202556588874237,2926.3405164825604,False,-0.045360891453442756,-0.045816408572081635,80,0.6021016446631168,False,False,0.8579558660970812,False,False,0.7420128011838156,False,False,2737.1513059333106,1.1952079615116418,-189.18921054924976,0.11963451938929281,0.7853523163246475,0.15233229329375086,low,-7.696880812898982,-8.400023352038371,-0.15393761625797964,-0.16800046704076743,-4.741875551566437,-5.140135633755428,-0.09483751103132874,-0.10280271267510854,-4.536089145344276,-4.581640857208163,-0.09072178290688551,-0.09163281714416327,0.00720400851903544,1.007230019812751,1000.0
329a8738-3e17-403a-857a-0ba529ce8cd1,Walking Ballista,-0.16582494281910293,0.1915175409141922,-0.8658472849408576,0.3865739146715803,0.8471945286948767,0.5820497679233051,1.2331223359324632,2739.659115751358,False,-0.03789453190421833,-0.04137763894383778,-0.10937536445474957,0.19318410980082154,-0.566171640967359,0.5712771061384418,0.8963938799400838,0.613842916635995,1.3090026230122989,2737.5775383689456,False,-0.024844551599533606,-0.02701437984778471,-0.18375737410624074,0.18590990725945905,-0.988421632903005,0.32294619713974304,0.8321376774835234,0.5780234776663423,1.1979671086775188,2925.9701609662397,False,-0.04540117418668153,-0.04584044129516662,128,0.7882371007995962,False,False,0.9160379966359093,False,False,0.6628005721402056,False,False,2737.5775383689456,2.0815773824124335,-188.39262259729412,0.06425620245656039,0.8585753620394946,0.07484049193296627,medium,-3.789453190421833,-4.137763894383778,-0.07578906380843665,-0.08275527788767556,-2.4844551599533604,-2.7014379847784706,-0.04968910319906721,-0.05402875969556942,-4.540117418668153,-4.584044129516663,-0.09080234837336305,-0.09168088259033325,-0.000746828062707523,0.9992534507439589,1000.0
5d10b752-d9cb-419d-a5c4-d4ee1acb655e,"Teferi, Hero of Dominaria",-0.14013284120116784,0.19296829746992664,-0.726196183717727,0.4677185111642037,0.8692427564769195,0.5955018972330066,1.2688170654004656,2739.8828425895545,False,-0.03203172159649496,-0.03498557794351054,-0.06014989539878863,0.20148371621954717,-0.2985347725731154,0.7652950406725026,0.9416233779934732,0.634411184235875,1.3976023878768504,2737.809559811308,False,-0.013666885283789985,-0.014887101180726448,-0.18603036876207624,0.19439612127437375,-0.9569654350228008,0.3385847015514468,0.8302483809835294,0.5671980359624393,1.2152940074203977,2926.032959030812,False,-0.04594668327988734,-0.04638835488776716,124,0.8221252881278115,False,False,0.9695332822545232,False,False,0.6703293081220564,False,False,2737.809559811308,2.0732827782462664,-188.2233992195038,0.1113749970099438,0.8803715051513074,0.1265090888996936,medium,-3.2031721596494958,-3.4985577943510537,-0.06406344319298991,-0.06997115588702107,-1.3666885283789985,-1.4887101180726448,-0.02733377056757997,-0.029774202361452895,-4.5946683279887335,-4.638835488776715,-0.09189336655977468,-0.09277670977553432,-0.0004007652333426982,0.9995993150623165,1000.0
487116ab-b885-406b-aa54-56cb67eb3ca5,Scavenging Ooze,0.15977802153416804,0.23623361654968802,0.6763559897520396,0.49881465245870504,1.1732504057589364,0.7384219521388832,1.864132709796,2739.954353030201,False,0.036486399302946004,0.039869199622763196,-0.03844605474249761,0.2600029966845833,-0.14786773703665254,0.8824471503750702,0.9622836139770227,0.5780748454793158,1.6018509730533028,2737.876869381823,False,-0.008735013390897285,-0.009523894779775444,-0.18654285064462164,0.25286589355354333,-0.7377145570053795,0.46068792427029104,0.8298230027388945,0.5055238796318531,1.3621635764784674,2926.4073670584426,False,-0.046044456574886206,-0.04650517259442977,79,0.8314108026455516,False,False,0.9892481634296245,False,False,0.7556052983847451,False,False,2737.876869381823,2.0774836483783474,-188.5304976766197,0.3434274030200418,0.9884523408249511,0.347439516136328,low,3.6486399302946007,3.9869199622763194,0.07297279860589201,0.07973839924552639,-0.8735013390897285,-0.9523894779775444,-0.01747002678179457,-0.019047789559550887,-4.60444565748862,-4.650517259442976,-0.09208891314977241,-0.09301034518885953,0.004634445213001081,1.004645200863289,1000.0
a2c56479-4bee-4edb-80d7-4af010b7c793,Raffine's Tower,-0.22048859666098253,0.1895907304887807,-1.1629713968216935,0.24484110768447487,0.8021267857331501,0.5531719262397367,1.1631237050734775,2739.053913963843,False,-0.0503071470523526,-0.054938502274692325,-0.1328721597807774,0.19641563258815564,-0.6764846465117356,0.498732990807658,0.8755770189122891,0.5958020489891515,1.2867278945213736,2737.4403743398784,False,-0.03016916976272786,-0.03277472556359112,-0.19128960553252639,0.18791928889302,-1.0179349158852184,0.30870888711902444,0.8258933702241544,0.5714310721040872,1.1936695295000805,2925.9121407356874,False,-0.04724077518528709,-0.047711523765998354,133,0.6855551015165297,False,False,0.9084793269322101,False,False,0.6518368348600974,False,False,2737.4403743398784,1.613539623964698,-188.47176639580903,0.07345023317913901,0.8345323916231978,0.08801363963389781,medium,-5.03071470523526,-5.493850227469233,-0.1006142941047052,-0.10987700454938465,-3.016916976272786,-3.277472556359112,-0.06033833952545572,-0.06554945112718225,-4.724077518528709,-4.771152376599836,-0.09448155037057418,-0.09542304753199671,-0.005208879509571233,0.9948046631790204,1000.0
247939d9-87e9-4f01-b223-fb4cfa7dbbe1,Mana Leak,-0.31425568576219554,0.17516514588228116,-1.7940537438503288,0.07280459108203272,0.7303322687217936,0.5181039549158645,1.0294945978996421,2737.1747860534197,False,-0.07145943592662302,-0.07805421501504578,-0.2335753422377014,0.1811076722750717,-1.2897042919470592,0.19715334884803637,0.7916979451983981,0.5551336519531372,1.1290715924464927,2736.2279277374982,False,-0.052919536146978786,-0.05731973469226792,-0.19154035553233756,0.17354129903183674,-1.1037162715786681,0.26971623494960795,0.8256863034238118,0.5876161786415378,1.1602094980396551,2925.7289206342866,False,-0.04730632258732132,-0.04777944848354487,155,0.49084235711230334,False,False,0.7432460548763574,False,False,0.6293378815490852,False,False,2736.2279277374982,0.9468583159214177,-189.50099289678838,0.0953540347020182,0.7825721724480011,0.12184695298292644,medium,-7.145943592662301,-7.805421501504578,-0.14291887185324603,-0.15610843003009156,-5.291953614697879,-5.7319734692267925,-0.10583907229395757,-0.11463946938453584,-4.7306322587321326,-4.777944848354487,-0.09461264517464264,-0.09555889696708975,-0.007220688911623199,0.9928053176298607,1000.0
1f9fb33a-3b39-4aff-93b8-aedafe0ea694,Fanatic of Rhonas,0.02587473192081524,0.20323172981571494,0.12731639859719618,0.8986899817216576,1.0262123887666201,0.6890375855965168,1.5283808733690307,2740.395118578189,False,0.005918961015226513,0.0064683771497955345,-0.02920443880846854,0.22542624179845672,-0.12955208131704068,0.896920817198305,0.9712178895409848,0.624352683266981,1.5107874351219739,2737.881946507369,False,-0.006636656504232337,-0.007237805029184918,-0.19364798788602727,0.21702132073850366,-0.8922993705275635,0.37223249157595373,0.8239478928654038,0.5384773866262274,1.2607588489664399,2926.1524756846684,False,-0.04784560084058526,-0.048263496054434085,114,0.9872457930608786,False,False,0.9942424259274446,False,False,0.7098740067961898,False,False,2737.881946507369,2.513172070820019,-188.27052917729952,0.2022644959012163,0.9404593903910029,0.21506988815021919,low,0.5918961015226513,0.6468377149795534,0.011837922030453026,0.012936754299591069,-0.6636656504232337,-0.7237805029184918,-0.013273313008464674,-0.014475610058369837,-4.784560084058526,-4.826349605443409,-0.09569120168117053,-0.09652699210886817,0.0032351634339573346,1.0032404022231025,1000.0
0845f0b0-9413-4ddd-861d-9607636bebc6,Natural Order,0.06461904828751197,0.19292352686384998,0.3349464388193304,0.7376654902536459,1.066752565751828,0.730876292276336,1.556981733521407,2740.299210084998,False,0.014777873162310284,0.016150085520019564,-0.15967273003879032,0.23864115706315883,-0.6690913336316555,0.5034372179088199,0.8524227156706476,0.5339733231687828,1.3607879919530068,2737.4494753855483,False,-0.03622946621322933,-0.0392720446812897,-0.1950712403753136,0.23105099760741346,-0.844277853786919,0.3985141584466838,0.8227760410941294,0.5231269052522114,1.2940653730515932,2926.2367453206825,False,-0.048154397754319,-0.048613844593522804,122,0.9374126485600508,False,False,0.9084793269322101,False,False,0.7198965442907836,False,False,2737.4494753855483,2.8497346994495274,-188.7872699351342,0.2439765246576986,0.9139837741722016,0.2669374791458076,low,1.4777873162310284,1.6150085520019564,0.029555746324620567,0.03230017104003913,-3.6229466213229333,-3.92720446812897,-0.07245893242645866,-0.0785440893625794,-4.8154397754319,-4.86138445935228,-0.096308795508638,-0.09722768918704561,0.003896797149048213,1.0039043995348362,1000.0
f9246b68-580f-4f53-883d-7900880e4b0d,Six,0.03162609854696297,0.21915229943857156,0.14431105047943052,0.8852548526276546,1.0321315176747634,0.6717208622221541,1.5859198808467139,2740.3905007534995,False,0.007235050232526122,0.007905951306882097,-0.16123062515777062,0.23524425870688162,-0.6853753883050839,0.49310707061806813,0.8510957643764486,0.5367035570318776,1.3496538091632355,2737.4286718838434,False,-0.03658252586642404,-0.03965097390349914,-0.19554998155319375,0.22915969929010777,-0.8533349544399369,0.39347358130018795,0.8223822385953419,0.5248183941374975,1.2886601420831645,2926.2216532027505,False,-0.04827185936795539,-0.048737555166941005,94,0.9802822096893803,False,False,0.9084793269322101,False,False,0.7198965442907836,False,False,2737.4286718838434,2.961828869656074,-188.7929813189071,0.20974927907942154,0.901869840215518,0.2325715637960553,low,0.7235050232526122,0.7905951306882097,0.014470100465052245,0.015811902613764195,-3.658252586642404,-3.9650973903499143,-0.07316505173284808,-0.07930194780699829,-4.827185936795539,-4.8737555166941,-0.09654371873591078,-0.09747511033388201,-0.0028776560549013644,0.9971264804285402,1000.0
8db735ea-f9cf-4e3c-9200-4f180df55baa,Fractured Identity,-0.2463212212142461,0.20224647173842691,-1.217925925218724,0.2232521232952236,0.7816710952551889,0.5258578731874365,1.1619293583147678,2738.9223758498656,False,-0.05615307380666393,-0.061318024158651396,-0.19576549134592972,0.2053367550310488,-0.9533874795884846,0.34039378276187604,0.8222050262657346,0.5497863497593591,1.2296069291508074,2736.9878490453893,False,-0.044388958987772724,-0.048068514020459696,-0.20165206615534884,0.19676273806471845,-1.024848851661244,0.30543451184181114,0.8173792723856197,0.5558220817676716,1.2020193094899538,2925.8967942407953,False,-0.04978556026731436,-0.050262193690607526,115,0.657508648124563,False,False,0.8392098291990907,False,False,0.6518368348600974,False,False,2736.9878490453893,1.9345268044762634,-188.90894519540598,0.0405339310105457,0.8070851313021811,0.05022262142922489,medium,-5.615307380666393,-6.13180241586514,-0.11230614761332786,-0.12263604831730279,-4.438895898777273,-4.80685140204597,-0.08877791797554545,-0.09613702804091939,-4.978556026731436,-5.026219369060753,-0.09957112053462872,-0.10052438738121505,-0.003145595084394439,0.9968593471164108,1000.0
52d3005f-a1c7-4ef5-911f-ccc0752f4181,Faerie Mastermind,-0.2312265696919875,0.17842304122225963,-1.2959456811631804,0.1949941995457829,0.7935596491002078,0.5593746976385403,1.1257872752173923,2738.7263976555205,False,-0.05273708725367818,-0.05760066237083217,-0.14166695942195287,0.1913305050676057,-0.7404305935004747,0.45903876105204644,0.8679102576925933,0.5965007683460046,1.2628118107822537,2737.349256661734,False,-0.03216128234287207,-0.034924554751034065,-0.20806349896131981,0.18325809643393176,-1.1353577441329088,0.2562254569377591,0.8121554640461538,0.5670831324229714,1.163138982748034,2925.6579524695417,False,-0.05136378140046113,-0.05187271076459449,151,0.648670173697577,False,False,0.903671202599946,False,False,0.6168738428388749,False,False,2737.349256661734,1.37714099378627,-188.30869580780745,0.07435060859238551,0.8245417902796516,0.09017203187138491,medium,-5.273708725367817,-5.760066237083217,-0.10547417450735636,-0.11520132474166433,-3.216128234287207,-3.4924554751034065,-0.06432256468574414,-0.06984910950206813,-5.136378140046113,-5.1872710764594485,-0.10272756280092225,-0.10374542152918897,-0.0012427380331435603,0.9987580338459849,1000.0
18bd50f2-c3ba-4217-a2d5-bb771e199706,Vampiric Tutor,-0.23079994964885614,0.17284436208834295,-1.3353050505106516,0.18177652631823737,0.7938982697779825,0.5657658950410928,1.1140198945903166,2738.617903481244,False,-0.05268584780245147,-0.057498623817698824,-0.08312957725785003,0.18096266175221737,-0.45937419605197327,0.6459654750537587,0.9202318983683453,0.6454442792323928,1.3120059686356098,2737.6873449986488,False,-0.018892154547162837,-0.0205775453530459,-0.20865915045574174,0.17413431865935286,-1.1982655232018191,0.23081366403502024,0.8116718464783543,0.5769714954304264,1.1418435600082835,2925.507939712199,False,-0.051545429556346556,-0.05206200027617458,161,0.6461218267021294,False,False,0.9206718127548188,False,False,0.6031930420115196,False,False,2737.6873449986488,0.9305584825951883,-187.82059471355024,0.1263336285903628,0.8419340048748941,0.15005169984687236,medium,-5.268584780245146,-5.749862381769883,-0.10537169560490293,-0.11499724763539765,-1.8892154547162838,-2.05775453530459,-0.037784309094325674,-0.0411550907060918,-5.154542955634655,-5.206200027617458,-0.10309085911269311,-0.10412400055234916,-0.007417919642257087,0.992609525220462,1000.0
35f1a6ba-e46f-44fb-93f4-fb883d677b36,Baleful Mastery,-0.11790444218400122,0.1930039748604985,-0.6108912641266661,0.5412715685812886,0.8887809785260946,0.6088445898551115,1.2974273582323932,2740.0371881657093,False,-0.026965025143270118,-0.0294477356471865,-0.06146303471069138,0.1954885897546133,-0.31440727455163875,0.7532117317965195,0.9403877068005925,0.6410674056115774,1.3794634251573412,2737.7997649321824,False,-0.013966234198426804,-0.015215403362864699,-0.21386822816166243,0.18828014843708654,-1.1359042890978286,0.25599662305666904,0.8074547778131876,0.5582785100885208,1.1678458089134858,2925.6548315039586,False,-0.05278759426811435,-0.05330682260779973,125,0.8453324895771519,False,False,0.9685604714091955,False,False,0.6168738428388749,False,False,2737.7997649321824,2.237423233526897,-187.8550665717762,0.13293292898740483,0.8788744877132916,0.1512535986034567,medium,-2.696502514327012,-2.94477356471865,-0.053930050286540236,-0.058895471294373,-1.3966234198426803,-1.52154033628647,-0.027932468396853607,-0.030430806725729398,-5.278759426811435,-5.330682260779973,-0.1055751885362287,-0.10661364521559946,-0.0027785365063677553,0.9972253200534998,1000.0
045ce37b-86d2-4e56-84af-b6625b53d13c,Path to Exile,0.21670800801971984,0.16805023654362514,1.2895430109285406,0.19720937353134438,1.2419814005787417,0.8934450414124346,1.7264831387334,2738.7503072429554,False,0.04936379544418203,0.0540130722124168,0.1314451465892364,0.17510655940189873,0.75065803952865,0.45285848189641276,1.1404753470438764,0.8091558705508058,1.6074579256644994,2737.3353488695193,False,0.029813693932418436,0.03275569844664339,-0.21447462316919327,0.16701054583170286,-1.2841980852234334,0.19907265500977045,0.8069652896936901,0.5816913531322125,1.1194819645572618,2925.3003845283647,False,-0.052895911109470985,-0.0534197175113128,171,0.648670173697577,False,False,0.903671202599946,False,False,0.595076873295435,False,False,2737.3353488695193,1.414958373436093,-187.9650356588454,0.43501611088505165,1.0631406791054363,0.40918019546678375,low,4.9363795444182035,5.40130722124168,0.09872759088836407,0.1080261444248336,2.9813693932418435,3.275569844664339,0.05962738786483687,0.06551139689328678,-5.289591110947098,-5.341971751131281,-0.10579182221894197,-0.1068394350226256,-0.0036953418533231747,0.9963114775198255,1000.0
d2e27911-87cb-49a0-a34f-6afe4bddd592,Phyrexian Metamorph,-0.4548564129583441,0.17446162340757132,-2.607200392121332,0.009128591898541814,0.6345390729956261,0.4507685812272087,0.893229590363129,2733.5597074429693,False,-0.10263364613731574,-0.1121903178910853,-0.40784377326254057,0.17754406222906935,-2.29714116114081,0.021610718349365645,0.6650827744185435,0.4696206042631754,0.9418988281450755,2732.592244656902,False,-0.09169075113583866,-0.09881572116567183,-0.21953922818295904,0.1688793063908562,-1.2999770834850242,0.1936088236300293,0.8028886612119621,0.5766368027091242,1.1179137357764362,2925.254645408813,False,-0.05417975808232972,-0.05471716140298927,159,0.17490745408630318,True,False,0.4431684263420279,True,False,0.595076873295435,False,False,2732.592244656902,0.9674627860672445,-192.6624007519108,0.16834958821633605,0.7008368362087106,0.240212242734058,low,-10.263364613731573,-11.21903178910853,-0.20526729227463147,-0.2243806357821706,-9.169075113583865,-9.881572116567183,-0.18338150227167732,-0.19763144233134367,-5.417975808232972,-5.471716140298927,-0.10835951616465944,-0.10943432280597853,-0.0064668566082568815,0.9935540085074738,1000.0
345a4aee-5846-4ae9-9af1-4c8fe8d692ec,Winds of Abandon,-0.04839320399474421,0.1919027178608884,-0.2521757093082172,0.8009052526300515,0.9527590847369565,0.6540820144680028,1.3878227094917457,2740.347674619941,False,-0.011072826556203487,-0.012096340826031227,-0.06399705943754147,0.1976405740213163,-0.3238052700182865,0.7460854660871137,0.9380077577970725,0.6367535534590342,1.381788211322636,2737.7938012698532,False,-0.014541015956942797,-0.01583278287129314,-0.2220178901564839,0.18988234980286092,-1.1692392177945272,0.24230726447709616,0.8009010359616296,0.5520110052977982,1.1620102919114212,2925.579397562031,False,-0.05477291683586206,-0.05528752753067362,127,0.9374126485600508,False,False,0.9685604714091955,False,False,0.6128028882259464,False,False,2737.7938012698532,2.5538733500875423,-187.78559629217762,0.15185804877532683,0.8972226261652195,0.16925347661413395,medium,-1.1072826556203488,-1.2096340826031227,-0.022145653112406974,-0.024192681652062453,-1.4541015956942798,-1.5832782871293138,-0.029082031913885593,-0.03166556574258628,-5.4772916835862056,-5.528752753067362,-0.10954583367172412,-0.11057505506134724,-0.0032623662715439215,0.9967429494631053,1000.0
1af92296-455a-425e-9397-a96d09937767,Incinerate,-0.023743251396417666,0.19757207531154564,-0.12017513790335818,0.9043444121017107,0.9765364019316427,0.6629971953761898,1.4383520035201738,2740.3968715276933,False,-0.005432510304813869,-0.005935578501132077,-0.20864746325194738,0.20712342632755568,-1.0073581098546598,0.31376271412551227,0.8116813327080719,0.5408521223276245,1.2181270233930293,2736.882495105626,False,-0.04727181449910894,-0.051160183882772214,-0.2234285353063679,0.19758287998193164,-1.1308091841094723,0.2581354135548757,0.799772045289538,0.5429755541349386,1.1780186410890436,2925.6719687755385,False,-0.05507500892236718,-0.05565787830659086,119,0.9874735641890545,False,False,0.809233209594387,False,False,0.6168738428388749,False,False,2736.882495105626,3.514376422067471,-188.7894736699127,0.17676435664210466,0.8626632599764176,0.2049053957009098,low,-0.5432510304813869,-0.5935578501132077,-0.010865020609627738,-0.011871157002264154,-4.727181449910893,-5.116018388277221,-0.09454362899821787,-0.10232036776554443,-5.507500892236718,-5.565787830659086,-0.11015001784473435,-0.11131575661318172,-0.005166132006589613,0.9948471895032663,1000.0
175b3d28-5c74-4972-9b5c-5e39762c78f4,Relic of Sauron,-0.20888224965747623,0.1906633541031003,-1.0955553081507428,0.2732734289141914,0.811490783335607,0.5584543371047024,1.1791783995316598,2739.206610645395,False,-0.0476782809395756,-0.052063978647475806,-0.11408636727487656,0.19519646355264839,-0.5844694376038487,0.5589045215672435,0.8921808973219887,0.6085528996402513,1.3079992783155252,2737.5564914925135,False,-0.02591163495834659,-0.028191904815087043,-0.22349950157749507,0.18918095504220125,-1.1814059270799127,0.23744150458172542,0.799715290463595,0.5519520107892867,1.1586959251887294,2925.5503534466197,False,-0.05514153996112815,-0.05572298407427578,128,0.6911173169958904,False,False,0.9090895122587529,False,False,0.6128028882259464,False,False,2737.5564914925135,1.650119152881416,-187.99386195410625,0.09246560685839367,0.8344623237070635,0.11080860601065741,medium,-4.76782809395756,-5.206397864747581,-0.0953565618791512,-0.10412795729495161,-2.591163495834659,-2.8191904815087043,-0.05182326991669318,-0.05638380963017409,-5.514153996112816,-5.572298407427578,-0.1102830799222563,-0.11144596814855157,-0.0010410050602655254,0.9989595365975298,1000.0
6151b583-3aa7-4be8-9d05-d5e53f19c6c9,Fastbond,-0.19980750610346945,0.17570674899883457,-1.1371646635200947,0.25546945600991655,0.8188883689204084,0.5803100588010167,1.1555515031716215,2739.1122023135013,False,-0.04564112993540301,-0.0498199064851661,-0.20732659895828745,0.18597738516033363,-1.1147946766729104,0.2649384181831267,0.8127541619732321,0.564484545059539,1.1702168528549126,2736.6499503968435,False,-0.047028708020335215,-0.050923673610290376,-0.22397160450893763,0.17790725292858559,-1.258923404313611,0.2080579993356756,0.7993378316373676,0.5640176011552439,1.132838705348953,2925.358142583278,False,-0.05529007044072527,-0.055810621339700384,157,0.6896918746929452,False,False,0.809233209594387,False,False,0.595076873295435,False,False,2736.6499503968435,2.462251916657806,-188.70819218643464,0.019550537283040792,0.8103267875103359,0.024126732059677122,medium,-4.5641129935403,-4.98199064851661,-0.09128225987080602,-0.0996398129703322,-4.702870802033521,-5.092367361029037,-0.09405741604067043,-0.10184734722058075,-5.529007044072527,-5.581062133970038,-0.11058014088145054,-0.11162124267940077,-0.005483819525888856,0.9945311891648908,1000.0
74d29b3d-f588-431d-bf4e-f7215683ab39,Tangle Wire,-0.16736525379930178,0.2057059244013965,-0.8136141644259107,0.41586602087044355,0.845890590153196,0.5652151263932537,1.2659443406542608,2739.746358492763,False,-0.038248298974746096,-0.04175833442951499,-0.2492593649772921,0.21353617835246286,-1.1672933687417808,0.24309191571073374,0.7793778038615863,0.5128405634830123,1.1844417240061593,2736.526501056427,False,-0.056461154133869665,-0.060962612195589516,-0.23154651049440728,0.20541551846969022,-1.1272104085386945,0.25965353078677134,0.7933057976001985,0.5303803296403283,1.1865713212495328,2925.673483692264,False,-0.05712039398500026,-0.057643119424669154,109,0.7926616185116565,False,False,0.8056368089558701,False,False,0.6168738428388749,False,False,2736.526501056427,3.219857436336042,-189.14698263583705,0.06651278629160973,0.8061913972049936,0.08250247586640676,medium,-3.8248298974746096,-4.1758334429514985,-0.07649659794949219,-0.08351666885902997,-5.646115413386966,-6.096261219558952,-0.11292230826773933,-0.12192522439117903,-5.712039398500026,-5.764311942466915,-0.11424078797000052,-0.11528623884933831,-0.004221674474040957,0.9957872242667083,1000.0
245cdc59-d560-4c10-b721-f51cc312e370,Mishra's Factory,-0.1334392372644625,0.21059274542079806,-0.6336364388898085,0.5263181145461886,0.8750806396556838,0.5791458007807483,1.3222337533447863,2740.0081734231267,False,-0.03051436604703533,-0.033317387608875204,-0.08146070418863936,0.21352998094150794,-0.3814953938995284,0.7028356884021658,0.9217689308002397,0.6065431138352173,1.4008203908476784,2737.7528313434686,False,-0.0185096238246014,-0.020141264851180785,-0.23313612451023363,0.20829680859109068,-1.1192496231082698,0.2630336607897539,0.7920457493460115,0.5265558530605798,1.1913958707527843,2925.6896380417284,False,-0.05751687432877948,-0.05804563698138698,102,0.8411513593462481,False,False,0.942563671193764,False,False,0.6211397290938766,False,False,2737.7528313434686,2.2553420796580212,-187.93680669825972,0.12972318145422823,0.8629651066006451,0.15032262656045062,medium,-3.0514366047035333,-3.3317387608875206,-0.06102873209407066,-0.06663477521775041,-1.85096238246014,-2.0141264851180782,-0.0370192476492028,-0.04028252970236157,-5.751687432877948,-5.804563698138699,-0.11503374865755896,-0.11609127396277397,-0.004766806315038449,0.9952445368754295,1000.0
5f608efc-0dbc-4cc3-aadd-ed473bfc29ab,Portal to Phyrexia,-0.36930197863117803,0.21762402883206533,-1.696972437341276,0.08970187162396526,0.6912166462740456,0.4511997760497609,1.0589111020162534,2737.4997071114276,False,-0.08382208130089341,-0.09142739565767405,-0.24870402215511733,0.22745419339822417,-1.0934246515283594,0.2742073948921736,0.7798107459352329,0.499316936673033,1.2178733682215725,2736.6951117133713,False,-0.056341623930614704,-0.061051307991597636,-0.2356666725778509,0.22125250396267207,-1.065148047398418,0.2868089393222826,0.7900439733689313,0.5120558487279013,1.218948053043805,2925.8087269058783,False,-0.05814003472793934,-0.05873967197797236,96,0.5336858032092203,False,False,0.809233209594387,False,False,0.6424520240819129,False,False,2736.6951117133713,0.8045953980563354,-189.11361519250704,0.09882732709488573,0.7536904551927366,0.13112455705653486,low,-8.382208130089342,-9.142739565767405,-0.16764416260178683,-0.1828547913153481,-5.63416239306147,-6.105130799159763,-0.11268324786122941,-0.12210261598319527,-5.814003472793934,-5.873967197797237,-0.11628006945587868,-0.11747934395594473,-0.0006129171929162017,0.9993872706024568,1000.0
8683a978-1bef-4b01-9361-56b1fc157d26,Courser of Kruphix,0.0019277332633120254,0.1926106818656115,0.01000844420797516,0.9920145502047165,1.0019295925356144,0.6868844450295812,1.4614727639601008,2740.41121567764,False,0.0004410684158355702,0.0004819331918505809,-0.051454827391539594,0.2053514397666297,-0.2505695964441014,0.8021468904503851,0.9498465560396759,0.6351185215891657,1.4205356155619062,2737.835866831915,False,-0.011692917602856623,-0.012740583146106044,-0.2392845503564594,0.1993028354703709,-1.2006078578447137,0.2299033515033413,0.7871908550622645,0.5326354178653498,1.1634026230871328,2925.5016439237106,False,-0.059016271288002416,-0.059570877119758336,124,0.9939868066079038,False,False,0.9813912231725159,False,False,0.6031930420115196,False,False,2737.835866831915,2.575348845724875,-187.66577709179546,0.21473873747334993,0.9129890012125182,0.23520407933519538,low,0.04410684158355702,0.04819331918505809,0.0008821368316711404,0.0009638663837011618,-1.1692917602856623,-1.2740583146106044,-0.023385835205713246,-0.025481166292212087,-5.901627128800242,-5.957087711975833,-0.11803254257600483,-0.11914175423951667,-0.0016983794017373956,0.9983030620284115,1000.0
99ff731b-8399-40c8-b539-ba6ba5783771,Wasteland,-0.13708529561317856,0.20339053925745867,-0.6740003547542166,0.5003110881410504,0.8718958540688485,0.5852414671484095,1.2989550860887125,2739.956277971614,False,-0.03133216721206388,-0.034225826952289484,-0.28585400549113055,0.21118926389373685,-1.3535442106326125,0.175881836094806,0.7513723041702774,0.4966920996251383,1.1366404657940705,2736.0612644073644,False,-0.06461583759649751,-0.06960904069402374,-0.2419843987418005,0.20048947068859632,-1.206968116134412,0.22744442313196778,0.7850684255114981,0.5299652920431004,1.1629675414385032,2925.4919243389845,False,-0.059624511959215455,-0.06020244878147585,112,0.8314108026455516,False,False,0.7361808790854437,False,False,0.6031930420115196,False,False,2736.0612644073644,3.895013564249439,-189.43065993162008,0.12052354989857106,0.802778861250208,0.15013293911460704,medium,-3.133216721206388,-3.4225826952289484,-0.06266433442412776,-0.06845165390457897,-6.461583759649751,-6.960904069402374,-0.12923167519299503,-0.13921808138804748,-5.962451195921545,-6.020244878147585,-0.11924902391843091,-0.1204048975629517,-0.0053648271369088835,0.9946495378481612,1000.0
054f2276-2dd5-43da-bb26-c57c560861fe,Steam Vents,-0.5355008145931773,0.18548530819805742,-2.88702549973058,0.0038890271039141106,0.5853760518526505,0.4069552629343248,0.8420216011259619,2731.998857144045,False,-0.12016560535017302,-0.1313347401512447,-0.5048849529459507,0.19371328668176926,-2.606351694271606,0.00915124442490573,0.6035750109596959,0.4128945709159401,0.882314323113646,2731.0350506152836,False,-0.11284179531331497,-0.12155916874303829,-0.24821502563919934,0.18467535723394693,-1.3440614349252904,0.17892852153612093,0.7801921639215035,0.5432537669236963,1.1204704867329787,2925.1352610153667,False,-0.06119211249043751,-0.06182958571343833,140,0.17490745408630318,True,False,0.4431684263420279,True,False,0.595076873295435,False,False,2731.0350506152836,0.9638065287613244,-194.10021040008314,0.19481611206885296,0.6563810755779499,0.29680336517520023,low,-12.016560535017302,-13.133474015124468,-0.24033121070034605,-0.2626694803024894,-11.284179531331496,-12.155916874303829,-0.22568359062662993,-0.24311833748607659,-6.119211249043751,-6.182958571343833,-0.12238422498087502,-0.12365917142687666,-0.008436959492126946,0.9915985317676983,1000.0
fd99bce1-ce39-464b-8e61-2631eb3ed6f6,Tolarian Academy,-0.33998604372712277,0.2055166117616737,-1.6542995761402775,0.09806665907405335,0.7117802564927789,0.47578052986935077,1.0648420894231356,2737.6537724688624,False,-0.07724687564878896,-0.08430698715247703,-0.2155058303462442,0.21165659708106044,-1.0181862191789353,0.30858946725660497,0.8061335702065826,0.53240395672422,1.22059824087789,2736.8571578333517,False,-0.0488558274802128,-0.052966046374205045,-0.24881623573502334,0.2050174388993617,-1.2136344940742405,0.22488732887379959,0.7797232454892433,0.5217063402461148,1.1653458903134468,2925.469440542723,False,-0.06134183712179235,-0.06198664721738856,109,0.5491732908146987,False,False,0.809233209594387,False,False,0.6031930420115196,False,False,2736.8571578333517,0.7966146355106503,-188.61228270937136,0.09435331371380373,0.7658790240628682,0.12319610636843686,medium,-7.724687564878896,-8.430698715247702,-0.15449375129757792,-0.16861397430495406,-4.88558274802128,-5.296604637420504,-0.0977116549604256,-0.10593209274841009,-6.134183712179235,-6.198664721738856,-0.1226836742435847,-0.12397329443477711,0.0015820036408562017,1.0015832556687665,1000.0
97b9bab9-12ee-4da5-9d53-d0b82d9279cd,Pyrite Spellbomb,-0.09546884207842689,0.21013951719009363,-0.45431170374330465,0.6496044934542199,0.9089466821019009,0.6020936410993692,1.3721853454481192,2740.204509557687,False,-0.021837253118490635,-0.02385166227129487,-0.08693304582611604,0.21677506823096349,-0.40102880158475157,0.6883989189993391,0.9167384730455228,0.5994083584160144,1.402064913113136,2737.7376833485673,False,-0.019749518248369034,-0.021483457035776088,-0.2503809360445642,0.2089397534810702,-1.1983403439176,0.2307845465607966,0.7785041662811985,0.5169015475557818,1.1725032354479061,2925.509130658557,False,-0.061704009158583116,-0.06228404480562588,104,0.9363619097657295,False,False,0.942563671193764,False,False,0.6031930420115196,False,False,2737.7376833485673,2.4668262091195174,-187.77144730998953,0.13823430676432436,0.868063107142874,0.15924453605603175,medium,-2.1837253118490634,-2.385166227129487,-0.04367450623698127,-0.04770332454258974,-1.9749518248369033,-2.1483457035776086,-0.03949903649673807,-0.042966914071552176,-6.170400915858312,-6.228404480562588,-0.12340801831716623,-0.12456808961125176,-0.0019488460024159723,0.9980530517649356,1000.0
1571b584-9007-45ee-a3c3-6c72f227fee2,Mystical Tutor,-0.32623203188920896,0.18152767243937942,-1.7971476607686527,0.07231218104812628,0.7216377250394942,0.505591488942348,1.0300035059719101,2737.153112559945,False,-0.0742114283598343,-0.08097838704595095,-0.20016928625451472,0.18741705307774836,-1.068042010944843,0.28550156178723807,0.8185921649462011,0.566937216712782,1.1819529795497388,2736.752223710429,False,-0.0454167591032622,-0.04929382976832386,-0.25503152955265174,0.18262780968651224,-1.396455063390528,0.1625775035339383,0.7748920655757309,0.5417329904154072,1.1084015998947836,2924.987519936051,False,-0.06289796199347245,-0.06353839448710535,142,0.49084235711230334,False,False,0.809233209594387,False,False,0.595076873295435,False,False,2736.752223710429,0.40088884951592263,-188.23529622562182,0.09695443990670694,0.7717073185204755,0.12563628409354585,medium,-7.42114283598343,-8.097838704595095,-0.1484228567196686,-0.1619567740919019,-4.541675910326219,-4.929382976832386,-0.0908335182065244,-0.09858765953664772,-6.289796199347244,-6.353839448710535,-0.1257959239869449,-0.1270767889742107,-0.008014926941975871,0.9920171069447482,1000.0
a7a8b6b8-b95f-4014-b17a-a6d44d965995,City of Traitors,-0.3912473820063908,0.20020746609219828,-1.9542097487324275,0.05067641688176918,0.6762128524540068,0.4567340451684762,1.001159923726099,2736.562214131847,False,-0.08865123492819028,-0.09677482264224746,-0.4035737306377857,0.20408620421177995,-1.9774669836036434,0.047988868963323314,0.6679287781686356,0.4477220376088893,0.9964415758680285,2733.9557726059497,False,-0.09078271543307241,-0.0977343615471814,-0.25696378796116054,0.19535166959861397,-1.3153907949143206,0.1883785975772232,0.7733962195123127,0.5273699098871271,1.1341976497748185,2925.2118843823687,False,-0.06331727016574505,-0.06397401644799666,116,0.39730310835307037,False,False,0.5532834304006689,True,False,0.595076873295435,False,False,2733.9557726059497,2.6064415258974805,-191.25611177641895,0.10546744134367714,0.705845950044985,0.14941991427018245,medium,-8.865123492819029,-9.677482264224746,-0.17730246985638057,-0.19354964528449492,-9.078271543307242,-9.77343615471814,-0.18156543086614482,-0.1954687230943628,-6.331727016574505,-6.397401644799666,-0.1266345403314901,-0.12794803289599332,-0.007530918212094647,0.9924973681006213,1000.0
3b5233ff-03bc-4053-9b49-c4185c2de38d,Restoration Angel,-0.2586254719338439,0.21304173014526906,-1.2139662579603168,0.22476060930788633,0.7721121465669962,0.5085522767285029,1.1722632935818331,2738.9302773673107,False,-0.05893940529040615,-0.06434763310072428,-0.2774732610707086,0.21937280624595323,-1.2648480266036946,0.205925811360808,0.7576958243071823,0.492902466457083,1.164739479392578,2736.292207431962,False,-0.06276713613128035,-0.06761954628114969,-0.26320637587944296,0.2104016465022619,-1.2509710843760597,0.2109450272547998,0.7685832638956565,0.5088542735032401,1.1608829173697388,2925.379356305062,False,-0.06483022811671325,-0.06544308037296476,102,0.657508648124563,False,False,0.7438594731644832,False,False,0.595076873295435,False,False,2736.292207431962,2.6380699353485397,-189.08714887309998,0.01441632225981393,0.7661304115899451,0.018817060440005032,medium,-5.8939405290406155,-6.4347633100724275,-0.1178788105808123,-0.12869526620144855,-6.2767136131280346,-6.761954628114969,-0.1255342722625607,-0.13523909256229938,-6.483022811671326,-6.544308037296476,-0.1296604562334265,-0.13088616074592951,-0.005022242427966183,0.9949903479454156,1000.0
187e887c-c39d-4d25-a506-cdc95fc70316,"Gideon, Ally of Zendikar",0.08717152597753415,0.22167792782033,0.3932350272066179,0.6941459012737592,1.091083812886296,0.7065811562939581,1.6848225800225427,2740.256843197255,False,0.01992984260822772,0.021780843755986656,-0.06240624621021524,0.2303360590483532,-0.27093563408200294,0.7864405376285504,0.9395011404770307,0.598179189487259,1.4755819133631727,2737.825281085258,False,-0.014178196368148393,-0.015440492671220607,-0.2645495770039344,0.21713335396596362,-1.2183737420894047,0.2230819787195396,0.7675515950158367,0.501510391590327,1.1747223205947188,2925.4609757025796,False,-0.06513489676238203,-0.06576544979120408,97,0.9373483511095025,False,False,0.9786815579377516,False,False,0.6031930420115196,False,False,2737.825281085258,2.4315621119967545,-187.6356946173214,0.3235322178704594,0.9327121827930545,0.3468725120557829,low,1.9929842608227721,2.1780843755986656,0.03985968521645544,0.04356168751197331,-1.4178196368148392,-1.5440492671220607,-0.028356392736296785,-0.030880985342441214,-6.513489676238203,-6.576544979120408,-0.13026979352476406,-0.13153089958240816,-0.003411529213491492,0.9965942834404041,1000.0
02138fbb-3962-4348-8d31-faaefba0b8b2,Raugrin Triome,-0.23754842890262873,0.2068047937680475,-1.14866016679025,0.25069613697147086,0.7885587010237863,0.5257729440788625,1.1826869981865242,2739.0863327566863,False,-0.05417132192184628,-0.059149943598773236,-0.20119006890242155,0.21763902599889848,-0.9244209211974687,0.35526720625652075,0.81775698660881,0.5337847773895035,1.2528017236047009,2737.0416262115486,False,-0.04561740942170903,-0.04933593674803399,-0.26550066322770866,0.20884637971650136,-1.2712725190070935,0.20363171530722912,0.766821934307907,0.5092381124120646,1.1546973107541292,2925.3284717199094,False,-0.06538786240565445,-0.06598152805483365,108,0.6896918746929452,False,False,0.8417274981732837,False,False,0.595076873295435,False,False,2737.0416262115486,2.0447065451376147,-188.28684550836078,0.050935052300903005,0.7910458739801678,0.06438950505439334,medium,-5.417132192184628,-5.914994359877324,-0.10834264384369256,-0.11829988719754647,-4.561740942170903,-4.933593674803399,-0.09123481884341807,-0.09867187349606799,-6.538786240565445,-6.598152805483365,-0.1307757248113089,-0.1319630561096673,-2.0324624386617358e-05,0.9999796755821572,1000.0
ebeafbc2-0399-4335-8f63-76a3e085e8c6,Evolved Sleeper,-0.5022174890594593,0.20178813942866425,-2.488835520667468,0.012816224283905166,0.6051871747426271,0.4074967823770465,0.8987838243446049,2734.138934690429,False,-0.11308935055934288,-0.1233770016725419,-0.4380684863350827,0.20460536374117672,-2.141041067179617,0.03227072645388627,0.6452815883728686,0.4321013986133721,0.9636356874317382,2733.269742514133,False,-0.09840285718412832,-0.10552444104511388,-0.26669498569077466,0.19656871914364082,-1.3567519127796204,0.17486005149095407,0.7659066483286914,0.5210185281400225,1.1258966087986009,2925.095510332716,False,-0.0657196012189331,-0.06633600232703413,116,0.19322922766503173,True,False,0.4431684263420279,True,False,0.595076873295435,False,False,2733.269742514133,0.8691921762956554,-191.8257678185828,0.1607194735860643,0.6721251371480624,0.23912135509173707,low,-11.308935055934288,-12.337700167254189,-0.22617870111868577,-0.2467540033450838,-9.840285718412831,-10.552444104511387,-0.19680571436825664,-0.21104888209022776,-6.5719601218933095,-6.6336002327034125,-0.1314392024378662,-0.13267200465406825,-0.0068975536062222615,0.9931261799175514,1000.0
6bbf7394-9b17-45f8-a25b-d865e8452b2c,Steamcore Scholar,-0.2739907815259196,0.21452259230600174,-1.2772117779328835,0.2015274899392442,0.7603390843947171,0.4993464865095152,1.157744249487536,2738.7702249695967,False,-0.06241988781255834,-0.06813013600302142,-0.16569116726656813,0.22249120392310415,-0.7447088439677514,0.45644775155143413,0.847307870192049,0.5478389473335525,1.3104775233372974,2737.343032824234,False,-0.037603423883237785,-0.0407798035623258,-0.26857800502911144,0.21392665936295,-1.2554676720933573,0.20930903656533228,0.7644657883079147,0.5026434247528017,1.1626690268168758,2925.3641065971333,False,-0.06616431027642772,-0.06683514562944182,103,0.648670173697577,False,False,0.903671202599946,False,False,0.595076873295435,False,False,2737.343032824234,1.4271921453628238,-188.0210737728994,0.08696878579733192,0.7907042476315601,0.1099890206203322,medium,-6.241988781255834,-6.813013600302142,-0.12483977562511668,-0.13626027200604285,-3.7603423883237785,-4.07798035623258,-0.07520684776647557,-0.0815596071246516,-6.616431027642772,-6.683514562944182,-0.13232862055285544,-0.13367029125888363,-0.003369842809369632,0.9966358287383802,1000.0
0c3d7e2c-a104-4757-9984-fb31088f92c4,Cryptic Coat,-0.4377035867761327,0.22095124728450208,-1.9809962249841258,0.0475916969339684,0.6455170943052568,0.418629904812549,0.9953716021001539,2736.45051773867,False,-0.09892917077783388,-0.10793132594782334,-0.3391175025819075,0.22721273940749778,-1.4925109545627746,0.1355652476313728,0.7123987354802389,0.4563685958193233,1.112065911114462,2735.653475616685,False,-0.07653493733394429,-0.08242011244453107,-0.27052768911954694,0.22088575187553847,-1.2247403321513468,0.22067307273692116,0.7629767735486405,0.49486822558384214,1.1763405425512947,2925.441223898355,False,-0.06662516799685685,-0.06728860559603411,93,0.39306940539550245,True,False,0.681302270147412,False,False,0.6031930420115196,False,False,2735.653475616685,0.7970421219852142,-189.78774828167025,0.11745967924338363,0.7069642011113787,0.16614657299299154,low,-9.892917077783387,-10.793132594782334,-0.19785834155566775,-0.21586265189564668,-7.653493733394429,-8.242011244453106,-0.15306987466788857,-0.16484022488906214,-6.662516799685685,-6.728860559603412,-0.1332503359937137,-0.13457721119206822,-0.0024649412302464925,0.997538094242788,1000.0
6982a82c-dd32-40d2-8dd2-ec92d0fc6c2d,Phyrexian Revoker,-0.4203162281463486,0.23968415432800502,-1.7536254297860285,0.07949471069002087,0.6568390759661198,0.4106158510131201,1.050708516613599,2737.3116391922026,False,-0.09507830185703489,-0.10372416114077504,-0.5179224673944871,0.24389223303558538,-2.1235709761979957,0.033706034649021395,0.5957569676996873,0.36937191450440343,0.9608915854875997,2733.343052575029,False,-0.11569075401962359,-0.12349991760628126,-0.2722333597396019,0.23259852076998958,-1.170400219392651,0.2418399474252222,0.7616764957203019,0.4828127119582058,1.2016068959323079,2925.5738925636306,False,-0.06701902473534671,-0.06768143500912527,80,0.5091714094027209,False,False,0.4431684263420279,True,False,0.6128028882259464,False,False,2733.343052575029,3.9685866171735142,-192.23083998860147,0.1659195280206146,0.6714241797953697,0.24711580698684693,low,-9.507830185703488,-10.372416114077504,-0.19015660371406978,-0.20744832228155008,-11.569075401962358,-12.349991760628127,-0.23138150803924717,-0.24699983521256252,-6.7019024735346715,-6.768143500912527,-0.13403804947069342,-0.13536287001825054,-0.009525645243476735,0.9905195800013784,1000.0
9e7fb3c0-5159-4d1f-8490-ce4c9a60f567,"Urza, Lord High Artificer",-0.33586644336323046,0.18791037597823826,-1.7873757189551196,0.0738767833408824,0.714718554848412,0.494518468752263,1.0329697370726656,2737.1872531933604,False,-0.07636228318254328,-0.08332461345126257,-0.21626104133455207,0.19211983978620376,-1.1256569939638368,0.26031073380008063,0.8055249991050348,0.5527685350845503,1.1738557515469228,2736.6240966273494,False,-0.04904415329686832,-0.05312191952326878,-0.27241257517607015,0.18808232751789633,-1.4483688008919906,0.14751393542038316,0.7615400037657717,0.5267369837399116,1.1010109319036,2924.836634520899,False,-0.06712436892662146,-0.06780430731920445,130,0.49084235711230334,False,False,0.809233209594387,False,False,0.595076873295435,False,False,2736.6240966273494,0.5631565660110027,-188.21253789354978,0.09080644425662288,0.7605945192397395,0.11938877017860902,medium,-7.636228318254328,-8.332461345126257,-0.15272456636508655,-0.16664922690252515,-4.904415329686832,-5.312191952326878,-0.09808830659373664,-0.10624383904653756,-6.712436892662146,-6.780430731920445,-0.13424873785324293,-0.1356086146384089,-0.003631135545335568,0.9963754490550688,1000.0
1785cb18-c291-4fd5-b8c7-ace893c32e49,Mesmeric Fiend,-0.3628124846849157,0.1884109377263452,-1.925644493165665,0.05414877908486584,0.6957168788382082,0.48089904208180156,1.0064939480957529,2736.6728161576,False,-0.08234976985086381,-0.0898942946564158,-0.34097141962382393,0.19452117844982264,-1.752875560086012,0.07962336956284728,0.7110792308279024,0.48566658510845917,1.041112746930866,2734.8017476082678,False,-0.07696416342598202,-0.08298041220153995,-0.2759173349610282,0.18596678327745922,-1.483691496396775,0.13789078325987583,0.7588756606544839,0.5270751029858435,1.0926189931404273,2924.7353557298125,False,-0.06794957541424786,-0.0686342226083218,135,0.4004966302125926,False,False,0.6193017268848884,False,False,0.5875346417159927,False,False,2734.8017476082678,1.871068549332449,-189.9336081215447,0.06315878181627566,0.7218905901068648,0.08749079525600405,medium,-8.234976985086382,-8.98942946564158,-0.16469953970172763,-0.1797885893128316,-7.6964163425982015,-8.298041220153996,-0.15392832685196403,-0.1659608244030799,-6.794957541424786,-6.863422260832181,-0.1358991508284957,-0.1372684452166436,-0.006691553030716339,0.9933307855558804,1000.0
d6ec3293-b09e-4931-ac4e-dc5eac0ca004,Mana Vault,-0.22996793145173053,0.16581372503797517,-1.386905284222175,0.16547064633136188,0.7945590824510679,0.5740935984087079,1.0996885129104532,2738.4803403542574,False,-0.05246377991712771,-0.05729718069434214,-0.2627480290492941,0.16934436311153633,-1.5515605256741776,0.12076741452609771,0.7689356223433885,0.5517484843985643,1.071615071046587,2735.4827346327215,False,-0.05946973803026451,-0.06435871348370548,-0.28196408752452673,0.1637249497259364,-1.7221815489729206,0.08503663615312554,0.7543007728546863,0.5472415470183982,1.0397047867238198,2923.970443410066,False,-0.06939856940207066,-0.07016647410514215,173,0.6236970515566717,False,False,0.6762387766458499,False,False,0.4861972528592847,False,False,2735.4827346327215,2.9976057215358196,-188.48770877734432,0.04025830959638155,0.7725984925497142,0.05210767298227812,medium,-5.246377991712771,-5.729718069434214,-0.10492755983425542,-0.11459436138868428,-5.9469738030264505,-6.435871348370547,-0.11893947606052901,-0.12871742696741095,-6.939856940207066,-7.016647410514215,-0.13879713880414132,-0.1403329482102843,-0.007930234536491639,0.9921011268176892,1000.0
162e81d3-6cd4-4cb8-8ed8-cfbd8d34ca71,Mind Stone,-0.15841817099658942,0.2315928186451334,-0.6840374927140184,0.49395149091852186,0.8534928013988806,0.5420808626762584,1.3438031338043268,2739.941320251879,False,-0.0362060867236882,-0.03953157329137408,-0.044987807468843365,0.23835880093898762,-0.1887398631458917,0.8502967067779466,0.9560091379332414,0.5991932826879974,1.525306605093834,2737.8630768016264,False,-0.010222816719697258,-0.011143390226618421,-0.28538713407074984,0.22816465552257553,-1.2507946658833515,0.211009401500167,0.7517231803258114,0.48066252858205627,1.1756434218122818,2925.37484711092,False,-0.0702413140658113,-0.07093562079735105,87,0.8314108026455516,False,False,0.986142926204009,False,False,0.595076873295435,False,False,2737.8630768016264,2.0782434502525575,-187.51177030929375,0.20428595760742996,0.8537417065526444,0.23928309468717873,low,-3.62060867236882,-3.953157329137408,-0.0724121734473764,-0.07906314658274816,-1.0222816719697259,-1.1143390226618421,-0.020445633439394515,-0.022286780453236843,-7.02413140658113,-7.093562079735105,-0.1404826281316226,-0.1418712415947021,0.00017479101976298212,1.0001748062966034,1000.0
4a08ca06-58db-4ce6-b490-be4bea8956a1,Sensei's Divining Top,-0.45870572654520403,0.2330083420035586,-1.9686236235190175,0.04899632773592295,0.6321012281453747,0.40035561998912855,0.9979926412266692,2736.4921615169264,False,-0.10356679395616351,-0.11293410880172755,-0.3567063322002088,0.23688372679478872,-1.5058287752675465,0.1321111343871383,0.6999780285617909,0.4399921308251765,1.1135863715342955,2735.6102093323843,False,-0.08044706731879188,-0.08675251616960417,-0.2876656761748916,0.22701520244784457,-1.2671648113124985,0.20509636515367846,0.7500122973084817,0.480650217012392,1.1703280810116512,2925.333377419942,False,-0.07079384011610584,-0.0715483536085838,87,0.39306940539550245,True,False,0.681302270147412,False,False,0.595076873295435,False,False,2735.6102093323843,0.881952184542115,-189.7231680875575,0.11791106916310701,0.6940305180052158,0.1698932051316811,low,-10.356679395616352,-11.293410880172756,-0.20713358791232703,-0.2258682176034551,-8.044706731879188,-8.675251616960416,-0.16089413463758376,-0.17350503233920833,-7.079384011610585,-7.15483536085838,-0.1415876802322117,-0.1430967072171676,-0.003884578974584728,0.9961229562421143,1000.0
15c34f32-49d9-4a0d-83b2-28172f54fdd1,Crop Rotation,-0.2996800496895699,0.23693350368313454,-1.2648276627451984,0.20593311273771664,0.7410552836235559,0.4657670246808356,1.179050693343308,2738.7975888626925,False,-0.06821402970583829,-0.07442634029484174,-0.3038349067187199,0.2422094809504959,-1.2544302788081996,0.20968565275215678,0.737982692378206,0.459064071480244,1.1863669759510331,2736.3141454979914,False,-0.06868751739705546,-0.07406422247971084,-0.29011196489695423,0.23518328327375665,-1.2335569129684265,0.21736805689706862,0.7481797930153193,0.4718608245525022,1.1863095505063743,2925.4169076464595,False,-0.07138964493702384,-0.07210795482427484,83,0.648670173697577,False,False,0.7438594731644832,False,False,0.6031930420115196,False,False,2736.3141454979914,2.4834433647010883,-189.10276214846817,0.010197100637113321,0.7424059230056939,0.013735209164050695,low,-6.821402970583828,-7.442634029484174,-0.13642805941167657,-0.14885268058968348,-6.868751739705546,-7.406422247971084,-0.13737503479411092,-0.14812844495942168,-7.1389644937023835,-7.210795482427485,-0.14277928987404767,-0.1442159096485497,-0.007742521383769861,0.9922873747280673,1000.0
2c695df6-6bf2-4e6b-8500-e3116137ca27,Jacked Rabbit,-0.057448022036134735,0.17332258250112914,-0.33145145431790735,0.7403035042688211,0.9441709651953184,0.6722262700575743,1.3261290896017914,2740.3013376691274,False,-0.013146161877118092,-0.014358880984415567,-0.16222466111147288,0.1810374276642369,-0.8960835513656584,0.37020814132853674,0.8502501649343672,0.5962721913152516,1.2124082818222612,2737.093457255919,False,-0.03682788700968033,-0.03989422370875162,-0.2920873721846675,0.17206026675428593,-1.6975875819243538,0.08958562822077919,0.7467032920252228,0.5329511580077679,1.0461855611789073,2924.0538331416374,False,-0.07188195462975026,-0.07250130691021195,163,0.9374126485600508,False,False,0.8536564200046259,False,False,0.4861972528592847,False,False,2737.093457255919,3.207880413208386,-186.96037588571835,0.19746767317009561,0.8470414740516361,0.23312633350236386,low,-1.3146161877118092,-1.4358880984415567,-0.026292323754236183,-0.028717761968831135,-3.682788700968033,-3.989422370875162,-0.07365577401936066,-0.07978844741750324,-7.188195462975027,-7.2501306910211945,-0.14376390925950053,-0.1450026138204239,-0.006760632537085994,0.9932621691255743,1000.0
41e108a5-4e2f-42cf-9ea1-87bf3c0a2b7f,"Nissa, Who Shakes the World",-0.20509117913635927,0.21245058572522552,-0.9653594431677182,0.33436480783601885,0.814573040958904,0.537141172931764,1.2352976693918938,2739.474334822027,False,-0.046828459815639024,-0.05111865346563471,-0.4021127582154505,0.23615058330496064,-1.702781134765055,0.08860903457707855,0.6689053168679816,0.4210650679703676,1.0626251308164631,2734.9709187411686,False,-0.09050692853584348,-0.09680827550360721,-0.2984521410576874,0.22690874863547666,-1.3152958748943764,0.1884104839663301,0.7419657906983654,0.47559278319681125,1.1575306733341149,2925.210575426788,False,-0.07342779848360151,-0.07406561149782315,103,0.750570152277904,False,False,0.62026324203955,False,False,0.595076873295435,False,False,2734.9709187411686,4.503416080858187,-190.2396566856196,0.14566772409092243,0.7418147161750838,0.1963667219248611,medium,-4.6828459815639025,-5.111865346563471,-0.09365691963127805,-0.10223730693126942,-9.050692853584348,-9.680827550360721,-0.18101385707168696,-0.19361655100721442,-7.342779848360151,-7.4065611497823145,-0.14685559696720302,-0.1481312229956463,-0.007150526275433822,0.9928749779119144,1000.0
1132218d-56cd-441e-9006-df3c50344491,Joraga Treespeaker,-0.09103084028848675,0.21150733453013118,-0.43039093888027113,0.6669112855241119,0.9129895536038599,0.6031524976512517,1.3819886815286664,2740.225524225924,False,-0.020828140730526877,-0.022744217616894935,-0.11042297724106465,0.220177694177786,-0.5015175476944629,0.6160069313040986,0.8954552979709606,0.5816006368135572,1.3786783230798048,2737.64647118407,False,-0.0250866472033305,-0.02725265144704303,-0.3008338844439754,0.2094482058513378,-1.4363163590787755,0.15091234110942264,0.7402007213889872,0.4909797630050885,1.1159260507832758,2924.8686999523725,False,-0.07403615192463822,-0.07471375820259751,107,0.9373483511095025,False,False,0.9197216625869148,False,False,0.595076873295435,False,False,2737.64647118407,2.5790530418539674,-187.22222876830256,0.17278883221487273,0.8495485243212691,0.20338900871250307,low,-2.082814073052688,-2.2744217616894935,-0.041656281461053754,-0.04548843523378987,-2.5086647203330497,-2.725265144704303,-0.050173294406661,-0.05450530289408606,-7.403615192463822,-7.471375820259752,-0.14807230384927644,-0.14942751640519503,-0.005856761016237201,0.9941603563747705,1000.0
01794178-cf41-454c-ac37-1d8b18e42db2,Green Sun's Zenith,-0.041538517817131436,0.1720383070835847,-0.2414492360527006,0.8092069564137017,0.9593123840108554,0.6847280001151576,1.3440084967488084,2740.3529600233655,False,-0.009506054936923391,-0.010383453818282151,-0.13197555825925553,0.18785054818603286,-0.70255615186471,0.482332396550578,0.8763624146405434,0.6064320260122084,1.266442154852723,2737.403877673879,False,-0.029978807402910597,-0.03252990506597092,-0.3033277187977388,0.18155264735551213,-1.670742471762307,0.09477255591647742,0.7383570832209043,0.517280029686944,1.0539188660973768,2924.143103295436,False,-0.07463732270527662,-0.07532203543241234,159,0.9374126485600508,False,False,0.9084793269322101,False,False,0.4975292521996266,False,False,2737.403877673879,2.9490823494866163,-186.73922562155713,0.22095530078995107,0.8580106272907676,0.2575204709149511,low,-0.9506054936923392,-1.0383453818282151,-0.019012109873846782,-0.020766907636564302,-2.99788074029106,-3.252990506597092,-0.059957614805821194,-0.06505981013194184,-7.463732270527662,-7.532203543241234,-0.14927464541055324,-0.15064407086482468,-0.005860080685016097,0.9941570560971522,1000.0
2616aa0e-8413-4e63-877c-bffd5263f552,Porcelain Legionnaire,-0.29727479440204063,0.20090683590365863,-1.4796649057008373,0.13896269566312636,0.7428398560786595,0.5010485919034623,1.10131244892368,2738.2044018678816,False,-0.06769111125976061,-0.07386036666011014,-0.3377928812466219,0.20504701161395855,-1.6473923642573423,0.09947742382593187,0.7133430193156722,0.4772642186186185,1.0661982259621854,2735.1630208462984,False,-0.07627702338861707,-0.08203118313334323,-0.3068847417474188,0.19486572601446542,-1.574852325362942,0.11529053522760467,0.7357353955965742,0.5021674924021511,1.0779402898906738,2924.4479530760677,False,-0.07549264636655544,-0.07618437388188559,119,0.582801342375758,False,False,0.6301343522866748,False,False,0.5266474573861455,False,False,2735.1630208462984,3.04138102158322,-189.2849322297693,0.02949683676298731,0.7306394236636353,0.04037126359139194,medium,-6.769111125976061,-7.386036666011014,-0.13538222251952123,-0.1477207333202203,-7.627702338861707,-8.203118313334324,-0.15255404677723414,-0.16406236626668647,-7.549264636655543,-7.618437388188559,-0.15098529273311087,-0.15236874776377118,-0.0008581863832826873,0.999142181753334,1000.0
b5aaaee0-9a61-45df-821e-cce516f8de6a,Old One Eye,-0.08214089167854191,0.23543214277019633,-0.3488941259763288,0.7271687952208818,0.9211421682871034,0.5806611612351288,1.4612702740300545,2740.2892025392293,False,-0.018794016532333525,-0.02052499606994518,-0.15992133186552254,0.2507442521080549,-0.6377866312828043,0.5236125831713492,0.8522108281652857,0.5213258160463883,1.3931082507096446,2737.4902533531053,False,-0.03630702680994527,-0.039348418168908605,-0.30728805301311657,0.24123739662395907,-1.2737994080251052,0.2027345150307004,0.7354387250522653,0.45835405374703886,1.1800269112597448,2925.311214468612,False,-0.07558819899787467,-0.0762683244740196,86,0.9374126485600508,False,False,0.9084793269322101,False,False,0.595076873295435,False,False,2737.4902533531053,2.7989491861239912,-187.82096111550663,0.18570344323483812,0.8362639071682181,0.22206320474080088,low,-1.8794016532333524,-2.052499606994518,-0.03758803306466705,-0.04104999213989036,-3.630702680994527,-3.9348418168908603,-0.07261405361989054,-0.07869683633781721,-7.5588198997874665,-7.62683244740196,-0.15117639799574933,-0.1525366489480392,0.0012165630839357287,1.0012173033969864,1000.0
4720b4f2-e6af-4223-9250-a0ed21ed5693,Pest Infestation,-0.2860972336226407,0.1856238419116897,-1.5412741740296008,0.12325007164402252,0.751189571512428,0.5220875610092136,1.0808259274713248,2738.0199457538083,False,-0.0651688548971255,-0.07112825075708878,-0.2890004058056159,0.18910123960261765,-1.5282840367039847,0.12644203158340767,0.7490119014493717,0.51703803659642,1.085062971780378,2735.5492578121048,False,-0.06537580565247321,-0.07057012343303815,-0.30945436032763124,0.18157211310320903,-1.7043055513251173,0.08832401841064702,0.7338472631829305,0.5141009140247328,1.047521587668621,2924.021540821116,False,-0.07611142229956057,-0.07689988957537752,138,0.5820967239091184,False,False,0.6762387766458499,False,False,0.4861972528592847,False,False,2735.5492578121048,2.470687941703545,-188.47228300901133,0.01734230832949757,0.7446829120482433,0.02328817816135691,medium,-6.51688548971255,-7.112825075708878,-0.130337709794251,-0.14225650151417757,-6.537580565247321,-7.057012343303814,-0.13075161130494642,-0.1411402468660763,-7.611142229956057,-7.689988957537752,-0.15222284459912114,-0.15379977915075504,-0.007257696999462634,0.9927685764833223,1000.0
c3896705-bbd2-4ffb-a590-ee78e0eabdc5,Long Goodbye,-0.33811774085644214,0.20160919094939686,-1.6770948748130654,0.0935239308622399,0.7131113206175614,0.48033487834405897,1.0586942121422822,2737.5712685246144,False,-0.07686328934498375,-0.08385604000857888,-0.2776348669275421,0.20429479830511177,-1.3589913655701493,0.17414932480034528,0.7575733861179067,0.507604503211823,1.130638975270587,2736.0385641056673,False,-0.0628400501851648,-0.06796982507533122,-0.3102794823790221,0.19732071999665382,-1.572462751931393,0.11584327102370576,0.7332419993663264,0.49806330399888954,1.0794688653391067,2924.4566887956503,False,-0.07630738778434716,-0.07714395312027483,116,0.5391379543823241,False,False,0.7361808790854437,False,False,0.5266474573861455,False,False,2736.0385641056673,1.5327044189471053,-188.41812468998296,0.04446206550034526,0.7346422353672649,0.06052206551685342,medium,-7.686328934498375,-8.385604000857889,-0.1537265786899675,-0.16771208001715776,-6.2840050185164795,-6.796982507533123,-0.1256801003703296,-0.13593965015066245,-7.630738778434716,-7.7143953120274835,-0.15261477556869432,-0.15428790624054967,-0.006776282371208171,0.9932466248590206,1000.0
dcb94950-3f3e-4876-84f8-d5e4d9cfecee,Charming Prince,-0.020035191209447925,0.19635492510123123,-0.1020355929402776,0.9187284234269293,0.9801641795368847,0.6670496190808466,1.4402554043446274,2740.4009001681534,False,-0.004584464283535221,-0.005008657477333922,-0.10290221338553357,0.20264098516460888,-0.5078055325379723,0.6115897294577142,0.9022151937373819,0.6064830220524422,1.342151760581677,2737.640388714452,False,-0.023375164709042592,-0.025405954965643796,-0.31744502922884416,0.19256036345534025,-1.6485481411259795,0.09924024040343964,0.7280066987640293,0.4991426553604734,1.0618081779898103,2924.2180989816243,False,-0.07799266090921772,-0.07872701574628632,122,0.9888159179696718,False,False,0.9197216625869148,False,False,0.505050312493552,False,False,2737.640388714452,2.7605114537013833,-186.57771026717228,0.2521574807728554,0.870128690679432,0.28979331847563894,low,-0.4584464283535221,-0.5008657477333922,-0.009168928567070442,-0.010017314954667844,-2.337516470904259,-2.5405954965643796,-0.046750329418085185,-0.05081190993128759,-7.799266090921772,-7.872701574628632,-0.15598532181843544,-0.15745403149257264,-0.004281219339307021,0.9957279320158977,1000.0
522aa72b-2b8c-484c-872b-f082101cee35,Get Lost,-0.34485513575701576,0.16954638599074254,-2.033986945471343,0.04195291169215326,0.7083229567047618,0.5080547547358855,0.9875341315441442,2736.24236099865,False,-0.0783601694213142,-0.08555330317963245,-0.4353386703743199,0.1757919893248145,-2.4764420270023546,0.013269917376403616,0.6470454948266203,0.45845599428910766,0.9132127785233171,2731.70222367512,False,-0.09780124165883172,-0.10456186765674919,-0.3260861767024032,0.16485612465359598,-1.9780046230468655,0.04792818512642567,0.7217429873210242,0.5224613960537144,0.9970362282872299,2923.009883179243,False,-0.08014565265660506,-0.08082426267478471,173,0.39156050912676377,True,False,0.4431684263420279,True,False,0.4128886111263016,True,False,2731.70222367512,4.540137323529962,-191.30765950412297,0.07469749249440383,0.6923704796174688,0.10788659351229679,medium,-7.83601694213142,-8.555330317963245,-0.1567203388426284,-0.1711066063592649,-9.780124165883173,-10.456186765674918,-0.19560248331766344,-0.20912373531349837,-8.014565265660506,-8.082426267478471,-0.16029130531321012,-0.16164852534956942,-0.010541583503307307,0.9895137842626393,1000.0
985453e7-997e-4d77-a338-cc0290791ebe,Finale of Devastation,0.11819180019284249,0.24595400714426946,0.4805443162530571,0.6308403993415144,1.125459954103575,0.6949759392436552,1.8225956277987576,2740.1812299080398,False,0.027003088761500833,0.029517156274281364,0.04494984911169661,0.26734751700464826,0.1681326597505489,0.8664789163002641,1.0459754019977687,0.6193707199356299,1.766413080841307,2737.87050398872,False,0.010210120312775925,0.01117431013166481,-0.3290066685992882,0.25731225692741705,-1.2786280472138363,0.20102806841599774,0.7196382177521675,0.4345958795694501,1.1916338575565277,2925.3033963579473,False,-0.08079216111589603,-0.08154127017780166,77,0.9296595358717054,False,False,0.9892481634296245,False,False,0.595076873295435,False,False,2737.87050398872,2.3107259193197933,-187.43289236922737,0.4058217363514075,0.9636911912845038,0.421111804301633,low,2.7003088761500833,2.951715627428136,0.054006177523001665,0.05903431254856273,1.0210120312775925,1.117431013166481,0.02042024062555185,0.02234862026332962,-8.079216111589602,-8.154127017780166,-0.16158432223179206,-0.16308254035560332,0.000558242801245871,1.000558398647757,1000.0
e4e6794a-feeb-4fc8-a2ee-38c75c18aaae,Heartless Act,-0.06743849350303698,0.19024955017343148,-0.35447386572825035,0.7229837863234603,0.9347852142118336,0.643825461682581,1.3572364696876125,2740.285435294618,False,-0.01543266897115678,-0.016854347029881867,-0.029194716676733817,0.19496431170246145,-0.1497439014443238,0.8809666703120113,0.9712273318951499,0.6627716498772891,1.4232391056479534,2737.8762992965358,False,-0.006634638541607789,-0.007236544740321815,-0.3439298678173103,0.18524330253803212,-1.8566386104388222,0.0633625868872352,0.7089786485260892,0.4931180206491563,1.019331484588972,2923.470260032039,False,-0.0844580597296408,-0.08534939618905613,133,0.9374126485600508,False,False,0.9892481634296245,False,False,0.43094182426145716,False,False,2737.8762992965358,2.4091359980820926,-185.59396073550306,0.2622486833690607,0.8716637315443575,0.300859923246348,low,-1.543266897115678,-1.6854347029881867,-0.03086533794231356,-0.03370869405976373,-0.6634638541607789,-0.7236544740321815,-0.013269277083215578,-0.01447308948064363,-8.445805972964079,-8.534939618905613,-0.1689161194592816,-0.17069879237811225,-0.0023666466745521026,0.9976361516257244,1000.0
05e8a4ea-8c0d-4284-ac23-80e19fdde11d,Myr Battlesphere,-0.45265232528936816,0.22747913011782578,-1.9898630922973506,0.046606019006982614,0.6359391951710938,0.40717532175071036,0.9932297915698841,2736.3807541085534,False,-0.1023405897210543,-0.11150031542647881,-0.34253230873895885,0.23161008888130902,-1.4789179106722465,0.1391622558081602,0.7099701807737552,0.4509097443287863,1.1178681852135333,2735.681882352359,False,-0.07736321208379532,-0.08341408144556794,-0.35038857882849045,0.2259188577953391,-1.5509487886394548,0.12091395705294157,0.7044143160411317,0.45239954517211484,1.0968170369289758,2924.5099060834086,False,-0.08603044434737146,-0.08692274527867516,89,0.39306940539550245,True,False,0.6905266364151746,False,False,0.5266474573861455,False,False,2735.681882352359,0.6988717561944213,-188.8280237310496,0.07403098560266141,0.6834412306619936,0.10832092399657196,low,-10.23405897210543,-11.15003154264788,-0.2046811794421086,-0.22300063085295763,-7.736321208379532,-8.341408144556794,-0.15472642416759064,-0.1668281628911359,-8.603044434737146,-8.692274527867516,-0.17206088869474293,-0.17384549055735032,-0.00028804981467780267,0.999711991667687,1000.0
cc520518-2063-4b57-a0d4-10cf62a7175e,Zagoth Triome,-0.251718426714004,0.18123670344539852,-1.3888932094256483,0.16486522574370632,0.777463620238107,0.5450147799746968,1.109051906485556,2738.4631893994547,False,-0.057474579973410385,-0.06266299505521183,-0.15777540158932557,0.18485225263772775,-0.8535216603420721,0.3933700811180989,0.8540415768100686,0.5944695303325624,1.2269544151610081,2737.1659714974217,False,-0.03584776409511474,-0.03891222076162443,-0.35379956870225926,0.17881728846246925,-1.9785534818492445,0.04786630148335571,0.7020156591650029,0.4944637415386302,0.9966878141142147,2922.9813067825753,False,-0.08694660082306431,-0.08788896716441841,146,0.6236970515566717,False,False,0.8614585016664512,False,False,0.4128886111263016,True,False,2737.1659714974217,1.297217902033026,-185.81533528515365,0.1520259176450658,0.7778402854043929,0.19544618670146244,medium,-5.747457997341039,-6.266299505521183,-0.11494915994682077,-0.12532599011042367,-3.584776409511474,-3.8912220761624425,-0.07169552819022948,-0.07782444152324886,-8.69466008230643,-8.78889671644184,-0.17389320164612862,-0.17577793432883682,-0.008312467457535671,0.9917219855707639,1000.0
0c3bc412-689f-4385-807b-ed60d6276d76,Grim Monolith,-0.44903228332255707,0.20856969758989258,-2.1529123765882923,0.031325565614012736,0.6382454936760285,0.4240818115480336,0.9605630307764754,2735.7074836170823,False,-0.10152079963914869,-0.11067625799675535,-0.38429049294264617,0.21306790870193712,-1.803605692118723,0.0712931431138488,0.6809335920431836,0.4484744377914376,1.0338840248203003,2734.605077851279,False,-0.08662079033355961,-0.09311092848171143,-0.3552281681045893,0.20763963614688358,-1.7107917096006762,0.08711957055241024,0.7010134760434436,0.4666378262019487,1.0531077122364227,2923.9876308726434,False,-0.08719350691677659,-0.08802437307046246,106,0.35187797530330484,True,False,0.6139906492365879,False,False,0.4861972528592847,False,False,2734.605077851279,1.1024057658032689,-189.3825530213644,0.0627679823674151,0.6733975205875519,0.0932108902222403,medium,-10.152079963914868,-11.067625799675534,-0.20304159927829737,-0.2213525159935107,-8.662079033355962,-9.311092848171143,-0.17324158066711923,-0.18622185696342286,-8.71935069167766,-8.802437307046246,-0.17438701383355318,-0.17604874614092492,-0.0024790403162686003,0.9975240299665339,1000.0
5bb3cb5c-8d66-4f5e-a9a9-917e6045f024,Flickerwisp,-0.21330865651974937,0.2020898816496514,-1.0555137881150682,0.2911904068563468,0.8079067330478524,0.5436743544265635,1.2005592759520511,2739.290807039023,False,-0.04870225887359991,-0.05315675703202227,-0.2108988505021768,0.21083172620264648,-1.000318378551176,0.31715645581285357,0.8098559792641199,0.5357278261784201,1.2242535763513154,2736.8941843962657,False,-0.04782956357271503,-0.05168017458814589,-0.3562223578536852,0.20159794087737085,-1.7669940293208164,0.07722922823167806,0.7003168819623073,0.47172724934820354,1.0396764991614662,2923.8023444024566,False,-0.08739794913968153,-0.08812145499016627,116,0.7224470853651135,False,False,0.809233209594387,False,False,0.48053742010821904,False,False,2736.8941843962657,2.396622642757393,-186.90816000619088,0.10953909730181255,0.7726931980914266,0.1417627301138112,medium,-4.870225887359991,-5.315675703202228,-0.09740451774719983,-0.10631351406404455,-4.782956357271503,-5.168017458814589,-0.09565912714543005,-0.10336034917629178,-8.739794913968153,-8.812145499016626,-0.17479589827936307,-0.17624290998033254,-0.0035617443207723357,0.9964445911665036,1000.0
1e2fee55-227b-4373-a3f7-b463f220033f,Tinker,-0.4596901536235335,0.177302842403241,-2.5926834978655173,0.009523036433210494,0.6314792767632617,0.4461037526598536,0.893886398856421,2733.5782024577175,False,-0.10395623181420667,-0.11333795878882996,-0.3515026897207706,0.1895258711155704,-1.8546422588736122,0.06364732928896726,0.7036299573913414,0.48530709778942704,1.020168712128255,2734.423493351591,False,-0.07943111796881652,-0.08609193389325365,-0.36630384792160564,0.18393483086607393,-1.9914871272440926,0.04642735905025986,0.693292113835062,0.483445777388942,0.9942251594415986,2922.939169378947,False,-0.08995387224713029,-0.09108684144949869,151,0.17490745408630318,True,False,0.6139906492365879,False,False,0.4128886111263016,True,False,2733.5782024577175,-0.8452908938734254,-188.51567602735622,0.07215068062807972,0.6761337826632215,0.1067106576806229,medium,-10.395623181420667,-11.333795878882997,-0.20791246362841334,-0.22667591757765992,-7.943111796881652,-8.609193389325364,-0.15886223593763305,-0.1721838677865073,-8.99538722471303,-9.10868414494987,-0.17990774449426059,-0.18217368289899738,-0.002321170301681868,0.997681521530966,1000.0
c17816e8-28b1-4295-a637-efb0e5c18873,Lush Portico,-0.17565404932805348,0.1999074100635587,-0.8786770298920181,0.37957641657224517,0.8389081539813866,0.566956570711711,1.2413065253534432,2739.633746183441,False,-0.040162886950422985,-0.04381878315331317,-0.18677935718498576,0.21356323058492238,-0.8745857452775039,0.3817993466899414,0.8296267673777901,0.5458760797663704,1.2608732982846564,2737.1308088207497,False,-0.042406326319826465,-0.045852464272926774,-0.3683010937381411,0.20541884914954564,-1.7929274517063263,0.0729845251923955,0.6919088209089013,0.4625863493905353,1.034915572157048,2923.6999493259527,False,-0.09041484020906823,-0.09106752552212194,120,0.7882371007995962,False,False,0.8579558660970812,False,False,0.46145054637772637,False,False,2737.1308088207497,2.5029373626912275,-186.569140505203,0.14699933307248536,0.7868145807560261,0.18682843031612123,medium,-4.016288695042299,-4.381878315331317,-0.08032577390084597,-0.08763756630662634,-4.240632631982646,-4.585246427292677,-0.08481265263965293,-0.09170492854585355,-9.041484020906823,-9.106752552212194,-0.18082968041813646,-0.18213505104424388,-0.0032114030972907556,0.9967937479421393,1000.0
8e42df9e-95f2-4c79-9274-2d16e3cd91f1,"Thalia, Guardian of Thraben",-0.10588538305426312,0.2014286952942348,-0.5256717911993234,0.599116266561256,0.8995277432901234,0.6061149491522972,1.3349780632869832,2740.134332538351,False,-0.02422092131011202,-0.026450454393810163,-0.2694377690949668,0.2088392837108123,-1.2901680388258154,0.19699232058741778,0.7638088105569524,0.5072441844668977,1.1501440863192367,2736.2248118449625,False,-0.06099040221629682,-0.06571045586329083,-0.3808478368858561,0.19604522102281174,-1.9426530006642744,0.052058098488056884,0.683281852004518,0.4652890423330888,1.0034065855875036,2923.143358932812,False,-0.0932721180462154,-0.09411708732450297,121,0.9102851802015983,False,False,0.7432460548763574,False,False,0.41646478790445507,False,False,2736.2248118449625,3.9095206933884583,-186.91854708784967,0.21624589128560545,0.7822061352838646,0.27645639880736717,low,-2.422092131011202,-2.6450454393810165,-0.04844184262022404,-0.05290090878762033,-6.099040221629682,-6.571045586329083,-0.12198080443259364,-0.13142091172658166,-9.32721180462154,-9.411708732450297,-0.1865442360924308,-0.18823417464900594,-0.005557742619748135,0.9944576730597506,1000.0
5da578b8-19e6-4068-9336-e7cd33c585f1,Retrofitter Foundry,-0.577477468862238,0.20108153045296726,-2.8718573384705235,0.0040806713856923775,0.5613125104902181,0.3784780240024047,0.8324703534988585,2731.977624935915,False,-0.1295394464207847,-0.141093203031449,-0.46285122432266024,0.20614480041109715,-2.245272368740978,0.024750652741373905,0.6294862777892742,0.4202544015387417,0.9428883373359892,2732.7702126006966,False,-0.10397116774537864,-0.11183194600052676,-0.38120160639627604,0.1989585080247606,-1.9159854493321549,0.05536694781100591,0.6830401704705551,0.46247615407074777,1.0087955246338496,2923.220713758768,False,-0.09350976079276588,-0.09452498499053563,118,0.17490745408630318,True,False,0.4431684263420279,True,False,0.43094182426145716,False,False,2731.977624935915,-0.7925876647814221,-190.45050115807135,0.12172765998033697,0.6246129862500158,0.19488493300652038,medium,-12.953944642078469,-14.109320303144901,-0.2590788928415694,-0.282186406062898,-10.397116774537864,-11.183194600052676,-0.20794233549075727,-0.22366389200105352,-9.350976079276588,-9.452498499053563,-0.18701952158553176,-0.18904996998107126,-0.005996612088454575,0.9940213317045767,1000.0
7740ff55-67bb-409e-90f7-2c2c8b8c770a,"Valgavoth, Terror Eater",-0.4130669114070821,0.23974443409981225,-1.7229468244301802,0.08489814162031306,0.6616180115546343,0.4135544872905983,1.0584781610794523,2737.395636222016,False,-0.09358523446951715,-0.1019812121017778,-0.2657665180369309,0.2549684639645002,-1.0423505476109947,0.2972491850361294,0.766618098105472,0.46509913274964454,1.2636086953514112,2736.802885908384,False,-0.06018854866120468,-0.06519197690166822,-0.3857268036480272,0.24625622660815172,-1.5663636569149746,0.11726350611353045,0.6799562618781861,0.4196270208693225,1.1017891962951918,2924.4631025197814,False,-0.09451848705466609,-0.09568762192461161,82,0.5282551034152813,False,False,0.809233209594387,False,False,0.5266474573861455,False,False,2736.802885908384,0.592750313632223,-187.66021661139757,0.1050000865508377,0.7027307905127641,0.1494172277184865,low,-9.358523446951715,-10.19812121017778,-0.1871704689390343,-0.2039624242035556,-6.018854866120468,-6.5191976901668225,-0.12037709732240937,-0.13038395380333645,-9.45184870546661,-9.568762192461161,-0.18903697410933218,-0.19137524384922322,-0.004695562760971003,0.9953154441592161,1000.0
aaae15dd-11b6-4421-99e9-365c7fe4a5d6,Embercleave,0.007969126476132798,0.2244924902340071,0.035498410070759684,0.9716823141575277,1.008000964482033,0.6491859053453048,1.5651386390717443,2740.4100559486624,False,0.0018233067644594422,0.0019922723841700463,-0.2671395512193384,0.24131182917188676,-1.1070304847304213,0.26828074842709093,0.7655662283098561,0.47706108457064383,1.228546341096052,2736.668164986808,False,-0.06045271021708127,-0.06516227030224081,-0.4003955998890176,0.23417022735836357,-1.7098484483096572,0.08729390135552287,0.670054919945205,0.42342907789604944,1.0603277365211954,2924.0095228125056,False,-0.09788693453423761,-0.09875451967843774,89,0.9939868066079038,False,False,0.809233209594387,False,False,0.4861972528592847,False,False,2736.668164986808,3.7418909618545513,-187.34135782569774,0.33794604453682786,0.8145407042456979,0.41489153675847473,low,0.18233067644594422,0.19922723841700463,0.0036466135289188843,0.0039845447683400925,-6.045271021708127,-6.516227030224081,-0.12090542043416254,-0.13032454060448162,-9.788693453423761,-9.875451967843773,-0.19577386906847521,-0.19750903935687547,-0.009191629743195963,0.9908504841549122,1000.0
671c008a-8ff8-42d7-9e03-6d8a9ddace67,Faithless Looting,-0.37302003981626614,0.23162127743306693,-1.6104739769603424,0.10729442208231375,0.6886514322575018,0.43736038523136944,1.084324989560792,2737.7722675464343,False,-0.08472684394939264,-0.092314424586462,-0.33599452033358757,0.2368116806029799,-1.4188257921993717,0.15594981119884416,0.7146270217230167,0.44926363000387526,1.1367307435331544,2735.8555242471903,False,-0.07593387538930421,-0.08183404425353702,-0.42138854161870987,0.2285834730260215,-1.8434777284652588,0.06525929053964266,0.6561351160760794,0.41919790284221425,1.026992949223353,2923.4866821668575,False,-0.10305950149873036,-0.10416524794867221,89,0.5683704521117161,False,False,0.6966542088834689,False,False,0.4335871507040665,False,False,2735.8555242471903,1.91674329924399,-187.6311579196672,0.05849190564693729,0.686471190018866,0.08520664304255766,low,-8.472684394939265,-9.2314424586462,-0.1694536878987853,-0.184628849172924,-7.593387538930421,-8.183404425353702,-0.15186775077860842,-0.16366808850707404,-10.305950149873036,-10.416524794867222,-0.20611900299746072,-0.20833049589734443,-0.0065744901293970015,0.9934470745460379,1000.0
b689a206-aec3-4a31-95cf-3d4b840db04c,Securitron Squadron,-0.085361552173803,0.22016719303619708,-0.38771240617928454,0.6982288737856499,0.9181802543150839,0.5963728319548592,1.4136374667683131,2740.26053009693,False,-0.01953149616361426,-0.021329122567484093,-0.18241180358484518,0.2255385707547588,-0.8087831849532829,0.4186398699259346,0.8332581310676905,0.5355465834735963,1.2964681960755184,2737.2411110894636,False,-0.04139774258196244,-0.04479453415798984,-0.42823483362263637,0.21763910533695613,-1.9676373552428865,0.04910977843295042,0.651658365534179,0.4253650744487294,0.9983391935057966,2923.0235664809256,False,-0.10462379037202488,-0.10553146174680111,97,0.9373483511095025,False,False,0.8729086649519487,False,False,0.4128886111263016,True,False,2737.2411110894636,3.01941900746624,-185.782455391462,0.2665218887809049,0.8010322503056511,0.33272304414610987,low,-1.953149616361426,-2.1329122567484093,-0.03906299232722852,-0.04265824513496819,-4.139774258196244,-4.479453415798984,-0.08279548516392488,-0.08958906831597968,-10.462379037202489,-10.553146174680112,-0.20924758074404975,-0.21106292349360223,-0.0027412636933046353,0.9972624901391485,1000.0
6cc73d16-5ed7-4104-91f6-0997a2080e2e,Embereth Shieldbreaker // Battle Display,-0.1361370723234041,0.2361532351716144,-0.576477693496226,0.564292343046567,0.8727229981205856,0.5493621432827498,1.3864177587798845,2740.077416202872,False,-0.031129624448138393,-0.033987716372218535,-0.25608276399313123,0.23951507956262397,-1.0691717801683358,0.28499227210746214,0.7740779003629767,0.4840668219398976,1.2378385972190253,2736.747865428443,False,-0.05799849161867431,-0.06257057106143976,-0.44419942797278983,0.22703133948328044,-1.9565555530077052,0.05039974500719998,0.6413375074340077,0.4109922778452834,1.0007823032541348,2923.0723776881405,False,-0.10833770116239803,-0.10937419389500208,87,0.8708763719458829,False,False,0.809233209594387,False,False,0.4128886111263016,False,False,2736.747865428443,3.3295507744287534,-186.32451225969726,0.23138549068657788,0.7627128019725234,0.3033717148685194,low,-3.112962444813839,-3.3987716372218535,-0.062259248896276785,-0.06797543274443707,-5.7998491618674315,-6.257057106143976,-0.11599698323734862,-0.12514114212287952,-10.833770116239803,-10.937419389500208,-0.21667540232479607,-0.21874838779000416,-0.006431405919137073,0.9935892313060857,1000.0
a50d79fe-6d37-42f3-b7b0-0c3018282fa2,End-Raze Forerunners,0.09606910356212624,0.24167928375010655,0.3975065718146555,0.6909939413161089,1.1008351329946329,0.6854893661894796,1.7678436016764418,2740.253559896929,False,0.021961862594026594,0.02400079142309336,-0.2743392494932685,0.36016277691002735,-0.761709057906896,0.4462336680456719,0.7600741767380791,0.3752141714264751,1.5396879919213662,2737.316154684855,False,-0.062060342832692315,-0.0668754465232877,-0.4475286979932304,0.3490607911372769,-1.2820938626052347,0.19980972167785116,0.6392058720613212,0.3224884850605721,1.2669728247845216,2925.296665282471,False,-0.1090602609608559,-0.1100251635175919,77,0.9373483511095025,False,False,0.8970440916610429,False,False,0.595076873295435,False,False,2737.316154684855,2.937405212073827,-187.9805105976161,0.4616292609333117,0.8333717272646778,0.5539295920783005,low,2.1961862594026593,2.4000791423093357,0.04392372518805319,0.04800158284618672,-6.206034283269232,-6.68754465232877,-0.12412068566538463,-0.1337508930465754,-10.90602609608559,-11.002516351759189,-0.2181205219217118,-0.2200503270351838,0.0024509301358823193,1.0024539361204656,1000.0
07a3d9e8-8597-498b-869c-cff79e0df516,"Karn, Scion of Urza",-0.17528517709007968,0.20725942969945446,-0.845728357663917,0.39770429975772537,0.8392176609903622,0.5590515122813519,1.2597878139066565,2739.6907873557493,False,-0.0400719645950562,-0.04372589855353598,-0.08226695189738735,0.21294147731806576,-0.3863359686121981,0.6992478652805811,0.9210260562224912,0.6067537539341994,1.3980778705371633,2737.7490024737654,False,-0.01869668554077169,-0.02034658358464686,-0.45395963751365986,0.20738613801847883,-2.18895844173158,0.028599860723192125,0.6351083672813969,0.4229774258986036,0.9536268687008749,2922.077311088394,False,-0.11076047445040572,-0.1119670540198186,108,0.7913709924113115,False,False,0.942563671193764,False,False,0.3147642255356918,True,False,2737.7490024737654,1.9417848819839492,-184.32830861462844,0.2859176889410944,0.7984506948314168,0.3580906006994739,low,-4.00719645950562,-4.372589855353598,-0.0801439291901124,-0.08745179710707196,-1.869668554077169,-2.034658358464686,-0.03739337108154338,-0.04069316716929372,-11.076047445040572,-11.19670540198186,-0.22152094890081145,-0.2239341080396372,0.0031589743537663727,1.0031639691713656,1000.0
ab1d1461-1625-4163-aacd-a939f4871fad,Staff of the Storyteller,-0.41573696603781146,0.21130967677840393,-1.9674298516569413,0.049133675674437806,0.6598538116223182,0.43609117848831463,0.9984312322524286,2736.4600676666696,False,-0.09429248570896129,-0.10267200390681297,-0.4340626704227815,0.2181444481863607,-1.9897947164438583,0.0466135537057748,0.6478716518227117,0.4224746690607605,0.9935215244233306,2733.8646187975824,False,-0.09770968600702859,-0.10415124819918603,-0.461659918553588,0.21090021112380294,-2.1889969483367837,0.02859706182240739,0.6302366352874218,0.4168518765667453,0.952852173126327,2922.0572584801466,False,-0.11268880404236348,-0.11336051335588249,107,0.39306940539550245,True,False,0.5532834304006689,True,False,0.3147642255356918,True,False,2733.8646187975824,2.5954488690872495,-188.19263968256428,0.029617176334896356,0.6459873662441505,0.04584791883329582,medium,-9.429248570896128,-10.267200390681296,-0.18858497141792258,-0.20534400781362594,-9.77096860070286,-10.415124819918603,-0.19541937201405718,-0.20830249639837206,-11.268880404236349,-11.336051335588248,-0.22537760808472695,-0.22672102671176497,-0.010553068687922959,0.9895024195794102,1000.0
3b6e5956-f795-451b-bb24-56462d1ced27,Umezawa's Jitte,-0.4590804340287073,0.18243257108831004,-2.5164389850454962,0.011854742436330435,0.6318644194546221,0.4419103377013409,0.9034698003434265,2733.9629100174325,False,-0.10386843396021199,-0.11317044393981446,-0.5690526032852496,0.18686029581311964,-3.0453371638368987,0.002324195964413437,0.5660614695190942,0.3924685850394428,0.8164362690122416,2728.4381996931897,False,-0.12696777729312408,-0.1346512677218687,-0.47874551584077824,0.18017928683875717,-2.657050786693415,0.007882756683065439,0.6195601328719675,0.43522292058374756,0.8819727548573972,2919.7509991268066,False,-0.11671555699365341,-0.1175636921277291,145,0.19322922766503173,True,False,0.22777120451251684,True,False,0.165258659117039,True,False,2728.4381996931897,5.524710324242733,-191.31279943361687,0.06580294993552793,0.6058286739485613,0.10861643359771878,medium,-10.386843396021199,-11.317044393981446,-0.20773686792042398,-0.22634088787962892,-12.696777729312409,-13.465126772186869,-0.25393555458624817,-0.2693025354437374,-11.67155569936534,-11.75636921277291,-0.23343111398730682,-0.2351273842554582,-0.010976182834485678,0.9890838356682601,1000.0
5a10b543-d5d4-42a8-9ee8-dada59a2ad7e,"Saheeli, Sublime Artificer",-0.47219751475566907,0.22284025515654055,-2.1189955756600636,0.03409084085825138,0.62363032456121,0.4029412880529106,0.9651897019330802,2735.8135203380775,False,-0.10674216315829044,-0.11617826192105207,-0.3476325036477728,0.2280756523123097,-1.5241982216135501,0.12745920215245438,0.7063584126621328,0.4517344453090783,1.1045033477515533,2735.53758436537,False,-0.07855762407285706,-0.0846146484801042,-0.4880748058722879,0.21956422472318937,-2.222925007421483,0.026220857191496746,0.6138069549606852,0.3991489249151074,0.9439057816283464,2921.886005845945,False,-0.11888571468899144,-0.12017473192150979,97,0.35187797530330484,True,False,0.6762387766458499,False,False,0.3147642255356918,True,False,2735.53758436537,0.27593597270742976,-186.34842148057487,0.09255145770144768,0.647931897394676,0.14284133575395136,low,-10.674216315829044,-11.617826192105207,-0.21348432631658087,-0.23235652384210415,-7.855762407285706,-8.461464848010419,-0.15711524814571412,-0.1692292969602084,-11.888571468899144,-12.017473192150979,-0.23777142937798287,-0.24034946384301958,-0.007114557875034632,0.9929106906789279,1000.0
31b770cc-09e7-4c0b-b2a4-462ab4f7200d,Expressive Iteration,-0.5479836772463903,0.20046502544435932,-2.733562505637611,0.006265323030119098,0.5781143010107995,0.39027833023939773,0.8563533230968686,2732.779572320276,False,-0.12317990453930325,-0.1341905342716747,-0.5214664576489716,0.2103192864685988,-2.479403893027318,0.013160219041245962,0.5936493477104212,0.3930996019577148,0.8965146397551375,2731.6244698189494,False,-0.11670870935627675,-0.12514544598291738,-0.5054953742715886,0.20409661756031142,-2.4767454763046852,0.013258641507863092,0.6032066883288151,0.40432965958398664,0.8999050656313189,2920.6870879645344,False,-0.12291509607535152,-0.12435872544296434,117,0.17490745408630318,True,False,0.4431684263420279,True,False,0.2216660050306898,True,False,2731.6244698189494,1.1551025013268372,-189.06261814558502,0.025092387318015552,0.5916567790166786,0.04241037744842303,medium,-12.317990453930324,-13.419053427167471,-0.2463598090786065,-0.2683810685433494,-11.670870935627676,-12.514544598291739,-0.2334174187125535,-0.25029089196583476,-12.291509607535152,-12.435872544296434,-0.24583019215070304,-0.24871745088592867,-0.006804567586920956,0.9932185310613019,1000.0
18adbda4-8d36-47cd-afbc-c785aaa8ed80,Blightsteel Colossus,-0.6687329276996472,0.2446083330556964,-2.7338926656573848,0.006259044393451113,0.5123573604918059,0.31721824863889636,0.8275377156783853,2732.6734626139923,False,-0.14900411048032583,-0.16185358836260205,-0.5867571373054324,0.2532290747430981,-2.3171001904133637,0.020498274650097407,0.5561278098567446,0.3385491073289829,0.9135399686507528,2732.3701774458236,False,-0.13078891244073837,-0.14019396215351343,-0.5231532397554481,0.24312646990480144,-2.151774095022619,0.031415151084464625,0.5926488346741497,0.3679967689905038,0.9544449050575529,2922.1881384175977,False,-0.12707570375375737,-0.12880459003130995,81,0.17490745408630318,True,False,0.4431684263420279,True,False,0.3240720848713193,True,False,2732.3701774458236,0.3032851681687134,-189.81796097177403,0.08029147418234384,0.5537113350075668,0.1450060150588151,low,-14.900411048032582,-16.185358836260207,-0.29800822096065166,-0.3237071767252041,-13.078891244073837,-14.019396215351343,-0.26157782488147674,-0.28038792430702686,-12.707570375375738,-12.880459003130994,-0.25415140750751475,-0.2576091800626199,-0.006525382896795949,0.9934958611804829,1000.0
85a89077-b384-4fca-9d26-7297962c1541,Kappa Cannoneer,-0.6354788356620779,0.2222179199694755,-2.859710124860178,0.004240284026172197,0.5296817970502217,0.34265678527321214,0.8187866640453354,2731.937983266637,False,-0.14210832648525223,-0.15439552927398836,-0.5140830562434976,0.22772894443615743,-2.2574339749228405,0.023980970772210796,0.5980487203197944,0.3827275933631941,0.9345087160641057,2732.6571808303343,False,-0.11524188500955779,-0.12359753869334228,-0.5265262690960154,0.21955808498456234,-2.398118334531096,0.016479540414442037,0.5906531803585215,0.3840970147727729,0.9082892239452162,2921.0161107535037,False,-0.12797024999030865,-0.12956352449995923,99,0.17490745408630318,True,False,0.4431684263420279,True,False,0.2392585126837511,True,False,2731.937983266637,-0.7191975636974348,-188.3589299231694,0.06836692326957272,0.5727945659095125,0.11935679445739193,low,-14.210832648525223,-15.439552927398836,-0.28421665297050447,-0.3087910585479767,-11.524188500955779,-12.359753869334227,-0.23048377001911557,-0.24719507738668456,-12.797024999030866,-12.956352449995922,-0.2559404999806173,-0.25912704899991845,0.0007762245265319843,1.000776525866754,1000.0
187b6719-e5ed-4615-a00b-3313ceca055b,Currency Converter,-0.528111367838637,0.22558192919352874,-2.3411067088869766,0.01922667096292386,0.5897176783723944,0.37898754051983086,0.917621037641288,2734.7637659579195,False,-0.11902819560209375,-0.12941735076329053,-0.41818565644814737,0.23286643981868724,-1.7958176230707699,0.07252352701312223,0.6582400105775202,0.41702718039974584,1.0389728341202336,2734.6046695960094,False,-0.09424310194291802,-0.1014242051505494,-0.5946155554073826,0.22424372455456104,-2.651648587217012,0.008009986028631991,0.5517746518788157,0.35553440489443283,0.85633137683648,2919.6850071662384,False,-0.14365756617506323,-0.14570970388343157,96,0.26917339348093405,True,False,0.6139906492365879,False,False,0.165258659117039,True,False,2734.6046695960094,0.15909636191008758,-185.08033757022895,0.10646535869870455,0.5999107802762434,0.17746865400498388,low,-11.902819560209375,-12.941735076329053,-0.2380563912041875,-0.25883470152658106,-9.424310194291802,-10.14242051505494,-0.18848620388583603,-0.2028484103010988,-14.365756617506323,-14.570970388343158,-0.28731513235012646,-0.29141940776686315,-0.009288078361396364,0.9907549226033361,1000.0
44afd414-cc69-4888-ba12-7ea87e60b1f7,Craterhoof Behemoth,0.01847940676433764,0.22128770493319422,0.08350851110284907,0.933447210151032,1.0186512076292016,0.6601788506061896,1.5717714704911243,2740.404344551371,False,0.004227830907689042,0.004619736989068368,-0.672691263215162,0.3890398737571784,-1.729106214020176,0.08379008722153539,0.5103332867794024,0.23806550412109131,1.0939848868763267,2734.8189654725747,False,-0.14866930884625054,-0.15655208943388116,-0.6188182971858986,0.3767630806830758,-1.642460020403204,0.10049470503698228,0.5385805037970028,0.257361405376445,1.127088028781731,2924.1852572019193,False,-0.14872561922393496,-0.15002417001735313,91,0.9906419070658801,False,False,0.6193017268848884,False,False,0.505050312493552,False,False,2734.8189654725747,5.58537907879645,-189.36629172934454,0.5083179208497992,0.6891883327352023,0.7375602526996107,low,0.4227830907689042,0.4619736989068368,0.008455661815378084,0.009239473978136736,-14.866930884625054,-15.655208943388116,-0.2973386176925011,-0.3131041788677623,-14.872561922393496,-15.002417001735314,-0.2974512384478699,-0.30004834003470626,0.0006022705351395705,1.000602451936454,1000.0
1fdcc0c3-4029-4fc3-a486-5d7f45c910bd,Everflowing Chalice,-0.7717591729463847,0.21354038956134336,-3.614113351257528,0.00030137719859630425,0.4621992642685327,0.3041305173008367,0.7024226367887259,2726.727059077858,False,-0.17067755135213938,-0.1851752492323373,-0.6704369139197188,0.21790295361522152,-3.076768363147537,0.002092578437264746,0.5114850540199463,0.3336953917079854,0.7839993208978042,2728.0581949778066,False,-0.148733323431736,-0.15835445904171502,-0.63785559063202,0.21120325081509356,-3.0201030910762663,0.0025268866070224908,0.5284243680987804,0.3493035506314997,0.799397292972763,2917.439525943772,False,-0.15368092216087406,-0.15558006260697993,109,0.059069930924875634,True,False,0.22777120451251684,True,False,0.09004904999571058,True,False,2726.727059077858,-1.3311358999485492,-189.3813309659654,0.06622510383024766,0.5007028954624198,0.13226427174759203,medium,-17.06775513521394,-18.51752492323373,-0.34135510270427877,-0.3703504984646746,-14.873332343173601,-15.835445904171502,-0.297466646863472,-0.31670891808343005,-15.368092216087406,-15.558006260697994,-0.3073618443217481,-0.31116012521395986,-0.012032936287118117,0.9880391699842261,1000.0
6be9b1d5-9ab8-4adb-ba54-2c0117e842fa,Mox Opal,-0.7870051628657934,0.2445646219998806,-3.217984500089214,0.0012909479386429919,0.45520602383993963,0.2818580166238916,0.7351663316948331,2729.5050108643636,False,-0.17368926246731017,-0.18821914053971567,-0.6747073687686492,0.25074713676718613,-2.690787928697674,0.007128349277497626,0.5093054374802938,0.31155737857573834,0.832565833724706,2730.3381126655377,False,-0.14953967077512273,-0.15951979875444094,-0.6868282971007792,0.24379533041092283,-2.8172331928717163,0.004843934184471344,0.503169444860065,0.3120265044232502,0.8114037963177612,2918.6342334048204,False,-0.16451899466615544,-0.16697215743579474,82,0.16868386398268428,True,False,0.4431684263420279,True,False,0.12658814668751778,True,False,2729.5050108643636,-0.8331018011740525,-188.29612073928274,0.054099413640354144,0.48922696872676613,0.11058142150493085,low,-17.368926246731018,-18.821914053971568,-0.34737852493462035,-0.37643828107943134,-14.953967077512273,-15.951979875444094,-0.29907934155024546,-0.3190395975088819,-16.451899466615544,-16.697215743579473,-0.3290379893323109,-0.3339443148715895,-0.00317568728001216,0.9968293498812776,1000.0
97d08a15-e61c-4421-a541-c68a4f87cb74,Forensic Gadgeteer,-0.6606122841008185,0.2516854640758741,-2.6247534259732523,0.008671173662524156,0.5165349714990018,0.31539930951561646,0.8459383667999568,2733.1723701158885,False,-0.14754718241679457,-0.15998872851250145,-0.5632533291613606,0.25589151422169054,-2.201141100260904,0.02772603644723818,0.5693537523500709,0.3447965668975302,0.9401592893801747,2732.8533156110434,False,-0.12592578092381276,-0.13431401460563114,-0.753877451077665,0.24821310185971843,-3.0372186054212835,0.002387722239356979,0.4705385208843965,0.2892756813872038,0.765382345914231,2917.184989626008,False,-0.17932015390300698,-0.18172729882821304,79,0.17490745408630318,True,False,0.4431684263420279,True,False,0.09004904999571058,True,False,2732.8533156110434,0.31905450484509856,-184.3316740149644,0.09881523146567439,0.5188090815778231,0.19046550065228912,low,-14.754718241679457,-15.998872851250145,-0.29509436483358914,-0.3199774570250029,-12.592578092381276,-13.431401460563114,-0.2518515618476255,-0.2686280292112623,-17.9320153903007,-18.172729882821304,-0.35864030780601397,-0.36345459765642607,-0.007856152120712324,0.9921746267883553,1000.0
553fb946-2706-475b-89f9-e4355ec9ea2b,March of Otherworldly Light,-0.23484696795288712,0.24778578331828624,-0.9477822529116655,0.3432403170777558,0.7906918415618275,0.4865054848802519,1.2850699688746958,2739.497536094016,False,-0.053650806413602245,-0.058471731069038246,-0.33569973048464646,0.2549476645930795,-1.3167397748885241,0.1879258662753157,0.7148377175687721,0.43370220105638974,1.1782115959160018,2736.126656047387,False,-0.07593345501003929,-0.08138756561017646,-0.7714302743642307,0.2426097043772092,-3.179717300857892,0.001474187930960899,0.4623513059529999,0.28738132259406074,0.7438504638605294,2916.2989439697144,False,-0.18302688489738747,-0.18408014942338108,82,0.7585104857443724,False,False,0.7432460548763574,False,False,0.09004904999571058,True,False,2736.126656047387,3.3708800466292814,-180.17228792232754,0.3283405356088276,0.6559602883611998,0.5005494104363056,low,-5.365080641360224,-5.847173106903824,-0.10730161282720449,-0.11694346213807649,-7.593345501003928,-8.138756561017646,-0.15186691002007857,-0.16277513122035292,-18.302688489738745,-18.40801494233811,-0.36605376979477494,-0.36816029884676216,-0.005902879130107591,0.9941145086314637,1000.0
b50e1800-a45c-43bd-8886-8a06145d9346,Recurring Nightmare,-0.6198622819287937,0.24040475232297817,-2.578411100193324,0.009925583569602119,0.5380185273666693,0.3358617720132672,0.8618543695957309,2733.440204315196,False,-0.1390194273048245,-0.15072705148055054,-0.5494912265128598,0.24955113243534666,-2.201918385023643,0.027671074069306783,0.5772434218319464,0.3539458137433555,0.9414151972139542,2732.871667854282,False,-0.12307048530516423,-0.13179204733471983,-0.8097839185736666,0.23877226363454276,-3.391448848569347,0.000695241393620554,0.4449542021746292,0.2786559101370043,0.7104971932428049,2914.7443950275147,False,-0.1916646694856279,-0.1954164091976106,91,0.17490745408630318,True,False,0.4431684263420279,True,False,0.09004904999571058,True,False,2732.871667854282,0.5685364609139469,-181.87272717323276,0.13228921965731721,0.5200720504577484,0.2543671007524459,low,-13.90194273048245,-15.072705148055054,-0.278038854609649,-0.3014541029611011,-12.307048530516424,-13.179204733471984,-0.24614097061032847,-0.26358409466943966,-19.166466948562793,-19.54164091976106,-0.3833293389712558,-0.3908328183952212,-0.016479007218038907,0.9836560288504652,1000.0
bf4b9a8a-b42a-46fb-b0d0-9cf800f63c8a,"Emry, Lurker of the Loch",-0.9631311617181554,0.24989565430737248,-3.8541332957054983,0.00011614031157467536,0.381695861445071,0.23388478792671666,0.6229209344300946,2724.2389801048816,False,-0.20912287631910478,-0.225557998476432,-0.8530540845328333,0.25463478546209656,-3.350108206876605,0.0008077999715309897,0.42611156193015837,0.2586865287426976,0.7018960905813488,2725.82565330268,False,-0.18641676206460808,-0.1970982707796593,-0.9155588606970195,0.24781161113386005,-3.6945761197705274,0.00022025390613502157,0.4002928556240774,0.2462840785339452,0.6506079126897091,2912.1128862534306,False,-0.21399440743320278,-0.2175088698612414,85,0.045527002137272746,True,True,0.22777120451251684,True,False,0.08633953120492846,True,False,2724.2389801048816,-1.5866731977985182,-186.28723295075042,0.04441570048508736,0.4027000929997689,0.11029473610057709,low,-20.912287631910477,-22.5557998476432,-0.41824575263820957,-0.451115996952864,-18.641676206460808,-19.70982707796593,-0.37283352412921617,-0.3941965415593186,-21.399440743320277,-21.75088698612414,-0.42798881486640555,-0.4350177397224828,-0.01001336049519251,0.9900366062814868,1000.0
c4fffacd-81c7-44b8-9b59-2c7210022c14,Augur of Autumn,-0.6828463787797049,0.2560394149439369,-2.666958049912834,0.007654122515982202,0.5051770188363375,0.3058429230871574,0.8344277440993549,2732.8509967005675,False,-0.1523844917267906,-0.16501314102380843,-0.7908050645856439,0.27115971786738485,-2.916381056910526,0.003541177145779172,0.45347956794581856,0.26652743059644946,0.7715668067790458,2728.8663007035893,False,-0.17374657267466254,-0.18082510671801078,-0.9211062805689493,0.2647499746705723,-3.4791553114030673,0.0005029969802912913,0.3980784109882019,0.23692391315705807,0.6688494174492364,2913.9566624423123,False,-0.2148235103157091,-0.21500148309579314,78,0.17490745408630318,True,False,0.2776282882290871,True,False,0.09004904999571058,True,False,2728.8663007035893,3.984695996978189,-185.090361738723,0.10709860784813557,0.452244999256786,0.23681546069970952,low,-15.238449172679061,-16.501314102380842,-0.3047689834535812,-0.33002628204761686,-17.374657267466254,-18.082510671801078,-0.34749314534932507,-0.36165021343602155,-21.48235103157091,-21.500148309579316,-0.4296470206314182,-0.4300029661915863,-0.017714505503491018,0.9824414739580865,1000.0
